[warning] Phoenix is unable to create symlinks. Phoenix' code reloader will run considerably faster if symlinks are allowed. On Windows, the lack of symlinks may even cause empty assets to be served. Luckily, you can address this issue by starting your Windows terminal at least once with "Run as Administrator" and then running your Phoenix application.
[info] Running TempmailWeb.Endpoint with Bandit 1.11.1 at 127.0.0.1:4001 (http)
[info] Access TempmailWeb.Endpoint at http://localhost:4001
[watch] build finished, watching for changes...

Rebuilding...

Done in 204ms.
[info] GET /
[debug] Processing with TempmailWeb.HomeLive.index/2
  Parameters: %{}
  Pipelines: [:browser]
[debug] QUERY OK source="domains" db=4.4ms queue=0.9ms idle=257.5ms
SELECT d0."id", d0."domain", d0."is_active", d0."is_default", d0."mailcow_id", d0."description", d0."inserted_at", d0."updated_at" FROM "domains" AS d0 WHERE (d0."is_active" = TRUE) ORDER BY d0."is_default" DESC, d0."domain" []
[90m↳ TempmailWeb.HomeLive.mount/3, at: lib/tempmail_web/live/home_live.ex:15[0m
[info] Sent 200 in 94ms
[info] GET /
[debug] Processing with TempmailWeb.HomeLive.index/2
  Parameters: %{}
  Pipelines: [:browser]
[debug] QUERY OK source="domains" db=1.9ms idle=399.0ms
SELECT d0."id", d0."domain", d0."is_active", d0."is_default", d0."mailcow_id", d0."description", d0."inserted_at", d0."updated_at" FROM "domains" AS d0 WHERE (d0."is_active" = TRUE) ORDER BY d0."is_default" DESC, d0."domain" []
[90m↳ TempmailWeb.HomeLive.mount/3, at: lib/tempmail_web/live/home_live.ex:15[0m
[info] Sent 200 in 2ms
[info] CONNECTED TO Phoenix.LiveView.Socket in 0µs
  Transport: :websocket
  Serializer: Phoenix.Socket.V2.JSONSerializer
  Parameters: %{"_csrf_token" => "DA47CENEGgUVCiEcV1x4HSZmexYAdlIjMWscs-LrRmPic1OHAKHbb44z", "_live_referer" => "undefined", "_mount_attempts" => "0", "_mounts" => "0", "_track_static" => %{"0" => "http://127.0.0.1:4001/assets/app.css", "1" => "http://127.0.0.1:4001/assets/app.js"}, "vsn" => "2.0.0"}
[debug] MOUNT TempmailWeb.HomeLive
  Parameters: %{}
  Session: %{"_csrf_token" => "AYHk0iVwGgqu4m7Ug-3tbBfY"}
[debug] QUERY OK source="domains" db=1.7ms idle=830.1ms
SELECT d0."id", d0."domain", d0."is_active", d0."is_default", d0."mailcow_id", d0."description", d0."inserted_at", d0."updated_at" FROM "domains" AS d0 WHERE (d0."is_active" = TRUE) ORDER BY d0."is_default" DESC, d0."domain" []
[90m↳ TempmailWeb.HomeLive.mount/3, at: lib/tempmail_web/live/home_live.ex:15[0m
[debug] Replied in 2ms
[info] GET /
[debug] Processing with TempmailWeb.HomeLive.index/2
  Parameters: %{}
  Pipelines: [:browser]
[debug] QUERY OK source="domains" db=1.4ms queue=0.1ms idle=942.5ms
SELECT d0."id", d0."domain", d0."is_active", d0."is_default", d0."mailcow_id", d0."description", d0."inserted_at", d0."updated_at" FROM "domains" AS d0 WHERE (d0."is_active" = TRUE) ORDER BY d0."is_default" DESC, d0."domain" []
[90m↳ TempmailWeb.HomeLive.mount/3, at: lib/tempmail_web/live/home_live.ex:15[0m
[info] Sent 200 in 2ms
[info] CONNECTED TO Phoenix.LiveView.Socket in 0µs
  Transport: :websocket
  Serializer: Phoenix.Socket.V2.JSONSerializer
  Parameters: %{"_csrf_token" => "EgIEFAJGRDFDFzJNXBtMLUA7BhUFCDNJDPTf4svasqs99n6T7w4t6GDz", "_live_referer" => "undefined", "_mount_attempts" => "0", "_mounts" => "0", "_track_static" => %{"0" => "http://localhost:4001/assets/app.css", "1" => "http://localhost:4001/assets/app.js"}, "vsn" => "2.0.0"}
[debug] MOUNT TempmailWeb.HomeLive
  Parameters: %{}
  Session: %{"_csrf_token" => "VRPr652P0fAteuzywL2a3Ow3"}
[debug] QUERY OK source="domains" db=1.8ms idle=1431.6ms
SELECT d0."id", d0."domain", d0."is_active", d0."is_default", d0."mailcow_id", d0."description", d0."inserted_at", d0."updated_at" FROM "domains" AS d0 WHERE (d0."is_active" = TRUE) ORDER BY d0."is_default" DESC, d0."domain" []
[90m↳ TempmailWeb.HomeLive.mount/3, at: lib/tempmail_web/live/home_live.ex:15[0m
[debug] Replied in 1ms
[debug] HANDLE EVENT "generate" in TempmailWeb.HomeLive
  Parameters: %{"domain" => "tempmail.com"}
[debug] Replied in 204µs
[debug] HANDLE EVENT "generate" in TempmailWeb.HomeLive
  Parameters: %{"domain" => ""}
[debug] QUERY OK source="domains" db=1.8ms queue=0.1ms idle=1056.6ms
SELECT d0."id", d0."domain", d0."is_active", d0."is_default", d0."mailcow_id", d0."description", d0."inserted_at", d0."updated_at" FROM "domains" AS d0 WHERE (d0."is_active" = TRUE) ORDER BY d0."is_default" DESC, d0."domain" []
[90m↳ Tempmail.Mail.choose_domain/1, at: lib/tempmail/mail.ex:64[0m
[debug] Replied in 2ms

Rebuilding...
[debug] Live reload: priv/static/assets/app.css
[debug] Live reload: priv/static/assets/app.css

[debug] Live reload: priv/static/assets/app.css
Done in 149ms.
[debug] Live reload: priv/static/assets/app.css
[debug] MOUNT TempmailWeb.HomeLive
  Parameters: %{}
  Session: %{"_csrf_token" => "VRPr652P0fAteuzywL2a3Ow3"}
[debug] QUERY OK source="domains" db=0.4ms idle=1136.9ms
SELECT d0."id", d0."domain", d0."is_active", d0."is_default", d0."mailcow_id", d0."description", d0."inserted_at", d0."updated_at" FROM "domains" AS d0 WHERE (d0."is_active" = TRUE) ORDER BY d0."is_default" DESC, d0."domain" []
[90m↳ TempmailWeb.HomeLive.mount/3, at: lib/tempmail_web/live/home_live.ex:15[0m
[debug] Replied in 819µs
[info] GET /
[debug] Processing with TempmailWeb.HomeLive.index/2
  Parameters: %{}
  Pipelines: [:browser]
[debug] QUERY OK source="domains" db=0.3ms idle=1212.6ms
SELECT d0."id", d0."domain", d0."is_active", d0."is_default", d0."mailcow_id", d0."description", d0."inserted_at", d0."updated_at" FROM "domains" AS d0 WHERE (d0."is_active" = TRUE) ORDER BY d0."is_default" DESC, d0."domain" []
[90m↳ TempmailWeb.HomeLive.mount/3, at: lib/tempmail_web/live/home_live.ex:15[0m
[info] Sent 200 in 1ms
[info] CONNECTED TO Phoenix.LiveView.Socket in 0µs
  Transport: :websocket
  Serializer: Phoenix.Socket.V2.JSONSerializer
  Parameters: %{"_csrf_token" => "NxwdRQdAcwlpEgsZByEjIRoBBxF_Lg1GaNM71uAYYtJmbTYXmM5pLazu", "_live_referer" => "undefined", "_mount_attempts" => "0", "_mounts" => "0", "_track_static" => %{"0" => "http://localhost:4001/assets/app.css", "1" => "http://localhost:4001/assets/app.js"}, "vsn" => "2.0.0"}
[debug] MOUNT TempmailWeb.HomeLive
  Parameters: %{}
  Session: %{"_csrf_token" => "VRPr652P0fAteuzywL2a3Ow3"}
[debug] QUERY OK source="domains" db=0.3ms idle=1686.4ms
SELECT d0."id", d0."domain", d0."is_active", d0."is_default", d0."mailcow_id", d0."description", d0."inserted_at", d0."updated_at" FROM "domains" AS d0 WHERE (d0."is_active" = TRUE) ORDER BY d0."is_default" DESC, d0."domain" []
[90m↳ TempmailWeb.HomeLive.mount/3, at: lib/tempmail_web/live/home_live.ex:15[0m
[debug] Replied in 512µs
[info] GET /users/log_in
[debug] Processing with TempmailWeb.UserLoginLive.new/2
  Parameters: %{}
  Pipelines: [:browser, :redirect_if_user_is_authenticated]
[info] Sent 200 in 4ms
[info] CONNECTED TO Phoenix.LiveView.Socket in 0µs
  Transport: :websocket
  Serializer: Phoenix.Socket.V2.JSONSerializer
  Parameters: %{"_csrf_token" => "JmscEHdwQAkFDyQwLzAsSDwZBSl9dgJhp9LbAErY5ieDJEV1KU7HN9uR", "_live_referer" => "undefined", "_mount_attempts" => "0", "_mounts" => "0", "_track_static" => %{"0" => "http://localhost:4001/assets/app.css", "1" => "http://localhost:4001/assets/app.js"}, "vsn" => "2.0.0"}
[debug] MOUNT TempmailWeb.UserLoginLive
  Parameters: %{}
  Session: %{"_csrf_token" => "VRPr652P0fAteuzywL2a3Ow3"}
[debug] Replied in 102µs
[info] GET /users/register
[debug] Processing with TempmailWeb.UserRegistrationLive.new/2
  Parameters: %{}
  Pipelines: [:browser, :redirect_if_user_is_authenticated]
[info] Sent 200 in 13ms
[info] CONNECTED TO Phoenix.LiveView.Socket in 102µs
  Transport: :websocket
  Serializer: Phoenix.Socket.V2.JSONSerializer
  Parameters: %{"_csrf_token" => "JhwCAX1cQzJdCwZAFwQMIUUNYjceCTtCpNRsKiqbmmG4rqvX2APV-FLq", "_live_referer" => "undefined", "_mount_attempts" => "0", "_mounts" => "0", "_track_static" => %{"0" => "http://localhost:4001/assets/app.css", "1" => "http://localhost:4001/assets/app.js"}, "vsn" => "2.0.0"}
[debug] MOUNT TempmailWeb.UserRegistrationLive
  Parameters: %{}
  Session: %{"_csrf_token" => "VRPr652P0fAteuzywL2a3Ow3"}
[debug] Replied in 102µs
[warning] navigate event to "http://localhost:4001/" failed because you are redirecting across live_sessions. A full page reload will be performed instead
[info] GET /
[debug] Processing with TempmailWeb.HomeLive.index/2
  Parameters: %{}
  Pipelines: [:browser]
[debug] QUERY OK source="domains" db=1.3ms idle=1451.7ms
SELECT d0."id", d0."domain", d0."is_active", d0."is_default", d0."mailcow_id", d0."description", d0."inserted_at", d0."updated_at" FROM "domains" AS d0 WHERE (d0."is_active" = TRUE) ORDER BY d0."is_default" DESC, d0."domain" []
[90m↳ TempmailWeb.HomeLive.mount/3, at: lib/tempmail_web/live/home_live.ex:15[0m
[info] Sent 200 in 2ms
[info] CONNECTED TO Phoenix.LiveView.Socket in 0µs
  Transport: :websocket
  Serializer: Phoenix.Socket.V2.JSONSerializer
  Parameters: %{"_csrf_token" => "JmMRSnRfWSIEECgnI0MYMx8gVBRgKyRcp1A8Bjkr4viSF6bJhlfuSdSo", "_live_referer" => "undefined", "_mount_attempts" => "0", "_mounts" => "0", "_track_static" => %{"0" => "http://localhost:4001/assets/app.css", "1" => "http://localhost:4001/assets/app.js"}, "vsn" => "2.0.0"}
[debug] MOUNT TempmailWeb.HomeLive
  Parameters: %{}
  Session: %{"_csrf_token" => "VRPr652P0fAteuzywL2a3Ow3"}
[debug] QUERY OK source="domains" db=1.6ms idle=1932.9ms
SELECT d0."id", d0."domain", d0."is_active", d0."is_default", d0."mailcow_id", d0."description", d0."inserted_at", d0."updated_at" FROM "domains" AS d0 WHERE (d0."is_active" = TRUE) ORDER BY d0."is_default" DESC, d0."domain" []
[90m↳ TempmailWeb.HomeLive.mount/3, at: lib/tempmail_web/live/home_live.ex:15[0m
[debug] Replied in 1ms
[info] GET /
[debug] Processing with TempmailWeb.HomeLive.index/2
  Parameters: %{}
  Pipelines: [:browser]
[debug] QUERY OK source="domains" db=0.2ms idle=1673.3ms
SELECT d0."id", d0."domain", d0."is_active", d0."is_default", d0."mailcow_id", d0."description", d0."inserted_at", d0."updated_at" FROM "domains" AS d0 WHERE (d0."is_active" = TRUE) ORDER BY d0."is_default" DESC, d0."domain" []
[90m↳ TempmailWeb.HomeLive.mount/3, at: lib/tempmail_web/live/home_live.ex:15[0m
[info] Sent 200 in 921µs
[info] CONNECTED TO Phoenix.LiveView.Socket in 102µs
  Transport: :websocket
  Serializer: Phoenix.Socket.V2.JSONSerializer
  Parameters: %{"_csrf_token" => "CQJhN315WWVANQktPUAqFjsEaxliKz5X_P1EKLk5pSHYX5PoLHYxQdId", "_live_referer" => "undefined", "_mount_attempts" => "0", "_mounts" => "0", "_track_static" => %{"0" => "http://localhost:4001/assets/app.css", "1" => "http://localhost:4001/assets/app.js"}, "vsn" => "2.0.0"}
[debug] MOUNT TempmailWeb.HomeLive
  Parameters: %{}
  Session: %{"_csrf_token" => "VRPr652P0fAteuzywL2a3Ow3"}
[debug] QUERY OK source="domains" db=0.2ms queue=0.1ms idle=1147.9ms
SELECT d0."id", d0."domain", d0."is_active", d0."is_default", d0."mailcow_id", d0."description", d0."inserted_at", d0."updated_at" FROM "domains" AS d0 WHERE (d0."is_active" = TRUE) ORDER BY d0."is_default" DESC, d0."domain" []
[90m↳ TempmailWeb.HomeLive.mount/3, at: lib/tempmail_web/live/home_live.ex:15[0m
[debug] Replied in 512µs
[debug] Live reload: lib/tempmail_web/components/layouts/app.html.heex
[debug] Live reload: lib/tempmail_web/components/layouts/app.html.heex
[debug] Live reload: lib/tempmail_web/components/layouts/app.html.heex
[debug] Live reload: lib/tempmail_web/components/layouts/app.html.heex
[debug] Live reload: lib/tempmail_web/components/layouts/app.html.heex
[debug] Live reload: lib/tempmail_web/components/layouts/app.html.heex

Rebuilding...
[debug] Live reload: priv/static/assets/app.css
[debug] Live reload: priv/static/assets/app.css

[debug] Live reload: priv/static/assets/app.css
Done in 58ms.
[debug] Live reload: priv/static/assets/app.css

Rebuilding...

Done in 26ms.
[debug] Live reload: lib/tempmail_web/components/layouts.ex
[debug] Live reload: lib/tempmail_web/components/layouts.ex
Compiling 1 file (.ex)

Rebuilding...

Done in 29ms.
Generated tempmail app
[info] GET /
[debug] Processing with TempmailWeb.HomeLive.index/2
  Parameters: %{}
  Pipelines: [:browser]
[debug] QUERY OK source="domains" db=0.2ms idle=1275.8ms
SELECT d0."id", d0."domain", d0."is_active", d0."is_default", d0."mailcow_id", d0."description", d0."inserted_at", d0."updated_at" FROM "domains" AS d0 WHERE (d0."is_active" = TRUE) ORDER BY d0."is_default" DESC, d0."domain" []
[90m↳ TempmailWeb.HomeLive.mount/3, at: lib/tempmail_web/live/home_live.ex:15[0m
[info] Sent 200 in 3ms
[debug] Live reload: lib/tempmail_web/components/layouts.ex
[info] GET /
[debug] Processing with TempmailWeb.HomeLive.index/2
  Parameters: %{}
  Pipelines: [:browser]
[debug] QUERY OK source="domains" db=0.4ms queue=0.1ms idle=348.6ms
SELECT d0."id", d0."domain", d0."is_active", d0."is_default", d0."mailcow_id", d0."description", d0."inserted_at", d0."updated_at" FROM "domains" AS d0 WHERE (d0."is_active" = TRUE) ORDER BY d0."is_default" DESC, d0."domain" []
[90m↳ TempmailWeb.HomeLive.mount/3, at: lib/tempmail_web/live/home_live.ex:15[0m
[info] Sent 200 in 1ms

Rebuilding...

Done in 30ms.
[info] CONNECTED TO Phoenix.LiveView.Socket in 0µs
  Transport: :websocket
  Serializer: Phoenix.Socket.V2.JSONSerializer
  Parameters: %{"_csrf_token" => "NTx8DVgBGj11CAMfYCAOYxRHAyU7ETMTte4fhhLJ2orjTM96sj0QYSUJ", "_live_referer" => "undefined", "_mount_attempts" => "0", "_mounts" => "0", "_track_static" => %{"0" => "http://127.0.0.1:4001/assets/app.css", "1" => "http://127.0.0.1:4001/assets/app.js"}, "vsn" => "2.0.0"}
[debug] MOUNT TempmailWeb.HomeLive
  Parameters: %{}
  Session: %{"_csrf_token" => "AYHk0iVwGgqu4m7Ug-3tbBfY"}
[debug] QUERY OK source="domains" db=0.2ms queue=0.1ms idle=509.3ms
SELECT d0."id", d0."domain", d0."is_active", d0."is_default", d0."mailcow_id", d0."description", d0."inserted_at", d0."updated_at" FROM "domains" AS d0 WHERE (d0."is_active" = TRUE) ORDER BY d0."is_default" DESC, d0."domain" []
[90m↳ TempmailWeb.HomeLive.mount/3, at: lib/tempmail_web/live/home_live.ex:15[0m
[debug] Replied in 512µs
[info] CONNECTED TO Phoenix.LiveView.Socket in 0µs
  Transport: :websocket
  Serializer: Phoenix.Socket.V2.JSONSerializer
  Parameters: %{"_csrf_token" => "PiQ9Cm54RSpbEAw7EAIlTzUodwRHIAYChvmxXMwzkvMOuw_6BdEetoq1", "_live_referer" => "undefined", "_mount_attempts" => "0", "_mounts" => "0", "_track_static" => %{"0" => "http://localhost:4001/assets/app.css", "1" => "http://localhost:4001/assets/app.js"}, "vsn" => "2.0.0"}
[debug] MOUNT TempmailWeb.HomeLive
  Parameters: %{}
  Session: %{"_csrf_token" => "VRPr652P0fAteuzywL2a3Ow3"}
[debug] QUERY OK source="domains" db=0.3ms idle=829.3ms
SELECT d0."id", d0."domain", d0."is_active", d0."is_default", d0."mailcow_id", d0."description", d0."inserted_at", d0."updated_at" FROM "domains" AS d0 WHERE (d0."is_active" = TRUE) ORDER BY d0."is_default" DESC, d0."domain" []
[90m↳ TempmailWeb.HomeLive.mount/3, at: lib/tempmail_web/live/home_live.ex:15[0m
[debug] Replied in 512µs
[info] GET /
[debug] Processing with TempmailWeb.HomeLive.index/2
  Parameters: %{}
  Pipelines: [:browser]
[debug] QUERY OK source="domains" db=1.5ms queue=0.1ms idle=1776.5ms
SELECT d0."id", d0."domain", d0."is_active", d0."is_default", d0."mailcow_id", d0."description", d0."inserted_at", d0."updated_at" FROM "domains" AS d0 WHERE (d0."is_active" = TRUE) ORDER BY d0."is_default" DESC, d0."domain" []
[90m↳ TempmailWeb.HomeLive.mount/3, at: lib/tempmail_web/live/home_live.ex:15[0m
[info] Sent 200 in 2ms
[info] CONNECTED TO Phoenix.LiveView.Socket in 0µs
  Transport: :websocket
  Serializer: Phoenix.Socket.V2.JSONSerializer
  Parameters: %{"_csrf_token" => "JB4HCl4YZhFYAx4dNiYNAU9_ayUDKQZErLWxh-TAhe_iSSwx83YD0fqw", "_live_referer" => "undefined", "_mount_attempts" => "0", "_mounts" => "0", "_track_static" => %{"0" => "http://localhost:4001/assets/app.css", "1" => "http://localhost:4001/assets/app.js"}, "vsn" => "2.0.0"}
[debug] MOUNT TempmailWeb.HomeLive
  Parameters: %{}
  Session: %{"_csrf_token" => "VRPr652P0fAteuzywL2a3Ow3"}
[debug] QUERY OK source="domains" db=1.7ms idle=488.6ms
SELECT d0."id", d0."domain", d0."is_active", d0."is_default", d0."mailcow_id", d0."description", d0."inserted_at", d0."updated_at" FROM "domains" AS d0 WHERE (d0."is_active" = TRUE) ORDER BY d0."is_default" DESC, d0."domain" []
[90m↳ TempmailWeb.HomeLive.mount/3, at: lib/tempmail_web/live/home_live.ex:15[0m
[debug] Replied in 1ms
[info] GET /
[debug] Processing with TempmailWeb.HomeLive.index/2
  Parameters: %{}
  Pipelines: [:browser]
[debug] QUERY OK source="domains" db=0.3ms idle=1731.1ms
SELECT d0."id", d0."domain", d0."is_active", d0."is_default", d0."mailcow_id", d0."description", d0."inserted_at", d0."updated_at" FROM "domains" AS d0 WHERE (d0."is_active" = TRUE) ORDER BY d0."is_default" DESC, d0."domain" []
[90m↳ TempmailWeb.HomeLive.mount/3, at: lib/tempmail_web/live/home_live.ex:15[0m
[info] Sent 200 in 1ms
[info] CONNECTED TO Phoenix.LiveView.Socket in 0µs
  Transport: :websocket
  Serializer: Phoenix.Socket.V2.JSONSerializer
  Parameters: %{"_csrf_token" => "GjNiHV5_VWZmHyYmDS8RLAY2BQxiBiNLLa2ohJg6VygRhZkUqz7mQITx", "_live_referer" => "undefined", "_mount_attempts" => "0", "_mounts" => "0", "_track_static" => %{"0" => "http://localhost:4001/assets/app.css", "1" => "http://localhost:4001/assets/app.js"}, "vsn" => "2.0.0"}
[debug] MOUNT TempmailWeb.HomeLive
  Parameters: %{}
  Session: %{"_csrf_token" => "VRPr652P0fAteuzywL2a3Ow3"}
[debug] QUERY OK source="domains" db=0.3ms idle=1193.3ms
SELECT d0."id", d0."domain", d0."is_active", d0."is_default", d0."mailcow_id", d0."description", d0."inserted_at", d0."updated_at" FROM "domains" AS d0 WHERE (d0."is_active" = TRUE) ORDER BY d0."is_default" DESC, d0."domain" []
[90m↳ TempmailWeb.HomeLive.mount/3, at: lib/tempmail_web/live/home_live.ex:15[0m
[debug] Replied in 512µs
[debug] MOUNT TempmailWeb.BlogLive
  Parameters: %{}
  Session: %{"_csrf_token" => "VRPr652P0fAteuzywL2a3Ow3"}
[debug] QUERY OK source="blog_posts" db=1.2ms queue=0.7ms idle=1647.8ms
SELECT b0."id", b0."author_id", b0."slug", b0."status", b0."featured_image", b0."published_at", b0."view_count", b0."inserted_at", b0."updated_at" FROM "blog_posts" AS b0 WHERE (b0."status" = 'PUBLISHED') ORDER BY b0."published_at" DESC []
[90m↳ TempmailWeb.BlogLive.mount/3, at: lib/tempmail_web/live/blog_live.ex:14[0m
[debug] Replied in 10ms
[debug] Live reload: lib/tempmail_web/live/home_live.html.heex
[debug] Live reload: lib/tempmail_web/live/home_live.html.heex
[debug] Live reload: lib/tempmail_web/live/home_live.html.heex
[debug] Live reload: lib/tempmail_web/live/home_live.html.heex
[debug] Live reload: lib/tempmail_web/live/home_live.html.heex
[debug] Live reload: lib/tempmail_web/live/home_live.html.heex

Rebuilding...
[debug] Live reload: priv/static/assets/app.css
[debug] Live reload: priv/static/assets/app.css

Done in 95ms.
[debug] Live reload: priv/static/assets/app.css
[debug] Live reload: priv/static/assets/app.css

Rebuilding...
[debug] Live reload: lib/tempmail_web/live/home_live.ex
[debug] Live reload: lib/tempmail_web/live/home_live.ex

Done in 62ms.
Compiling 1 file (.ex)

Rebuilding...

Done in 34ms.
Generated tempmail app
[info] GET /
[debug] Processing with TempmailWeb.HomeLive.index/2
  Parameters: %{}
  Pipelines: [:browser]
[debug] QUERY OK source="domains" db=0.3ms idle=1190.2ms
SELECT d0."id", d0."domain", d0."is_active", d0."is_default", d0."mailcow_id", d0."description", d0."inserted_at", d0."updated_at" FROM "domains" AS d0 WHERE (d0."is_active" = TRUE) ORDER BY d0."is_default" DESC, d0."domain" []
[90m↳ TempmailWeb.HomeLive.mount/3, at: lib/tempmail_web/live/home_live.ex:15[0m
[info] Sent 200 in 3ms
[debug] Live reload: lib/tempmail_web/live/home_live.ex
[info] GET /blog
[debug] Processing with TempmailWeb.BlogLive.index/2
  Parameters: %{}
  Pipelines: [:browser]
[debug] QUERY OK source="blog_posts" db=1.4ms idle=254.8ms
SELECT b0."id", b0."author_id", b0."slug", b0."status", b0."featured_image", b0."published_at", b0."view_count", b0."inserted_at", b0."updated_at" FROM "blog_posts" AS b0 WHERE (b0."status" = 'PUBLISHED') ORDER BY b0."published_at" DESC []
[90m↳ TempmailWeb.BlogLive.mount/3, at: lib/tempmail_web/live/blog_live.ex:14[0m
[info] Sent 200 in 2ms

Rebuilding...

Done in 37ms.
[info] CONNECTED TO Phoenix.LiveView.Socket in 0µs
  Transport: :websocket
  Serializer: Phoenix.Socket.V2.JSONSerializer
  Parameters: %{"_csrf_token" => "LCkgCGYKJxg2UjMPTRt9IlRgVQZVADNvmphcVcqoq5BzyvJw3Mfr7BU6", "_live_referer" => "undefined", "_mount_attempts" => "0", "_mounts" => "0", "_track_static" => %{"0" => "http://127.0.0.1:4001/assets/app.css", "1" => "http://127.0.0.1:4001/assets/app.js"}, "vsn" => "2.0.0"}
[debug] MOUNT TempmailWeb.HomeLive
  Parameters: %{}
  Session: %{"_csrf_token" => "AYHk0iVwGgqu4m7Ug-3tbBfY"}
[debug] QUERY OK source="domains" db=0.4ms queue=0.1ms idle=416.1ms
SELECT d0."id", d0."domain", d0."is_active", d0."is_default", d0."mailcow_id", d0."description", d0."inserted_at", d0."updated_at" FROM "domains" AS d0 WHERE (d0."is_active" = TRUE) ORDER BY d0."is_default" DESC, d0."domain" []
[90m↳ TempmailWeb.HomeLive.mount/3, at: lib/tempmail_web/live/home_live.ex:15[0m
[debug] Replied in 716µs
[info] CONNECTED TO Phoenix.LiveView.Socket in 0µs
  Transport: :websocket
  Serializer: Phoenix.Socket.V2.JSONSerializer
  Parameters: %{"_csrf_token" => "D2U5KmNnRjMEAzQACxc0Fi8qcAJqIh98Y7iXURtc4eutnbNoXfBcYmhO", "_live_referer" => "undefined", "_mount_attempts" => "0", "_mounts" => "0", "_track_static" => %{"0" => "http://localhost:4001/assets/app.css", "1" => "http://localhost:4001/assets/app.js"}, "vsn" => "2.0.0"}
[debug] MOUNT TempmailWeb.BlogLive
  Parameters: %{}
  Session: %{"_csrf_token" => "VRPr652P0fAteuzywL2a3Ow3"}
[debug] QUERY OK source="blog_posts" db=1.5ms idle=751.9ms
SELECT b0."id", b0."author_id", b0."slug", b0."status", b0."featured_image", b0."published_at", b0."view_count", b0."inserted_at", b0."updated_at" FROM "blog_posts" AS b0 WHERE (b0."status" = 'PUBLISHED') ORDER BY b0."published_at" DESC []
[90m↳ TempmailWeb.BlogLive.mount/3, at: lib/tempmail_web/live/blog_live.ex:14[0m
[debug] Replied in 1ms
[warning] navigate event to "http://localhost:4001/users/log_in" failed because you are redirecting across live_sessions. A full page reload will be performed instead
[info] GET /users/log_in
[debug] Processing with TempmailWeb.UserLoginLive.new/2
  Parameters: %{}
  Pipelines: [:browser, :redirect_if_user_is_authenticated]
[info] Sent 200 in 716µs
[info] CONNECTED TO Phoenix.LiveView.Socket in 0µs
  Transport: :websocket
  Serializer: Phoenix.Socket.V2.JSONSerializer
  Parameters: %{"_csrf_token" => "BTFgC2NzYDF5UXUFNzY_ECQbCz54fRNDSc0yUFRaI74qRCEiSW9_K2dp", "_live_referer" => "undefined", "_mount_attempts" => "0", "_mounts" => "0", "_track_static" => %{"0" => "http://localhost:4001/assets/app.css", "1" => "http://localhost:4001/assets/app.js"}, "vsn" => "2.0.0"}
[debug] MOUNT TempmailWeb.UserLoginLive
  Parameters: %{}
  Session: %{"_csrf_token" => "VRPr652P0fAteuzywL2a3Ow3"}
[debug] Replied in 204µs
[warning] navigate event to "http://localhost:4001/" failed because you are redirecting across live_sessions. A full page reload will be performed instead
[info] GET /
[debug] Processing with TempmailWeb.HomeLive.index/2
  Parameters: %{}
  Pipelines: [:browser]
[debug] QUERY OK source="domains" db=0.3ms idle=325.6ms
SELECT d0."id", d0."domain", d0."is_active", d0."is_default", d0."mailcow_id", d0."description", d0."inserted_at", d0."updated_at" FROM "domains" AS d0 WHERE (d0."is_active" = TRUE) ORDER BY d0."is_default" DESC, d0."domain" []
[90m↳ TempmailWeb.HomeLive.mount/3, at: lib/tempmail_web/live/home_live.ex:15[0m
[info] Sent 200 in 1ms
[info] CONNECTED TO Phoenix.LiveView.Socket in 0µs
  Transport: :websocket
  Serializer: Phoenix.Socket.V2.JSONSerializer
  Parameters: %{"_csrf_token" => "YgMaBH9bYx15FCM9AjY5SzI0WQJbewQH4QJvInQMIrbIgCC2Exkch4s4", "_live_referer" => "undefined", "_mount_attempts" => "0", "_mounts" => "0", "_track_static" => %{"0" => "http://localhost:4001/assets/app.css", "1" => "http://localhost:4001/assets/app.js"}, "vsn" => "2.0.0"}
[debug] MOUNT TempmailWeb.HomeLive
  Parameters: %{}
  Session: %{"_csrf_token" => "VRPr652P0fAteuzywL2a3Ow3"}
[debug] QUERY OK source="domains" db=0.4ms idle=841.9ms
SELECT d0."id", d0."domain", d0."is_active", d0."is_default", d0."mailcow_id", d0."description", d0."inserted_at", d0."updated_at" FROM "domains" AS d0 WHERE (d0."is_active" = TRUE) ORDER BY d0."is_default" DESC, d0."domain" []
[90m↳ TempmailWeb.HomeLive.mount/3, at: lib/tempmail_web/live/home_live.ex:15[0m
[debug] Replied in 614µs
[info] GET /
[debug] Processing with TempmailWeb.HomeLive.index/2
  Parameters: %{}
  Pipelines: [:browser]
[debug] QUERY OK source="domains" db=0.3ms idle=231.9ms
SELECT d0."id", d0."domain", d0."is_active", d0."is_default", d0."mailcow_id", d0."description", d0."inserted_at", d0."updated_at" FROM "domains" AS d0 WHERE (d0."is_active" = TRUE) ORDER BY d0."is_default" DESC, d0."domain" []
[90m↳ TempmailWeb.HomeLive.mount/3, at: lib/tempmail_web/live/home_live.ex:15[0m
[info] Sent 200 in 1ms
[info] CONNECTED TO Phoenix.LiveView.Socket in 0µs
  Transport: :websocket
  Serializer: Phoenix.Socket.V2.JSONSerializer
  Parameters: %{"_csrf_token" => "A2MaOFNqCzxZNw4rFUMcARMYYDgBJT14U1JJe_9liQO_p6fxdTRY2jJK", "_live_referer" => "undefined", "_mount_attempts" => "0", "_mounts" => "0", "_track_static" => %{"0" => "http://localhost:4001/assets/app.css", "1" => "http://localhost:4001/assets/app.js"}, "vsn" => "2.0.0"}
[debug] MOUNT TempmailWeb.HomeLive
  Parameters: %{}
  Session: %{"_csrf_token" => "VRPr652P0fAteuzywL2a3Ow3"}
[debug] QUERY OK source="domains" db=0.3ms idle=735.5ms
SELECT d0."id", d0."domain", d0."is_active", d0."is_default", d0."mailcow_id", d0."description", d0."inserted_at", d0."updated_at" FROM "domains" AS d0 WHERE (d0."is_active" = TRUE) ORDER BY d0."is_default" DESC, d0."domain" []
[90m↳ TempmailWeb.HomeLive.mount/3, at: lib/tempmail_web/live/home_live.ex:15[0m
[debug] Replied in 614µs
[debug] Live reload: lib/tempmail_web/live/dashboard_live.html.heex
[debug] Live reload: lib/tempmail_web/live/dashboard_live.html.heex
[debug] Live reload: lib/tempmail_web/live/dashboard_live.html.heex
[debug] Live reload: lib/tempmail_web/live/dashboard_live.html.heex
[debug] Live reload: lib/tempmail_web/live/dashboard_live.html.heex
[debug] Live reload: lib/tempmail_web/live/dashboard_live.html.heex
[debug] Live reload: lib/tempmail_web/live/mailboxes_live.html.heex
[debug] Live reload: lib/tempmail_web/live/mailboxes_live.html.heex
[debug] Live reload: lib/tempmail_web/live/mailboxes_live.html.heex
[debug] Live reload: lib/tempmail_web/live/mailboxes_live.html.heex
[debug] Live reload: lib/tempmail_web/live/mailboxes_live.html.heex
[debug] Live reload: lib/tempmail_web/live/mailboxes_live.html.heex
[debug] Live reload: lib/tempmail_web/live/mailboxes_live.ex
[debug] Live reload: lib/tempmail_web/live/mailboxes_live.ex
[debug] Live reload: lib/tempmail_web/live/dashboard_live.ex
[debug] Live reload: lib/tempmail_web/live/dashboard_live.ex

Rebuilding...
Compiling 2 files (.ex)
[debug] Live reload: priv/static/assets/app.css
[debug] Live reload: priv/static/assets/app.css

Done in 148ms.
[debug] Live reload: priv/static/assets/app.css
[debug] Live reload: priv/static/assets/app.css

Rebuilding...

Done in 35ms.
Generated tempmail app
[info] GET /
[debug] Processing with TempmailWeb.HomeLive.index/2
  Parameters: %{}
  Pipelines: [:browser]
[debug] QUERY OK source="domains" db=0.3ms idle=152.2ms
SELECT d0."id", d0."domain", d0."is_active", d0."is_default", d0."mailcow_id", d0."description", d0."inserted_at", d0."updated_at" FROM "domains" AS d0 WHERE (d0."is_active" = TRUE) ORDER BY d0."is_default" DESC, d0."domain" []
[90m↳ TempmailWeb.HomeLive.mount/3, at: lib/tempmail_web/live/home_live.ex:15[0m
[info] Sent 200 in 4ms
[info] CONNECTED TO Phoenix.LiveView.Socket in 0µs
  Transport: :websocket
  Serializer: Phoenix.Socket.V2.JSONSerializer
  Parameters: %{"_csrf_token" => "LygYG1Y5EhUFFDpMdzRSL1BZdjsgCl4znqPpfPDbBsK9CYez7tEOBH8j", "_live_referer" => "undefined", "_mount_attempts" => "0", "_mounts" => "0", "_track_static" => %{"0" => "http://127.0.0.1:4001/assets/app.css", "1" => "http://127.0.0.1:4001/assets/app.js"}, "vsn" => "2.0.0"}
[debug] MOUNT TempmailWeb.HomeLive
  Parameters: %{}
  Session: %{"_csrf_token" => "AYHk0iVwGgqu4m7Ug-3tbBfY"}
[debug] QUERY OK source="domains" db=0.3ms idle=382.8ms
SELECT d0."id", d0."domain", d0."is_active", d0."is_default", d0."mailcow_id", d0."description", d0."inserted_at", d0."updated_at" FROM "domains" AS d0 WHERE (d0."is_active" = TRUE) ORDER BY d0."is_default" DESC, d0."domain" []
[90m↳ TempmailWeb.HomeLive.mount/3, at: lib/tempmail_web/live/home_live.ex:15[0m
[debug] Replied in 512µs
[info] GET /
[debug] Processing with TempmailWeb.HomeLive.index/2
  Parameters: %{}
  Pipelines: [:browser]
[debug] QUERY OK source="domains" db=0.3ms idle=604.3ms
SELECT d0."id", d0."domain", d0."is_active", d0."is_default", d0."mailcow_id", d0."description", d0."inserted_at", d0."updated_at" FROM "domains" AS d0 WHERE (d0."is_active" = TRUE) ORDER BY d0."is_default" DESC, d0."domain" []
[90m↳ TempmailWeb.HomeLive.mount/3, at: lib/tempmail_web/live/home_live.ex:15[0m
[info] Sent 200 in 1ms
[info] CONNECTED TO Phoenix.LiveView.Socket in 0µs
  Transport: :websocket
  Serializer: Phoenix.Socket.V2.JSONSerializer
  Parameters: %{"_csrf_token" => "GAVmGnJ6YwJ5CBQ9Lg0-LjN6R1R7NQFQNW6hDOQRInUIKxDWD6u5Hzvc", "_live_referer" => "undefined", "_mount_attempts" => "0", "_mounts" => "0", "_track_static" => %{"0" => "http://localhost:4001/assets/app.css", "1" => "http://localhost:4001/assets/app.js"}, "vsn" => "2.0.0"}
[debug] MOUNT TempmailWeb.HomeLive
  Parameters: %{}
  Session: %{"_csrf_token" => "VRPr652P0fAteuzywL2a3Ow3"}
[debug] QUERY OK source="domains" db=0.4ms idle=1103.4ms
SELECT d0."id", d0."domain", d0."is_active", d0."is_default", d0."mailcow_id", d0."description", d0."inserted_at", d0."updated_at" FROM "domains" AS d0 WHERE (d0."is_active" = TRUE) ORDER BY d0."is_default" DESC, d0."domain" []
[90m↳ TempmailWeb.HomeLive.mount/3, at: lib/tempmail_web/live/home_live.ex:15[0m
[debug] Replied in 716µs
[info] GET /
[debug] Processing with TempmailWeb.HomeLive.index/2
  Parameters: %{}
  Pipelines: [:browser]
[debug] QUERY OK source="domains" db=0.3ms idle=1158.2ms
SELECT d0."id", d0."domain", d0."is_active", d0."is_default", d0."mailcow_id", d0."description", d0."inserted_at", d0."updated_at" FROM "domains" AS d0 WHERE (d0."is_active" = TRUE) ORDER BY d0."is_default" DESC, d0."domain" []
[90m↳ TempmailWeb.HomeLive.mount/3, at: lib/tempmail_web/live/home_live.ex:15[0m
[info] Sent 200 in 1ms
[info] CONNECTED TO Phoenix.LiveView.Socket in 0µs
  Transport: :websocket
  Serializer: Phoenix.Socket.V2.JSONSerializer
  Parameters: %{"_csrf_token" => "AD0dPgUEZTJ_JCQkAR4zSjgYfDdlJlpFVoML31WbOBePdkI3OTNVVi-v", "_live_referer" => "undefined", "_mount_attempts" => "0", "_mounts" => "0", "_track_static" => %{"0" => "http://localhost:4001/assets/app.css", "1" => "http://localhost:4001/assets/app.js"}, "vsn" => "2.0.0"}
[debug] MOUNT TempmailWeb.HomeLive
  Parameters: %{}
  Session: %{"_csrf_token" => "VRPr652P0fAteuzywL2a3Ow3"}
[debug] QUERY OK source="domains" db=0.4ms idle=1634.9ms
SELECT d0."id", d0."domain", d0."is_active", d0."is_default", d0."mailcow_id", d0."description", d0."inserted_at", d0."updated_at" FROM "domains" AS d0 WHERE (d0."is_active" = TRUE) ORDER BY d0."is_default" DESC, d0."domain" []
[90m↳ TempmailWeb.HomeLive.mount/3, at: lib/tempmail_web/live/home_live.ex:15[0m
[debug] Replied in 716µs
[debug] HANDLE EVENT "generate" in TempmailWeb.HomeLive
  Parameters: %{"domain" => ""}
[debug] QUERY OK source="domains" db=0.3ms queue=0.1ms idle=1398.2ms
SELECT d0."id", d0."domain", d0."is_active", d0."is_default", d0."mailcow_id", d0."description", d0."inserted_at", d0."updated_at" FROM "domains" AS d0 WHERE (d0."is_active" = TRUE) ORDER BY d0."is_default" DESC, d0."domain" []
[90m↳ Tempmail.Mail.choose_domain/1, at: lib/tempmail/mail.ex:64[0m
[debug] Replied in 716µs
[debug] Live reload: lib/tempmail_web/live/user_domains_live.html.heex
[debug] Live reload: lib/tempmail_web/live/user_domains_live.html.heex
[debug] Live reload: lib/tempmail_web/live/user_domains_live.html.heex
[debug] Live reload: lib/tempmail_web/live/user_domains_live.html.heex
[debug] Live reload: lib/tempmail_web/live/user_domains_live.html.heex
[debug] Live reload: lib/tempmail_web/live/user_domains_live.html.heex
[debug] Live reload: lib/tempmail_web/live/admin_live.html.heex
[debug] Live reload: lib/tempmail_web/live/admin_live.html.heex
[debug] Live reload: lib/tempmail_web/live/admin_live.html.heex
[debug] Live reload: lib/tempmail_web/live/admin_live.html.heex
[debug] Live reload: lib/tempmail_web/live/admin_live.html.heex
[debug] Live reload: lib/tempmail_web/live/admin_live.html.heex
[debug] Live reload: lib/tempmail_web/live/user_domains_live.ex
[debug] Live reload: lib/tempmail_web/live/user_domains_live.ex
[debug] Live reload: lib/tempmail_web/live/admin_live.ex
[debug] Live reload: lib/tempmail_web/live/admin_live.ex
Compiling 2 files (.ex)
Generated tempmail app
[info] GET /
[debug] Processing with TempmailWeb.HomeLive.index/2
  Parameters: %{}
  Pipelines: [:browser]
[debug] QUERY OK source="domains" db=0.3ms queue=0.1ms idle=1950.3ms
SELECT d0."id", d0."domain", d0."is_active", d0."is_default", d0."mailcow_id", d0."description", d0."inserted_at", d0."updated_at" FROM "domains" AS d0 WHERE (d0."is_active" = TRUE) ORDER BY d0."is_default" DESC, d0."domain" []
[90m↳ TempmailWeb.HomeLive.mount/3, at: lib/tempmail_web/live/home_live.ex:15[0m
[info] Sent 200 in 3ms
[debug] Live reload: lib/tempmail_web/live/user_domains_live.ex
[debug] Live reload: lib/tempmail_web/live/admin_live.ex
[info] GET /
[debug] Processing with TempmailWeb.HomeLive.index/2
  Parameters: %{}
  Pipelines: [:browser]
[debug] QUERY OK source="domains" db=0.3ms idle=1023.6ms
SELECT d0."id", d0."domain", d0."is_active", d0."is_default", d0."mailcow_id", d0."description", d0."inserted_at", d0."updated_at" FROM "domains" AS d0 WHERE (d0."is_active" = TRUE) ORDER BY d0."is_default" DESC, d0."domain" []
[90m↳ TempmailWeb.HomeLive.mount/3, at: lib/tempmail_web/live/home_live.ex:15[0m
[info] Sent 200 in 1ms

Rebuilding...
[info] CONNECTED TO Phoenix.LiveView.Socket in 102µs
  Transport: :websocket
  Serializer: Phoenix.Socket.V2.JSONSerializer
  Parameters: %{"_csrf_token" => "GT8fBQA7BU4LFSMSUl5PLwhjWxJWBgEjXfWn0RS9LrRgf3xzoNhf4Dgz", "_live_referer" => "undefined", "_mount_attempts" => "0", "_mounts" => "0", "_track_static" => %{"0" => "http://127.0.0.1:4001/assets/app.css", "1" => "http://127.0.0.1:4001/assets/app.js"}, "vsn" => "2.0.0"}
[debug] MOUNT TempmailWeb.HomeLive
  Parameters: %{}
  Session: %{"_csrf_token" => "AYHk0iVwGgqu4m7Ug-3tbBfY"}
[debug] QUERY OK source="domains" db=0.4ms idle=1197.9ms
SELECT d0."id", d0."domain", d0."is_active", d0."is_default", d0."mailcow_id", d0."description", d0."inserted_at", d0."updated_at" FROM "domains" AS d0 WHERE (d0."is_active" = TRUE) ORDER BY d0."is_default" DESC, d0."domain" []
[90m↳ TempmailWeb.HomeLive.mount/3, at: lib/tempmail_web/live/home_live.ex:15[0m
[debug] Replied in 716µs

Done in 176ms.

Rebuilding...
[debug] Live reload: priv/static/assets/app.css

[debug] Live reload: priv/static/assets/app.css
Done in 50ms.
[info] CONNECTED TO Phoenix.LiveView.Socket in 0µs
  Transport: :websocket
  Serializer: Phoenix.Socket.V2.JSONSerializer
  Parameters: %{"_csrf_token" => "LBEXRG5WezdJNyNACB0YMj4nUQ5RIEBlzCG6XcIgyQb4mhbKIkcobo7V", "_live_referer" => "undefined", "_mount_attempts" => "0", "_mounts" => "0", "_track_static" => %{"0" => "http://localhost:4001/assets/app.css", "1" => "http://localhost:4001/assets/app.js"}, "vsn" => "2.0.0"}
[debug] MOUNT TempmailWeb.HomeLive
  Parameters: %{}
  Session: %{"_csrf_token" => "VRPr652P0fAteuzywL2a3Ow3"}
[debug] QUERY OK source="domains" db=0.3ms queue=0.1ms idle=1518.5ms
SELECT d0."id", d0."domain", d0."is_active", d0."is_default", d0."mailcow_id", d0."description", d0."inserted_at", d0."updated_at" FROM "domains" AS d0 WHERE (d0."is_active" = TRUE) ORDER BY d0."is_default" DESC, d0."domain" []
[90m↳ TempmailWeb.HomeLive.mount/3, at: lib/tempmail_web/live/home_live.ex:15[0m
[debug] Replied in 716µs
[debug] Live reload: lib/tempmail_web/live/admin_domains_live.html.heex
[debug] Live reload: lib/tempmail_web/live/admin_domains_live.html.heex
[debug] Live reload: lib/tempmail_web/live/admin_domains_live.html.heex
[debug] Live reload: lib/tempmail_web/live/admin_domains_live.html.heex
[debug] Live reload: lib/tempmail_web/live/admin_domains_live.html.heex
[debug] Live reload: lib/tempmail_web/live/admin_domains_live.html.heex
[debug] Live reload: lib/tempmail_web/live/admin_domains_live.ex
[debug] Live reload: lib/tempmail_web/live/admin_domains_live.ex
Compiling 1 file (.ex)
Generated tempmail app
[info] GET /
[debug] Processing with TempmailWeb.HomeLive.index/2
  Parameters: %{}
  Pipelines: [:browser]
[debug] QUERY OK source="domains" db=0.3ms queue=0.1ms idle=1708.9ms
SELECT d0."id", d0."domain", d0."is_active", d0."is_default", d0."mailcow_id", d0."description", d0."inserted_at", d0."updated_at" FROM "domains" AS d0 WHERE (d0."is_active" = TRUE) ORDER BY d0."is_default" DESC, d0."domain" []
[90m↳ TempmailWeb.HomeLive.mount/3, at: lib/tempmail_web/live/home_live.ex:15[0m
[info] Sent 200 in 3ms

Rebuilding...
[debug] Live reload: lib/tempmail_web/live/admin_domains_live.ex
[info] GET /
[debug] Processing with TempmailWeb.HomeLive.index/2
  Parameters: %{}
  Pipelines: [:browser]
[debug] QUERY OK source="domains" db=0.3ms queue=0.1ms idle=782.0ms
SELECT d0."id", d0."domain", d0."is_active", d0."is_default", d0."mailcow_id", d0."description", d0."inserted_at", d0."updated_at" FROM "domains" AS d0 WHERE (d0."is_active" = TRUE) ORDER BY d0."is_default" DESC, d0."domain" []
[90m↳ TempmailWeb.HomeLive.mount/3, at: lib/tempmail_web/live/home_live.ex:15[0m
[info] Sent 200 in 1ms

Done in 188ms.

Rebuilding...

Done in 39ms.
[info] CONNECTED TO Phoenix.LiveView.Socket in 0µs
  Transport: :websocket
  Serializer: Phoenix.Socket.V2.JSONSerializer
  Parameters: %{"_csrf_token" => "JSE-DwFZFTgpA0Qseh1hGBJPAh8GDiQddxvd10COnd5YNpVMub1kdLBD", "_live_referer" => "undefined", "_mount_attempts" => "0", "_mounts" => "0", "_track_static" => %{"0" => "http://127.0.0.1:4001/assets/app.css", "1" => "http://127.0.0.1:4001/assets/app.js"}, "vsn" => "2.0.0"}
[debug] MOUNT TempmailWeb.HomeLive
  Parameters: %{}
  Session: %{"_csrf_token" => "AYHk0iVwGgqu4m7Ug-3tbBfY"}
[debug] QUERY OK source="domains" db=0.3ms queue=0.1ms idle=1028.3ms
SELECT d0."id", d0."domain", d0."is_active", d0."is_default", d0."mailcow_id", d0."description", d0."inserted_at", d0."updated_at" FROM "domains" AS d0 WHERE (d0."is_active" = TRUE) ORDER BY d0."is_default" DESC, d0."domain" []
[90m↳ TempmailWeb.HomeLive.mount/3, at: lib/tempmail_web/live/home_live.ex:15[0m
[debug] Replied in 614µs
[info] CONNECTED TO Phoenix.LiveView.Socket in 0µs
  Transport: :websocket
  Serializer: Phoenix.Socket.V2.JSONSerializer
  Parameters: %{"_csrf_token" => "A2sgCAQDXxJkBwAcESUPCDI8YyZrFztUU9pz26mBTaAhtPuqEpQGXXLg", "_live_referer" => "undefined", "_mount_attempts" => "0", "_mounts" => "0", "_track_static" => %{"0" => "http://localhost:4001/assets/app.css", "1" => "http://localhost:4001/assets/app.js"}, "vsn" => "2.0.0"}
[debug] MOUNT TempmailWeb.HomeLive
  Parameters: %{}
  Session: %{"_csrf_token" => "VRPr652P0fAteuzywL2a3Ow3"}
[debug] QUERY OK source="domains" db=0.2ms queue=0.1ms idle=1182.4ms
SELECT d0."id", d0."domain", d0."is_active", d0."is_default", d0."mailcow_id", d0."description", d0."inserted_at", d0."updated_at" FROM "domains" AS d0 WHERE (d0."is_active" = TRUE) ORDER BY d0."is_default" DESC, d0."domain" []
[90m↳ TempmailWeb.HomeLive.mount/3, at: lib/tempmail_web/live/home_live.ex:15[0m
[debug] Replied in 512µs
[debug] Live reload: lib/tempmail_web/live/user_domains_live.html.heex
[debug] Live reload: lib/tempmail_web/live/user_domains_live.html.heex
[debug] Live reload: lib/tempmail_web/live/user_domains_live.html.heex
[debug] Live reload: lib/tempmail_web/live/user_domains_live.html.heex
[debug] Live reload: lib/tempmail_web/live/mailboxes_live.html.heex
[debug] Live reload: lib/tempmail_web/live/mailboxes_live.html.heex
[debug] Live reload: lib/tempmail_web/live/mailboxes_live.html.heex
[debug] Live reload: lib/tempmail_web/live/mailboxes_live.html.heex
[debug] Live reload: lib/tempmail_web/live/dashboard_live.html.heex
[debug] Live reload: lib/tempmail_web/live/dashboard_live.html.heex
[debug] Live reload: lib/tempmail_web/live/dashboard_live.html.heex
[debug] Live reload: lib/tempmail_web/live/dashboard_live.html.heex
[debug] Live reload: lib/tempmail_web/components/layouts/app.html.heex
[debug] Live reload: lib/tempmail_web/components/layouts/app.html.heex
[debug] Live reload: lib/tempmail_web/components/layouts/app.html.heex
[debug] Live reload: lib/tempmail_web/components/layouts/app.html.heex
[debug] Live reload: lib/tempmail_web/live/admin_domains_live.html.heex
[debug] Live reload: lib/tempmail_web/live/admin_domains_live.html.heex
[debug] Live reload: lib/tempmail_web/live/admin_domains_live.html.heex
[debug] Live reload: lib/tempmail_web/live/admin_domains_live.html.heex
[debug] Live reload: lib/tempmail_web/live/admin_live.html.heex
[debug] Live reload: lib/tempmail_web/live/admin_live.html.heex
[debug] Live reload: lib/tempmail_web/live/admin_live.html.heex
[debug] Live reload: lib/tempmail_web/live/admin_live.html.heex
[debug] Live reload: lib/tempmail_web/live/home_live.html.heex
[debug] Live reload: lib/tempmail_web/live/home_live.html.heex
[debug] Live reload: lib/tempmail_web/live/home_live.html.heex
[debug] Live reload: lib/tempmail_web/live/home_live.html.heex
[debug] Live reload: lib/tempmail_web/live/home_live.ex
[debug] Live reload: lib/tempmail_web/live/home_live.ex
[debug] Live reload: lib/tempmail_web/live/mailboxes_live.ex
[debug] Live reload: lib/tempmail_web/live/mailboxes_live.ex
[debug] Live reload: lib/tempmail_web/components/layouts.ex
[debug] Live reload: lib/tempmail_web/components/layouts.ex
[debug] Live reload: lib/tempmail_web/live/admin_domains_live.ex
[debug] Live reload: lib/tempmail_web/live/admin_domains_live.ex
[debug] Live reload: lib/tempmail_web/live/user_domains_live.ex
[debug] Live reload: lib/tempmail_web/live/user_domains_live.ex
[debug] Live reload: lib/tempmail_web/live/admin_live.ex
[debug] Live reload: lib/tempmail_web/live/admin_live.ex
[debug] Live reload: lib/tempmail_web/live/dashboard_live.ex
[debug] Live reload: lib/tempmail_web/live/dashboard_live.ex
Compiling 7 files (.ex)
Generated tempmail app
[info] GET /
[debug] Processing with TempmailWeb.HomeLive.index/2
  Parameters: %{}
  Pipelines: [:browser]
[debug] QUERY OK source="domains" db=0.3ms idle=783.7ms
SELECT d0."id", d0."domain", d0."is_active", d0."is_default", d0."mailcow_id", d0."description", d0."inserted_at", d0."updated_at" FROM "domains" AS d0 WHERE (d0."is_active" = TRUE) ORDER BY d0."is_default" DESC, d0."domain" []
[90m↳ TempmailWeb.HomeLive.mount/3, at: lib/tempmail_web/live/home_live.ex:15[0m
[info] Sent 200 in 3ms
[info] CONNECTED TO Phoenix.LiveView.Socket in 0µs
  Transport: :websocket
  Serializer: Phoenix.Socket.V2.JSONSerializer
  Parameters: %{"_csrf_token" => "eSkFEmcjDhYPDQQRejlnMSMbAw5SLwcc8pMyWJXaHjudNTPdD60z0maE", "_live_referer" => "undefined", "_mount_attempts" => "0", "_mounts" => "0", "_track_static" => %{"0" => "http://127.0.0.1:4001/assets/app.css", "1" => "http://127.0.0.1:4001/assets/app.js"}, "vsn" => "2.0.0"}
[debug] MOUNT TempmailWeb.HomeLive
  Parameters: %{}
  Session: %{"_csrf_token" => "AYHk0iVwGgqu4m7Ug-3tbBfY"}
[debug] QUERY OK source="domains" db=0.4ms idle=1232.4ms
SELECT d0."id", d0."domain", d0."is_active", d0."is_default", d0."mailcow_id", d0."description", d0."inserted_at", d0."updated_at" FROM "domains" AS d0 WHERE (d0."is_active" = TRUE) ORDER BY d0."is_default" DESC, d0."domain" []
[90m↳ TempmailWeb.HomeLive.mount/3, at: lib/tempmail_web/live/home_live.ex:15[0m
[debug] Replied in 819µs
[info] GET /
[debug] Processing with TempmailWeb.HomeLive.index/2
  Parameters: %{}
  Pipelines: [:browser]
[debug] QUERY OK source="domains" db=0.4ms idle=1326.1ms
SELECT d0."id", d0."domain", d0."is_active", d0."is_default", d0."mailcow_id", d0."description", d0."inserted_at", d0."updated_at" FROM "domains" AS d0 WHERE (d0."is_active" = TRUE) ORDER BY d0."is_default" DESC, d0."domain" []
[90m↳ TempmailWeb.HomeLive.mount/3, at: lib/tempmail_web/live/home_live.ex:15[0m
[info] Sent 200 in 1ms

Rebuilding...

Done in 47ms.

Rebuilding...

Done in 42ms.
[info] CONNECTED TO Phoenix.LiveView.Socket in 0µs
  Transport: :websocket
  Serializer: Phoenix.Socket.V2.JSONSerializer
  Parameters: %{"_csrf_token" => "IBYKS0NAXBhWC3IhHz4zVBZ_C1FnBzNfvDZ9uunHfm3UzKI-a390THDl", "_live_referer" => "undefined", "_mount_attempts" => "0", "_mounts" => "0", "_track_static" => %{"0" => "http://localhost:4001/assets/app.css", "1" => "http://localhost:4001/assets/app.js"}, "vsn" => "2.0.0"}
[debug] MOUNT TempmailWeb.HomeLive
  Parameters: %{}
  Session: %{"_csrf_token" => "VRPr652P0fAteuzywL2a3Ow3"}
[debug] QUERY OK source="domains" db=0.5ms idle=1006.1ms
SELECT d0."id", d0."domain", d0."is_active", d0."is_default", d0."mailcow_id", d0."description", d0."inserted_at", d0."updated_at" FROM "domains" AS d0 WHERE (d0."is_active" = TRUE) ORDER BY d0."is_default" DESC, d0."domain" []
[90m↳ TempmailWeb.HomeLive.mount/3, at: lib/tempmail_web/live/home_live.ex:15[0m
[debug] Replied in 921µs
[debug] Live reload: priv/static/assets/app.css
[debug] Live reload: priv/static/assets/app.css
[debug] Live reload: priv/static/assets/app.css
[debug] Live reload: priv/static/assets/app.css
[debug] Live reload: priv/static/assets/app.js
[debug] Live reload: priv/static/assets/app.js
[debug] Live reload: priv/static/assets/app.js
[debug] Live reload: priv/static/assets/app.js
[info] GET /
[debug] Processing with TempmailWeb.HomeLive.index/2
  Parameters: %{}
  Pipelines: [:browser]
[debug] QUERY OK source="domains" db=0.4ms idle=1169.7ms
SELECT d0."id", d0."domain", d0."is_active", d0."is_default", d0."mailcow_id", d0."description", d0."inserted_at", d0."updated_at" FROM "domains" AS d0 WHERE (d0."is_active" = TRUE) ORDER BY d0."is_default" DESC, d0."domain" []
[90m↳ TempmailWeb.HomeLive.mount/3, at: lib/tempmail_web/live/home_live.ex:15[0m
[info] Sent 200 in 1ms
[info] CONNECTED TO Phoenix.LiveView.Socket in 0µs
  Transport: :websocket
  Serializer: Phoenix.Socket.V2.JSONSerializer
  Parameters: %{"_csrf_token" => "ACArW2QoHTMANRkxBghBPgZpfRJPAzMBAyc0TAKDGRhD2evkaDNf-AUX", "_live_referer" => "undefined", "_mount_attempts" => "0", "_mounts" => "0", "_track_static" => %{"0" => "http://127.0.0.1:4001/assets/app.css", "1" => "http://127.0.0.1:4001/assets/app.js"}, "vsn" => "2.0.0"}
[debug] MOUNT TempmailWeb.HomeLive
  Parameters: %{}
  Session: %{"_csrf_token" => "AYHk0iVwGgqu4m7Ug-3tbBfY"}
[debug] QUERY OK source="domains" db=0.4ms idle=1426.5ms
SELECT d0."id", d0."domain", d0."is_active", d0."is_default", d0."mailcow_id", d0."description", d0."inserted_at", d0."updated_at" FROM "domains" AS d0 WHERE (d0."is_active" = TRUE) ORDER BY d0."is_default" DESC, d0."domain" []
[90m↳ TempmailWeb.HomeLive.mount/3, at: lib/tempmail_web/live/home_live.ex:15[0m
[debug] Replied in 614µs
[info] GET /
[debug] Processing with TempmailWeb.HomeLive.index/2
  Parameters: %{}
  Pipelines: [:browser]
[debug] QUERY OK source="domains" db=0.2ms queue=0.1ms idle=1001.3ms
SELECT d0."id", d0."domain", d0."is_active", d0."is_default", d0."mailcow_id", d0."description", d0."inserted_at", d0."updated_at" FROM "domains" AS d0 WHERE (d0."is_active" = TRUE) ORDER BY d0."is_default" DESC, d0."domain" []
[90m↳ TempmailWeb.HomeLive.mount/3, at: lib/tempmail_web/live/home_live.ex:15[0m
[info] Sent 200 in 1ms
[info] CONNECTED TO Phoenix.LiveView.Socket in 0µs
  Transport: :websocket
  Serializer: Phoenix.Socket.V2.JSONSerializer
  Parameters: %{"_csrf_token" => "BBMCKkxUXzlgHHEbIhgxNBo-ZyllLRVDRARXzamiPz0oGmKMmrUHVbbp", "_live_referer" => "undefined", "_mount_attempts" => "0", "_mounts" => "0", "_track_static" => %{"0" => "http://localhost:4001/assets/app.css", "1" => "http://localhost:4001/assets/app.js"}, "vsn" => "2.0.0"}
[debug] MOUNT TempmailWeb.HomeLive
  Parameters: %{}
  Session: %{"_csrf_token" => "VRPr652P0fAteuzywL2a3Ow3"}
[debug] QUERY OK source="domains" db=0.3ms queue=0.1ms idle=1417.7ms
SELECT d0."id", d0."domain", d0."is_active", d0."is_default", d0."mailcow_id", d0."description", d0."inserted_at", d0."updated_at" FROM "domains" AS d0 WHERE (d0."is_active" = TRUE) ORDER BY d0."is_default" DESC, d0."domain" []
[90m↳ TempmailWeb.HomeLive.mount/3, at: lib/tempmail_web/live/home_live.ex:15[0m
[debug] Replied in 716µs
[debug] Live reload: lib/tempmail_web/live/home_live.ex
[debug] Live reload: lib/tempmail_web/live/home_live.ex
[debug] Live reload: lib/tempmail_web/live/mailboxes_live.ex
[debug] Live reload: lib/tempmail_web/live/mailboxes_live.ex
[debug] Live reload: lib/tempmail_web/components/layouts.ex
[debug] Live reload: lib/tempmail_web/components/layouts.ex
[debug] Live reload: lib/tempmail_web/live/admin_domains_live.ex
[debug] Live reload: lib/tempmail_web/live/admin_domains_live.ex
[debug] Live reload: lib/tempmail_web/live/user_domains_live.ex
[debug] Live reload: lib/tempmail_web/live/user_domains_live.ex
[debug] Live reload: lib/tempmail_web/live/admin_live.ex
[debug] Live reload: lib/tempmail_web/live/admin_live.ex
[debug] Live reload: lib/tempmail_web/live/dashboard_live.ex
[debug] Live reload: lib/tempmail_web/live/dashboard_live.ex
[info] GET /
[debug] Processing with TempmailWeb.HomeLive.index/2
  Parameters: %{}
  Pipelines: [:browser]
[debug] QUERY OK source="domains" db=0.4ms idle=1952.4ms
SELECT d0."id", d0."domain", d0."is_active", d0."is_default", d0."mailcow_id", d0."description", d0."inserted_at", d0."updated_at" FROM "domains" AS d0 WHERE (d0."is_active" = TRUE) ORDER BY d0."is_default" DESC, d0."domain" []
[90m↳ TempmailWeb.HomeLive.mount/3, at: lib/tempmail_web/live/home_live.ex:15[0m
[info] Sent 200 in 1ms
[info] GET /
[debug] Processing with TempmailWeb.HomeLive.index/2
  Parameters: %{}
  Pipelines: [:browser]
[debug] QUERY OK source="domains" db=0.4ms idle=1050.0ms
SELECT d0."id", d0."domain", d0."is_active", d0."is_default", d0."mailcow_id", d0."description", d0."inserted_at", d0."updated_at" FROM "domains" AS d0 WHERE (d0."is_active" = TRUE) ORDER BY d0."is_default" DESC, d0."domain" []
[90m↳ TempmailWeb.HomeLive.mount/3, at: lib/tempmail_web/live/home_live.ex:15[0m
[info] Sent 200 in 1ms
[info] CONNECTED TO Phoenix.LiveView.Socket in 0µs
  Transport: :websocket
  Serializer: Phoenix.Socket.V2.JSONSerializer
  Parameters: %{"_csrf_token" => "OCkHBwUgOzEqBhUQf1pcEQ9PazkWCl8vypOl5ImFmadeK7kDhbXMtH9v", "_live_referer" => "undefined", "_mount_attempts" => "0", "_mounts" => "0", "_track_static" => %{"0" => "http://127.0.0.1:4001/assets/app.css", "1" => "http://127.0.0.1:4001/assets/app.js"}, "vsn" => "2.0.0"}
[debug] MOUNT TempmailWeb.HomeLive
  Parameters: %{}
  Session: %{"_csrf_token" => "AYHk0iVwGgqu4m7Ug-3tbBfY"}
[debug] QUERY OK source="domains" db=0.4ms idle=308.5ms
SELECT d0."id", d0."domain", d0."is_active", d0."is_default", d0."mailcow_id", d0."description", d0."inserted_at", d0."updated_at" FROM "domains" AS d0 WHERE (d0."is_active" = TRUE) ORDER BY d0."is_default" DESC, d0."domain" []
[90m↳ TempmailWeb.HomeLive.mount/3, at: lib/tempmail_web/live/home_live.ex:15[0m
[debug] Replied in 716µs

Rebuilding...

Done in 43ms.

Rebuilding...

Done in 36ms.
[info] CONNECTED TO Phoenix.LiveView.Socket in 0µs
  Transport: :websocket
  Serializer: Phoenix.Socket.V2.JSONSerializer
  Parameters: %{"_csrf_token" => "A2cpHkZ0XWJvX3cGUC1MHkUoU1RjASZyU5ylpAo2_96r5X6g2da5PNQA", "_live_referer" => "undefined", "_mount_attempts" => "0", "_mounts" => "0", "_track_static" => %{"0" => "http://localhost:4001/assets/app.css", "1" => "http://localhost:4001/assets/app.js"}, "vsn" => "2.0.0"}
[debug] MOUNT TempmailWeb.HomeLive
  Parameters: %{}
  Session: %{"_csrf_token" => "VRPr652P0fAteuzywL2a3Ow3"}
[debug] QUERY OK source="domains" db=0.6ms idle=654.0ms
SELECT d0."id", d0."domain", d0."is_active", d0."is_default", d0."mailcow_id", d0."description", d0."inserted_at", d0."updated_at" FROM "domains" AS d0 WHERE (d0."is_active" = TRUE) ORDER BY d0."is_default" DESC, d0."domain" []
[90m↳ TempmailWeb.HomeLive.mount/3, at: lib/tempmail_web/live/home_live.ex:15[0m
[debug] Replied in 921µs
[info] GET /
[debug] Processing with TempmailWeb.HomeLive.index/2
  Parameters: %{}
  Pipelines: [:browser]
[debug] QUERY OK source="domains" db=0.3ms idle=1896.9ms
SELECT d0."id", d0."domain", d0."is_active", d0."is_default", d0."mailcow_id", d0."description", d0."inserted_at", d0."updated_at" FROM "domains" AS d0 WHERE (d0."is_active" = TRUE) ORDER BY d0."is_default" DESC, d0."domain" []
[90m↳ TempmailWeb.HomeLive.mount/3, at: lib/tempmail_web/live/home_live.ex:15[0m
[info] Sent 200 in 1ms
[info] CONNECTED TO Phoenix.LiveView.Socket in 102µs
  Transport: :websocket
  Serializer: Phoenix.Socket.V2.JSONSerializer
  Parameters: %{"_csrf_token" => "AiBhJGxwQgZXASZBURgySgM4SlBFFw0CTr1VZEpVggg54mH3ttx1vXz1", "_live_referer" => "undefined", "_mount_attempts" => "0", "_mounts" => "0", "_track_static" => %{"0" => "http://localhost:4001/assets/app.css", "1" => "http://localhost:4001/assets/app.js"}, "vsn" => "2.0.0"}
[debug] MOUNT TempmailWeb.HomeLive
  Parameters: %{}
  Session: %{"_csrf_token" => "VRPr652P0fAteuzywL2a3Ow3"}
[debug] QUERY OK source="domains" db=0.3ms idle=1384.1ms
SELECT d0."id", d0."domain", d0."is_active", d0."is_default", d0."mailcow_id", d0."description", d0."inserted_at", d0."updated_at" FROM "domains" AS d0 WHERE (d0."is_active" = TRUE) ORDER BY d0."is_default" DESC, d0."domain" []
[90m↳ TempmailWeb.HomeLive.mount/3, at: lib/tempmail_web/live/home_live.ex:15[0m
[debug] Replied in 512µs
[info] GET /
[debug] Processing with TempmailWeb.HomeLive.index/2
  Parameters: %{}
  Pipelines: [:browser]
[debug] QUERY OK source="domains" db=0.3ms idle=1683.9ms
SELECT d0."id", d0."domain", d0."is_active", d0."is_default", d0."mailcow_id", d0."description", d0."inserted_at", d0."updated_at" FROM "domains" AS d0 WHERE (d0."is_active" = TRUE) ORDER BY d0."is_default" DESC, d0."domain" []
[90m↳ TempmailWeb.HomeLive.mount/3, at: lib/tempmail_web/live/home_live.ex:15[0m
[info] Sent 200 in 1ms
[info] CONNECTED TO Phoenix.LiveView.Socket in 0µs
  Transport: :websocket
  Serializer: Phoenix.Socket.V2.JSONSerializer
  Parameters: %{"_csrf_token" => "JAg_I3s6GyYKLhUDQ1V-EQZXQxM3JCcVeQwHKSMQMIdvw8IDazpgUfAL", "_live_referer" => "undefined", "_mount_attempts" => "0", "_mounts" => "0", "_track_static" => %{"0" => "http://127.0.0.1:4001/assets/app.css", "1" => "http://127.0.0.1:4001/assets/app.js"}, "vsn" => "2.0.0"}
[debug] MOUNT TempmailWeb.HomeLive
  Parameters: %{}
  Session: %{"_csrf_token" => "AYHk0iVwGgqu4m7Ug-3tbBfY"}
[debug] QUERY OK source="domains" db=0.3ms queue=0.1ms idle=1915.6ms
SELECT d0."id", d0."domain", d0."is_active", d0."is_default", d0."mailcow_id", d0."description", d0."inserted_at", d0."updated_at" FROM "domains" AS d0 WHERE (d0."is_active" = TRUE) ORDER BY d0."is_default" DESC, d0."domain" []
[90m↳ TempmailWeb.HomeLive.mount/3, at: lib/tempmail_web/live/home_live.ex:15[0m
[debug] Replied in 614µs

Rebuilding...
[debug] Live reload: priv/static/assets/app.css
[debug] Live reload: priv/static/assets/app.css

[debug] Live reload: priv/static/assets/app.css
Done in 159ms.
[debug] Live reload: priv/static/assets/app.css
[info] GET /
[debug] Processing with TempmailWeb.HomeLive.index/2
  Parameters: %{}
  Pipelines: [:browser]
[debug] QUERY OK source="domains" db=0.3ms idle=1162.8ms
SELECT d0."id", d0."domain", d0."is_active", d0."is_default", d0."mailcow_id", d0."description", d0."inserted_at", d0."updated_at" FROM "domains" AS d0 WHERE (d0."is_active" = TRUE) ORDER BY d0."is_default" DESC, d0."domain" []
[90m↳ TempmailWeb.HomeLive.mount/3, at: lib/tempmail_web/live/home_live.ex:15[0m
[info] Sent 200 in 1ms
[info] CONNECTED TO Phoenix.LiveView.Socket in 102µs
  Transport: :websocket
  Serializer: Phoenix.Socket.V2.JSONSerializer
  Parameters: %{"_csrf_token" => "YCNpAAVTejJWXnRHFyIPERU0WiBEPjl56q9r3fHbf853rWuhbxhAwqNJ", "_live_referer" => "undefined", "_mount_attempts" => "0", "_mounts" => "0", "_track_static" => %{"0" => "http://localhost:4001/assets/app.css", "1" => "http://localhost:4001/assets/app.js"}, "vsn" => "2.0.0"}
[debug] MOUNT TempmailWeb.HomeLive
  Parameters: %{}
  Session: %{"_csrf_token" => "VRPr652P0fAteuzywL2a3Ow3"}
[debug] QUERY OK source="domains" db=0.4ms idle=1674.8ms
SELECT d0."id", d0."domain", d0."is_active", d0."is_default", d0."mailcow_id", d0."description", d0."inserted_at", d0."updated_at" FROM "domains" AS d0 WHERE (d0."is_active" = TRUE) ORDER BY d0."is_default" DESC, d0."domain" []
[90m↳ TempmailWeb.HomeLive.mount/3, at: lib/tempmail_web/live/home_live.ex:15[0m
[debug] Replied in 614µs
[debug] Live reload: lib/tempmail_web/components/layouts/root.html.heex
[debug] Live reload: lib/tempmail_web/components/layouts/root.html.heex
[debug] Live reload: lib/tempmail_web/components/layouts/root.html.heex
[debug] Live reload: lib/tempmail_web/components/layouts/root.html.heex
[debug] Live reload: lib/tempmail_web/components/layouts/root.html.heex
[debug] Live reload: lib/tempmail_web/components/layouts/root.html.heex

Rebuilding...
[debug] Live reload: lib/tempmail_web/components/layouts.ex
[debug] Live reload: lib/tempmail_web/components/layouts.ex
Compiling 1 file (.ex)
[debug] Live reload: priv/static/assets/app.css

[debug] Live reload: priv/static/assets/app.css
Done in 269ms.
[debug] Live reload: priv/static/assets/app.css
[debug] Live reload: priv/static/assets/app.css

Rebuilding...

Done in 37ms.

Rebuilding...
Generated tempmail app
[info] GET /
[debug] Processing with TempmailWeb.HomeLive.index/2
  Parameters: %{}
  Pipelines: [:browser]
[debug] QUERY OK source="domains" db=0.4ms queue=0.1ms idle=1558.6ms
SELECT d0."id", d0."domain", d0."is_active", d0."is_default", d0."mailcow_id", d0."description", d0."inserted_at", d0."updated_at" FROM "domains" AS d0 WHERE (d0."is_active" = TRUE) ORDER BY d0."is_default" DESC, d0."domain" []
[90m↳ TempmailWeb.HomeLive.mount/3, at: lib/tempmail_web/live/home_live.ex:15[0m
[info] Sent 200 in 4ms

Done in 44ms.
[debug] Live reload: lib/tempmail_web/components/layouts.ex
[debug] Live reload: lib/tempmail_web/components/layouts.ex
[info] GET /
[debug] Processing with TempmailWeb.HomeLive.index/2
  Parameters: %{}
  Pipelines: [:browser]
[debug] QUERY OK source="domains" db=0.4ms idle=632.4ms
SELECT d0."id", d0."domain", d0."is_active", d0."is_default", d0."mailcow_id", d0."description", d0."inserted_at", d0."updated_at" FROM "domains" AS d0 WHERE (d0."is_active" = TRUE) ORDER BY d0."is_default" DESC, d0."domain" []
[90m↳ TempmailWeb.HomeLive.mount/3, at: lib/tempmail_web/live/home_live.ex:15[0m
[info] Sent 200 in 1ms

Rebuilding...

Done in 31ms.
[info] CONNECTED TO Phoenix.LiveView.Socket in 0µs
  Transport: :websocket
  Serializer: Phoenix.Socket.V2.JSONSerializer
  Parameters: %{"_csrf_token" => "IR5kO05URBxlF3kWSAQsHEU1AypGCB9LwL4IxavLUq8b-qVe2y1KuGhx", "_live_referer" => "undefined", "_mount_attempts" => "0", "_mounts" => "0", "_track_static" => %{"0" => "http://localhost:4001/assets/app.css", "1" => "http://localhost:4001/assets/app.js"}, "vsn" => "2.0.0"}
[debug] MOUNT TempmailWeb.HomeLive
  Parameters: %{}
  Session: %{"_csrf_token" => "VRPr652P0fAteuzywL2a3Ow3"}
[debug] QUERY OK source="domains" db=0.3ms idle=1141.3ms
SELECT d0."id", d0."domain", d0."is_active", d0."is_default", d0."mailcow_id", d0."description", d0."inserted_at", d0."updated_at" FROM "domains" AS d0 WHERE (d0."is_active" = TRUE) ORDER BY d0."is_default" DESC, d0."domain" []
[90m↳ TempmailWeb.HomeLive.mount/3, at: lib/tempmail_web/live/home_live.ex:15[0m
[debug] Replied in 512µs
[info] GET /
[debug] Processing with TempmailWeb.HomeLive.index/2
  Parameters: %{}
  Pipelines: [:browser]
[debug] QUERY OK source="domains" db=0.3ms idle=1997.1ms
SELECT d0."id", d0."domain", d0."is_active", d0."is_default", d0."mailcow_id", d0."description", d0."inserted_at", d0."updated_at" FROM "domains" AS d0 WHERE (d0."is_active" = TRUE) ORDER BY d0."is_default" DESC, d0."domain" []
[90m↳ TempmailWeb.HomeLive.mount/3, at: lib/tempmail_web/live/home_live.ex:15[0m
[info] Sent 200 in 1ms
[info] CONNECTED TO Phoenix.LiveView.Socket in 0µs
  Transport: :websocket
  Serializer: Phoenix.Socket.V2.JSONSerializer
  Parameters: %{"_csrf_token" => "MCUeIldGeWBqEAkdFxcjPh0JZ1JcAj99fwNPasK0ZvHirbYGjEU3oMHN", "_live_referer" => "undefined", "_mount_attempts" => "0", "_mounts" => "0", "_track_static" => %{"0" => "http://localhost:4001/assets/app.css", "1" => "http://localhost:4001/assets/app.js"}, "vsn" => "2.0.0"}
[debug] MOUNT TempmailWeb.HomeLive
  Parameters: %{}
  Session: %{"_csrf_token" => "VRPr652P0fAteuzywL2a3Ow3"}
[debug] QUERY OK source="domains" db=0.3ms queue=0.1ms idle=1477.3ms
SELECT d0."id", d0."domain", d0."is_active", d0."is_default", d0."mailcow_id", d0."description", d0."inserted_at", d0."updated_at" FROM "domains" AS d0 WHERE (d0."is_active" = TRUE) ORDER BY d0."is_default" DESC, d0."domain" []
[90m↳ TempmailWeb.HomeLive.mount/3, at: lib/tempmail_web/live/home_live.ex:15[0m
[debug] Replied in 614µs
[debug] HANDLE EVENT "generate" in TempmailWeb.HomeLive
  Parameters: %{"domain" => ""}
[debug] QUERY OK source="domains" db=0.4ms idle=1431.0ms
SELECT d0."id", d0."domain", d0."is_active", d0."is_default", d0."mailcow_id", d0."description", d0."inserted_at", d0."updated_at" FROM "domains" AS d0 WHERE (d0."is_active" = TRUE) ORDER BY d0."is_default" DESC, d0."domain" []
[90m↳ Tempmail.Mail.choose_domain/1, at: lib/tempmail/mail.ex:64[0m
[debug] Replied in 921µs
[debug] MOUNT TempmailWeb.HomeLive
  Parameters: %{}
  Session: %{"_csrf_token" => "VRPr652P0fAteuzywL2a3Ow3"}
[debug] QUERY OK source="domains" db=0.3ms queue=0.1ms idle=1195.9ms
SELECT d0."id", d0."domain", d0."is_active", d0."is_default", d0."mailcow_id", d0."description", d0."inserted_at", d0."updated_at" FROM "domains" AS d0 WHERE (d0."is_active" = TRUE) ORDER BY d0."is_default" DESC, d0."domain" []
[90m↳ TempmailWeb.HomeLive.mount/3, at: lib/tempmail_web/live/home_live.ex:15[0m
[debug] Replied in 819µs
[debug] Live reload: lib/tempmail_web/components/layouts/app.html.heex
[debug] Live reload: lib/tempmail_web/components/layouts/app.html.heex
[debug] Live reload: lib/tempmail_web/components/layouts/app.html.heex
[debug] Live reload: lib/tempmail_web/components/layouts/app.html.heex
[debug] Live reload: lib/tempmail_web/components/layouts/app.html.heex
[debug] Live reload: lib/tempmail_web/components/layouts/app.html.heex

Rebuilding...
[debug] Live reload: priv/static/assets/app.css
[debug] Live reload: priv/static/assets/app.css

Done in 41ms.
[debug] Live reload: priv/static/assets/app.css
[debug] Live reload: priv/static/assets/app.css
[debug] Live reload: lib/tempmail_web/components/layouts.ex
[debug] Live reload: lib/tempmail_web/components/layouts.ex
Compiling 1 file (.ex)

Rebuilding...

Done in 36ms.
Generated tempmail app
[info] GET /
[debug] Processing with TempmailWeb.HomeLive.index/2
  Parameters: %{}
  Pipelines: [:browser]
[debug] QUERY OK source="domains" db=0.4ms idle=1133.0ms
SELECT d0."id", d0."domain", d0."is_active", d0."is_default", d0."mailcow_id", d0."description", d0."inserted_at", d0."updated_at" FROM "domains" AS d0 WHERE (d0."is_active" = TRUE) ORDER BY d0."is_default" DESC, d0."domain" []
[90m↳ TempmailWeb.HomeLive.mount/3, at: lib/tempmail_web/live/home_live.ex:15[0m
[info] Sent 200 in 5ms
[debug] Live reload: lib/tempmail_web/components/layouts.ex

Rebuilding...
[info] CONNECTED TO Phoenix.LiveView.Socket in 0µs
  Transport: :websocket
  Serializer: Phoenix.Socket.V2.JSONSerializer
  Parameters: %{"_csrf_token" => "DyQPOVtASCBVPHIuVyQzK041QRRKDBJCYv_KmuzpeZ3Z2QIR9ysuyCeq", "_live_referer" => "undefined", "_mount_attempts" => "0", "_mounts" => "0", "_track_static" => %{"0" => "http://localhost:4001/assets/app.css", "1" => "http://localhost:4001/assets/app.js"}, "vsn" => "2.0.0"}
[debug] MOUNT TempmailWeb.HomeLive
  Parameters: %{}
  Session: %{"_csrf_token" => "VRPr652P0fAteuzywL2a3Ow3"}
[debug] QUERY OK source="domains" db=0.3ms idle=1646.1ms
SELECT d0."id", d0."domain", d0."is_active", d0."is_default", d0."mailcow_id", d0."description", d0."inserted_at", d0."updated_at" FROM "domains" AS d0 WHERE (d0."is_active" = TRUE) ORDER BY d0."is_default" DESC, d0."domain" []
[90m↳ TempmailWeb.HomeLive.mount/3, at: lib/tempmail_web/live/home_live.ex:15[0m
[debug] Replied in 614µs

Done in 43ms.
[info] GET /
[debug] Processing with TempmailWeb.HomeLive.index/2
  Parameters: %{}
  Pipelines: [:browser]
[debug] QUERY OK source="domains" db=0.2ms queue=0.1ms idle=319.2ms
SELECT d0."id", d0."domain", d0."is_active", d0."is_default", d0."mailcow_id", d0."description", d0."inserted_at", d0."updated_at" FROM "domains" AS d0 WHERE (d0."is_active" = TRUE) ORDER BY d0."is_default" DESC, d0."domain" []
[90m↳ TempmailWeb.HomeLive.mount/3, at: lib/tempmail_web/live/home_live.ex:15[0m
[info] Sent 200 in 1ms
[info] CONNECTED TO Phoenix.LiveView.Socket in 0µs
  Transport: :websocket
  Serializer: Phoenix.Socket.V2.JSONSerializer
  Parameters: %{"_csrf_token" => "IxocBmRSRihpL3AXMDBPNUcAaylSJwR6uHLtRgtxYI1cUE5L0LYHahsI", "_live_referer" => "undefined", "_mount_attempts" => "0", "_mounts" => "0", "_track_static" => %{"0" => "http://localhost:4001/assets/app.css", "1" => "http://localhost:4001/assets/app.js"}, "vsn" => "2.0.0"}
[debug] MOUNT TempmailWeb.HomeLive
  Parameters: %{}
  Session: %{"_csrf_token" => "VRPr652P0fAteuzywL2a3Ow3"}
[debug] QUERY OK source="domains" db=0.3ms idle=805.8ms
SELECT d0."id", d0."domain", d0."is_active", d0."is_default", d0."mailcow_id", d0."description", d0."inserted_at", d0."updated_at" FROM "domains" AS d0 WHERE (d0."is_active" = TRUE) ORDER BY d0."is_default" DESC, d0."domain" []
[90m↳ TempmailWeb.HomeLive.mount/3, at: lib/tempmail_web/live/home_live.ex:15[0m
[debug] Replied in 512µs
[debug] MOUNT TempmailWeb.StaticPageLive
  Parameters: %{}
  Session: %{"_csrf_token" => "VRPr652P0fAteuzywL2a3Ow3"}
[debug] Replied in 0µs
[debug] MOUNT TempmailWeb.StaticPageLive
  Parameters: %{}
  Session: %{"_csrf_token" => "VRPr652P0fAteuzywL2a3Ow3"}
[debug] Replied in 102µs
[debug] MOUNT TempmailWeb.StaticPageLive
  Parameters: %{}
  Session: %{"_csrf_token" => "VRPr652P0fAteuzywL2a3Ow3"}
[debug] Replied in 204µs
[debug] MOUNT TempmailWeb.HomeLive
  Parameters: %{}
  Session: %{"_csrf_token" => "VRPr652P0fAteuzywL2a3Ow3"}
[debug] QUERY OK source="domains" db=0.4ms idle=89.6ms
SELECT d0."id", d0."domain", d0."is_active", d0."is_default", d0."mailcow_id", d0."description", d0."inserted_at", d0."updated_at" FROM "domains" AS d0 WHERE (d0."is_active" = TRUE) ORDER BY d0."is_default" DESC, d0."domain" []
[90m↳ TempmailWeb.HomeLive.mount/3, at: lib/tempmail_web/live/home_live.ex:15[0m
[debug] Replied in 716µs
[info] GET /
[debug] Processing with TempmailWeb.HomeLive.index/2
  Parameters: %{}
  Pipelines: [:browser]
[debug] QUERY OK source="domains" db=0.3ms idle=1258.7ms
SELECT d0."id", d0."domain", d0."is_active", d0."is_default", d0."mailcow_id", d0."description", d0."inserted_at", d0."updated_at" FROM "domains" AS d0 WHERE (d0."is_active" = TRUE) ORDER BY d0."is_default" DESC, d0."domain" []
[90m↳ TempmailWeb.HomeLive.mount/3, at: lib/tempmail_web/live/home_live.ex:15[0m
[info] Sent 200 in 1ms
[info] CONNECTED TO Phoenix.LiveView.Socket in 0µs
  Transport: :websocket
  Serializer: Phoenix.Socket.V2.JSONSerializer
  Parameters: %{"_csrf_token" => "JiIkP3MEeyZVNBQ6CUM-TgZ8Zz5WKDBapptME1IveRUNl6D7q0U_egGi", "_live_referer" => "undefined", "_mount_attempts" => "0", "_mounts" => "0", "_track_static" => %{"0" => "http://localhost:4001/assets/app.css", "1" => "http://localhost:4001/assets/app.js"}, "vsn" => "2.0.0"}
[debug] MOUNT TempmailWeb.HomeLive
  Parameters: %{}
  Session: %{"_csrf_token" => "VRPr652P0fAteuzywL2a3Ow3"}
[debug] QUERY OK source="domains" db=0.3ms idle=1739.7ms
SELECT d0."id", d0."domain", d0."is_active", d0."is_default", d0."mailcow_id", d0."description", d0."inserted_at", d0."updated_at" FROM "domains" AS d0 WHERE (d0."is_active" = TRUE) ORDER BY d0."is_default" DESC, d0."domain" []
[90m↳ TempmailWeb.HomeLive.mount/3, at: lib/tempmail_web/live/home_live.ex:15[0m
[debug] Replied in 614µs
[debug] Live reload: lib/tempmail_web/live/home_live.html.heex
[debug] Live reload: lib/tempmail_web/live/home_live.html.heex
[debug] Live reload: lib/tempmail_web/live/home_live.html.heex
[debug] Live reload: lib/tempmail_web/live/home_live.html.heex
[debug] Live reload: lib/tempmail_web/live/home_live.html.heex
[debug] Live reload: lib/tempmail_web/live/home_live.html.heex
[debug] Live reload: lib/tempmail_web/live/home_live.ex
[debug] Live reload: lib/tempmail_web/live/home_live.ex
Compiling 1 file (.ex)

Rebuilding...
[debug] Live reload: priv/static/assets/app.css
[debug] Live reload: priv/static/assets/app.css

Done in 254ms.
[debug] Live reload: priv/static/assets/app.css
[debug] Live reload: priv/static/assets/app.css

Rebuilding...

Done in 40ms.
Generated tempmail app
[info] GET /
[debug] Processing with TempmailWeb.HomeLive.index/2
  Parameters: %{}
  Pipelines: [:browser]
[debug] QUERY OK source="domains" db=0.3ms idle=1854.0ms
SELECT d0."id", d0."domain", d0."is_active", d0."is_default", d0."mailcow_id", d0."description", d0."inserted_at", d0."updated_at" FROM "domains" AS d0 WHERE (d0."is_active" = TRUE) ORDER BY d0."is_default" DESC, d0."domain" []
[90m↳ TempmailWeb.HomeLive.mount/3, at: lib/tempmail_web/live/home_live.ex:15[0m
[info] Sent 200 in 5ms
[info] CONNECTED TO Phoenix.LiveView.Socket in 0µs
  Transport: :websocket
  Serializer: Phoenix.Socket.V2.JSONSerializer
  Parameters: %{"_csrf_token" => "IjE2QQBPZjVVCCo9HQY1IUE6AQVANkVdtcf36zTeenkIxsOX6v3dsy2n", "_live_referer" => "undefined", "_mount_attempts" => "0", "_mounts" => "0", "_track_static" => %{"0" => "http://localhost:4001/assets/app.css", "1" => "http://localhost:4001/assets/app.js"}, "vsn" => "2.0.0"}
[debug] MOUNT TempmailWeb.HomeLive
  Parameters: %{}
  Session: %{"_csrf_token" => "VRPr652P0fAteuzywL2a3Ow3"}
[debug] QUERY OK source="domains" db=0.3ms idle=1410.6ms
SELECT d0."id", d0."domain", d0."is_active", d0."is_default", d0."mailcow_id", d0."description", d0."inserted_at", d0."updated_at" FROM "domains" AS d0 WHERE (d0."is_active" = TRUE) ORDER BY d0."is_default" DESC, d0."domain" []
[90m↳ TempmailWeb.HomeLive.mount/3, at: lib/tempmail_web/live/home_live.ex:15[0m
[debug] Replied in 614µs
[debug] Live reload: lib/tempmail_web/components/layouts/app.html.heex
[debug] Live reload: lib/tempmail_web/components/layouts/app.html.heex
[debug] Live reload: lib/tempmail_web/components/layouts/app.html.heex
[debug] Live reload: lib/tempmail_web/components/layouts/app.html.heex
[debug] Live reload: lib/tempmail_web/live/home_live.html.heex
[debug] Live reload: lib/tempmail_web/live/home_live.html.heex
[debug] Live reload: lib/tempmail_web/live/home_live.html.heex
[debug] Live reload: lib/tempmail_web/live/home_live.html.heex
[debug] Live reload: lib/tempmail_web/live/home_live.ex
[debug] Live reload: lib/tempmail_web/live/home_live.ex
[debug] Live reload: lib/tempmail_web/components/layouts.ex
[debug] Live reload: lib/tempmail_web/components/layouts.ex
Compiling 2 files (.ex)

Rebuilding...

Done in 41ms.

Rebuilding...

Done in 40ms.
Generated tempmail app
[info] GET /
[debug] Processing with TempmailWeb.HomeLive.index/2
  Parameters: %{}
  Pipelines: [:browser]
[debug] QUERY OK source="domains" db=0.3ms idle=1065.7ms
SELECT d0."id", d0."domain", d0."is_active", d0."is_default", d0."mailcow_id", d0."description", d0."inserted_at", d0."updated_at" FROM "domains" AS d0 WHERE (d0."is_active" = TRUE) ORDER BY d0."is_default" DESC, d0."domain" []
[90m↳ TempmailWeb.HomeLive.mount/3, at: lib/tempmail_web/live/home_live.ex:15[0m
[info] Sent 200 in 3ms
[debug] Live reload: lib/tempmail_web/live/home_live.ex
[debug] Live reload: lib/tempmail_web/components/layouts.ex

Rebuilding...

Done in 36ms.
[info] CONNECTED TO Phoenix.LiveView.Socket in 0µs
  Transport: :websocket
  Serializer: Phoenix.Socket.V2.JSONSerializer
  Parameters: %{"_csrf_token" => "IiQTQGRHaBtHIQcFKBpDOhUaegtmIzhitvC2RrZKwGFqMo9CbVHjUlOQ", "_live_referer" => "undefined", "_mount_attempts" => "0", "_mounts" => "0", "_track_static" => %{"0" => "http://localhost:4001/assets/app.css", "1" => "http://localhost:4001/assets/app.js"}, "vsn" => "2.0.0"}
[debug] MOUNT TempmailWeb.HomeLive
  Parameters: %{}
  Session: %{"_csrf_token" => "VRPr652P0fAteuzywL2a3Ow3"}
[debug] QUERY OK source="domains" db=0.4ms idle=1644.3ms
SELECT d0."id", d0."domain", d0."is_active", d0."is_default", d0."mailcow_id", d0."description", d0."inserted_at", d0."updated_at" FROM "domains" AS d0 WHERE (d0."is_active" = TRUE) ORDER BY d0."is_default" DESC, d0."domain" []
[90m↳ TempmailWeb.HomeLive.mount/3, at: lib/tempmail_web/live/home_live.ex:15[0m
[debug] Replied in 716µs
[debug] Live reload: priv/static/assets/app.css
[debug] Live reload: priv/static/assets/app.css
[debug] Live reload: priv/static/assets/app.css
[debug] Live reload: priv/static/assets/app.css
[debug] Live reload: priv/static/assets/app.js
[debug] Live reload: priv/static/assets/app.js
[debug] Live reload: priv/static/assets/app.js
[debug] Live reload: priv/static/assets/app.js
[info] GET /
[debug] Processing with TempmailWeb.HomeLive.index/2
  Parameters: %{}
  Pipelines: [:browser]
[debug] QUERY OK source="domains" db=0.3ms idle=401.5ms
SELECT d0."id", d0."domain", d0."is_active", d0."is_default", d0."mailcow_id", d0."description", d0."inserted_at", d0."updated_at" FROM "domains" AS d0 WHERE (d0."is_active" = TRUE) ORDER BY d0."is_default" DESC, d0."domain" []
[90m↳ TempmailWeb.HomeLive.mount/3, at: lib/tempmail_web/live/home_live.ex:15[0m
[info] Sent 200 in 1ms
[info] CONNECTED TO Phoenix.LiveView.Socket in 0µs
  Transport: :websocket
  Serializer: Phoenix.Socket.V2.JSONSerializer
  Parameters: %{"_csrf_token" => "FToqGXt-XwhWLyglK0EKMDEESxMAeQZQChzkMKmXfIiQN4pIFHyr36qc", "_live_referer" => "undefined", "_mount_attempts" => "0", "_mounts" => "0", "_track_static" => %{"0" => "http://localhost:4001/assets/app.css", "1" => "http://localhost:4001/assets/app.js"}, "vsn" => "2.0.0"}
[debug] MOUNT TempmailWeb.HomeLive
  Parameters: %{}
  Session: %{"_csrf_token" => "VRPr652P0fAteuzywL2a3Ow3"}
[debug] QUERY OK source="domains" db=0.4ms idle=935.8ms
SELECT d0."id", d0."domain", d0."is_active", d0."is_default", d0."mailcow_id", d0."description", d0."inserted_at", d0."updated_at" FROM "domains" AS d0 WHERE (d0."is_active" = TRUE) ORDER BY d0."is_default" DESC, d0."domain" []
[90m↳ TempmailWeb.HomeLive.mount/3, at: lib/tempmail_web/live/home_live.ex:15[0m
[debug] Replied in 716µs
[debug] Live reload: lib/tempmail_web/live/home_live.ex
[debug] Live reload: lib/tempmail_web/live/home_live.ex
[debug] Live reload: lib/tempmail_web/live/home_live.ex
[debug] Live reload: lib/tempmail_web/live/home_live.ex
Compiling 1 file (.ex)

Rebuilding...
[debug] Live reload: priv/static/assets/app.css
[debug] Live reload: priv/static/assets/app.css

Done in 61ms.
[debug] Live reload: priv/static/assets/app.css
[debug] Live reload: priv/static/assets/app.css
Generated tempmail app
[info] GET /
[debug] Processing with TempmailWeb.HomeLive.index/2
  Parameters: %{}
  Pipelines: [:browser]
[debug] QUERY OK source="domains" db=0.3ms idle=555.8ms
SELECT d0."id", d0."domain", d0."is_active", d0."is_default", d0."mailcow_id", d0."description", d0."inserted_at", d0."updated_at" FROM "domains" AS d0 WHERE (d0."is_active" = TRUE) ORDER BY d0."is_default" DESC, d0."domain" []
[90m↳ TempmailWeb.HomeLive.mount/3, at: lib/tempmail_web/live/home_live.ex:15[0m
[info] Sent 200 in 3ms
[info] CONNECTED TO Phoenix.LiveView.Socket in 0µs
  Transport: :websocket
  Serializer: Phoenix.Socket.V2.JSONSerializer
  Parameters: %{"_csrf_token" => "ZzMlFWR7cCNdLgsDUiBILSIrSyp2AQFa1augRNBsmHJw7U2TUgyKENvi", "_live_referer" => "undefined", "_mount_attempts" => "0", "_mounts" => "0", "_track_static" => %{"0" => "http://localhost:4001/assets/app.css", "1" => "http://localhost:4001/assets/app.js"}, "vsn" => "2.0.0"}
[debug] MOUNT TempmailWeb.HomeLive
  Parameters: %{}
  Session: %{"_csrf_token" => "VRPr652P0fAteuzywL2a3Ow3"}
[debug] QUERY OK source="domains" db=0.3ms queue=0.1ms idle=1091.1ms
SELECT d0."id", d0."domain", d0."is_active", d0."is_default", d0."mailcow_id", d0."description", d0."inserted_at", d0."updated_at" FROM "domains" AS d0 WHERE (d0."is_active" = TRUE) ORDER BY d0."is_default" DESC, d0."domain" []
[90m↳ TempmailWeb.HomeLive.mount/3, at: lib/tempmail_web/live/home_live.ex:15[0m
[debug] Replied in 614µs
[debug] Live reload: lib/tempmail_web/live/home_live.ex
[debug] Live reload: lib/tempmail_web/live/home_live.ex
[debug] Live reload: lib/tempmail_web/live/home_live.ex
[debug] Live reload: lib/tempmail_web/live/home_live.ex
Compiling 1 file (.ex)

Rebuilding...

Done in 44ms.
Generated tempmail app
[info] GET /
[debug] Processing with TempmailWeb.HomeLive.index/2
  Parameters: %{}
  Pipelines: [:browser]
[debug] QUERY OK source="domains" db=0.4ms idle=175.6ms
SELECT d0."id", d0."domain", d0."is_active", d0."is_default", d0."mailcow_id", d0."description", d0."inserted_at", d0."updated_at" FROM "domains" AS d0 WHERE (d0."is_active" = TRUE) ORDER BY d0."is_default" DESC, d0."domain" []
[90m↳ TempmailWeb.HomeLive.mount/3, at: lib/tempmail_web/live/home_live.ex:15[0m
[info] Sent 200 in 4ms
[info] CONNECTED TO Phoenix.LiveView.Socket in 0µs
  Transport: :websocket
  Serializer: Phoenix.Socket.V2.JSONSerializer
  Parameters: %{"_csrf_token" => "ZBkIN2xDfx5hMi4QLCo5MA8eChsAeh162KXEZvMNQTodI_CIxR8z35jI", "_live_referer" => "undefined", "_mount_attempts" => "0", "_mounts" => "0", "_track_static" => %{"0" => "http://localhost:4001/assets/app.css", "1" => "http://localhost:4001/assets/app.js"}, "vsn" => "2.0.0"}
[debug] MOUNT TempmailWeb.HomeLive
  Parameters: %{}
  Session: %{"_csrf_token" => "VRPr652P0fAteuzywL2a3Ow3"}
[debug] QUERY OK source="domains" db=0.4ms queue=0.1ms idle=715.8ms
SELECT d0."id", d0."domain", d0."is_active", d0."is_default", d0."mailcow_id", d0."description", d0."inserted_at", d0."updated_at" FROM "domains" AS d0 WHERE (d0."is_active" = TRUE) ORDER BY d0."is_default" DESC, d0."domain" []
[90m↳ TempmailWeb.HomeLive.mount/3, at: lib/tempmail_web/live/home_live.ex:15[0m
[debug] Replied in 819µs
[debug] Live reload: priv/static/assets/app.css
[debug] Live reload: priv/static/assets/app.css
[debug] Live reload: priv/static/assets/app.css
[debug] Live reload: priv/static/assets/app.css
[debug] Live reload: priv/static/assets/app.js
[debug] Live reload: priv/static/assets/app.js
[debug] Live reload: priv/static/assets/app.js
[debug] Live reload: priv/static/assets/app.js
[info] GET /
[debug] Processing with TempmailWeb.HomeLive.index/2
  Parameters: %{}
  Pipelines: [:browser]
[debug] QUERY OK source="domains" db=0.4ms queue=0.1ms idle=714.7ms
SELECT d0."id", d0."domain", d0."is_active", d0."is_default", d0."mailcow_id", d0."description", d0."inserted_at", d0."updated_at" FROM "domains" AS d0 WHERE (d0."is_active" = TRUE) ORDER BY d0."is_default" DESC, d0."domain" []
[90m↳ TempmailWeb.HomeLive.mount/3, at: lib/tempmail_web/live/home_live.ex:15[0m
[info] Sent 200 in 1ms
[info] CONNECTED TO Phoenix.LiveView.Socket in 0µs
  Transport: :websocket
  Serializer: Phoenix.Socket.V2.JSONSerializer
  Parameters: %{"_csrf_token" => "PiMiEUxqAhJ5EgxDHxQ9OBIOUBtHIyNShqrcz_0BItM7zaGAeBbztlTa", "_live_referer" => "undefined", "_mount_attempts" => "0", "_mounts" => "0", "_track_static" => %{"0" => "http://localhost:4001/assets/app.css", "1" => "http://localhost:4001/assets/app.js"}, "vsn" => "2.0.0"}
[debug] MOUNT TempmailWeb.HomeLive
  Parameters: %{}
  Session: %{"_csrf_token" => "VRPr652P0fAteuzywL2a3Ow3"}
[debug] QUERY OK source="domains" db=0.5ms idle=1290.4ms
SELECT d0."id", d0."domain", d0."is_active", d0."is_default", d0."mailcow_id", d0."description", d0."inserted_at", d0."updated_at" FROM "domains" AS d0 WHERE (d0."is_active" = TRUE) ORDER BY d0."is_default" DESC, d0."domain" []
[90m↳ TempmailWeb.HomeLive.mount/3, at: lib/tempmail_web/live/home_live.ex:15[0m
[debug] Replied in 716µs
[debug] Live reload: lib/tempmail_web/live/home_live.ex
[debug] Live reload: lib/tempmail_web/live/home_live.ex
[debug] Live reload: lib/tempmail_web/components/layouts.ex
[debug] Live reload: lib/tempmail_web/components/layouts.ex
[info] GET /
[debug] Processing with TempmailWeb.HomeLive.index/2
  Parameters: %{}
  Pipelines: [:browser]
[debug] QUERY OK source="domains" db=0.3ms queue=0.1ms idle=283.2ms
SELECT d0."id", d0."domain", d0."is_active", d0."is_default", d0."mailcow_id", d0."description", d0."inserted_at", d0."updated_at" FROM "domains" AS d0 WHERE (d0."is_active" = TRUE) ORDER BY d0."is_default" DESC, d0."domain" []
[90m↳ TempmailWeb.HomeLive.mount/3, at: lib/tempmail_web/live/home_live.ex:15[0m
[info] Sent 200 in 1ms

Rebuilding...
[debug] Live reload: priv/static/assets/app.css

Done in 61ms.
[debug] Live reload: priv/static/assets/app.css
[info] CONNECTED TO Phoenix.LiveView.Socket in 102µs
  Transport: :websocket
  Serializer: Phoenix.Socket.V2.JSONSerializer
  Parameters: %{"_csrf_token" => "PT8VQFcYWzJ1IDszCRk5KREGcDAeIz1dkmE2a-ibEFzGllCPfJBQ-lJn", "_live_referer" => "undefined", "_mount_attempts" => "0", "_mounts" => "0", "_track_static" => %{"0" => "http://localhost:4001/assets/app.css", "1" => "http://localhost:4001/assets/app.js"}, "vsn" => "2.0.0"}
[debug] MOUNT TempmailWeb.HomeLive
  Parameters: %{}
  Session: %{"_csrf_token" => "VRPr652P0fAteuzywL2a3Ow3"}
[debug] QUERY OK source="domains" db=0.2ms decode=0.1ms idle=829.8ms
SELECT d0."id", d0."domain", d0."is_active", d0."is_default", d0."mailcow_id", d0."description", d0."inserted_at", d0."updated_at" FROM "domains" AS d0 WHERE (d0."is_active" = TRUE) ORDER BY d0."is_default" DESC, d0."domain" []
[90m↳ TempmailWeb.HomeLive.mount/3, at: lib/tempmail_web/live/home_live.ex:15[0m
[debug] Replied in 512µs
[debug] Live reload: lib/tempmail_web/components/layouts/app.html.heex
[debug] Live reload: lib/tempmail_web/components/layouts/app.html.heex
[debug] Live reload: lib/tempmail_web/components/layouts/app.html.heex
[debug] Live reload: lib/tempmail_web/components/layouts/app.html.heex

Rebuilding...

Done in 52ms.
[debug] Live reload: lib/tempmail_web/components/layouts.ex
[debug] Live reload: lib/tempmail_web/components/layouts.ex
Compiling 1 file (.ex)

Rebuilding...

Done in 58ms.
Generated tempmail app
[info] GET /
[debug] Processing with TempmailWeb.HomeLive.index/2
  Parameters: %{}
  Pipelines: [:browser]
[debug] QUERY OK source="domains" db=0.7ms queue=0.1ms idle=1324.8ms
SELECT d0."id", d0."domain", d0."is_active", d0."is_default", d0."mailcow_id", d0."description", d0."inserted_at", d0."updated_at" FROM "domains" AS d0 WHERE (d0."is_active" = TRUE) ORDER BY d0."is_default" DESC, d0."domain" []
[90m↳ TempmailWeb.HomeLive.mount/3, at: lib/tempmail_web/live/home_live.ex:15[0m
[info] Sent 200 in 5ms
[info] CONNECTED TO Phoenix.LiveView.Socket in 0µs
  Transport: :websocket
  Serializer: Phoenix.Socket.V2.JSONSerializer
  Parameters: %{"_csrf_token" => "IitmPXNdUClGVxkWMlgVEzU4bQx2IycFty6OEhbyv1XbW-ojBt_mElP6", "_live_referer" => "undefined", "_mount_attempts" => "0", "_mounts" => "0", "_track_static" => %{"0" => "http://localhost:4001/assets/app.css", "1" => "http://localhost:4001/assets/app.js"}, "vsn" => "2.0.0"}
[debug] MOUNT TempmailWeb.HomeLive
  Parameters: %{}
  Session: %{"_csrf_token" => "VRPr652P0fAteuzywL2a3Ow3"}
[debug] QUERY OK source="domains" db=0.4ms idle=1860.3ms
SELECT d0."id", d0."domain", d0."is_active", d0."is_default", d0."mailcow_id", d0."description", d0."inserted_at", d0."updated_at" FROM "domains" AS d0 WHERE (d0."is_active" = TRUE) ORDER BY d0."is_default" DESC, d0."domain" []
[90m↳ TempmailWeb.HomeLive.mount/3, at: lib/tempmail_web/live/home_live.ex:15[0m
[debug] Replied in 716µs
[debug] Live reload: priv/static/assets/app.css
[debug] Live reload: priv/static/assets/app.css
[debug] Live reload: priv/static/assets/app.css
[debug] Live reload: priv/static/assets/app.css
[debug] Live reload: priv/static/assets/app.js
[debug] Live reload: priv/static/assets/app.js
[debug] Live reload: priv/static/assets/app.js
[debug] Live reload: priv/static/assets/app.js
[info] GET /
[debug] Processing with TempmailWeb.HomeLive.index/2
  Parameters: %{}
  Pipelines: [:browser]
[debug] QUERY OK source="domains" db=0.3ms queue=0.1ms idle=1101.3ms
SELECT d0."id", d0."domain", d0."is_active", d0."is_default", d0."mailcow_id", d0."description", d0."inserted_at", d0."updated_at" FROM "domains" AS d0 WHERE (d0."is_active" = TRUE) ORDER BY d0."is_default" DESC, d0."domain" []
[90m↳ TempmailWeb.HomeLive.mount/3, at: lib/tempmail_web/live/home_live.ex:15[0m
[info] Sent 200 in 1ms
[debug] Live reload: lib/tempmail_web/components/layouts.ex

Rebuilding...
[debug] Live reload: priv/static/assets/app.css

Done in 47ms.
[debug] Live reload: priv/static/assets/app.css
[debug] Live reload: lib/tempmail_web/components/layouts.ex
[info] CONNECTED TO Phoenix.LiveView.Socket in 0µs
  Transport: :websocket
  Serializer: Phoenix.Socket.V2.JSONSerializer
  Parameters: %{"_csrf_token" => "FQUiGnhMC2BXLjIhLEUIERsoAQd1ABBhCWrhNy90gHsUI0rhld3fFOgR", "_live_referer" => "undefined", "_mount_attempts" => "0", "_mounts" => "0", "_track_static" => %{"0" => "http://localhost:4001/assets/app.css", "1" => "http://localhost:4001/assets/app.js"}, "vsn" => "2.0.0"}
[debug] MOUNT TempmailWeb.HomeLive
  Parameters: %{}
  Session: %{"_csrf_token" => "VRPr652P0fAteuzywL2a3Ow3"}
[debug] QUERY OK source="domains" db=0.3ms idle=1630.8ms
SELECT d0."id", d0."domain", d0."is_active", d0."is_default", d0."mailcow_id", d0."description", d0."inserted_at", d0."updated_at" FROM "domains" AS d0 WHERE (d0."is_active" = TRUE) ORDER BY d0."is_default" DESC, d0."domain" []
[90m↳ TempmailWeb.HomeLive.mount/3, at: lib/tempmail_web/live/home_live.ex:15[0m
[debug] Replied in 512µs

Rebuilding...

Done in 45ms.
[debug] HANDLE EVENT "generate" in TempmailWeb.HomeLive
  Parameters: %{"domain" => ""}
[debug] QUERY OK source="domains" db=0.7ms idle=1748.0ms
SELECT d0."id", d0."domain", d0."is_active", d0."is_default", d0."mailcow_id", d0."description", d0."inserted_at", d0."updated_at" FROM "domains" AS d0 WHERE (d0."is_active" = TRUE) ORDER BY d0."is_default" DESC, d0."domain" []
[90m↳ Tempmail.Mail.choose_domain/1, at: lib/tempmail/mail.ex:64[0m
[debug] Replied in 1ms
[debug] Live reload: lib/tempmail_web/components/layouts/app.html.heex
[debug] Live reload: lib/tempmail_web/components/layouts/app.html.heex
[debug] Live reload: lib/tempmail_web/components/layouts/app.html.heex
[debug] Live reload: lib/tempmail_web/components/layouts/app.html.heex

Rebuilding...

Done in 44ms.
[debug] Live reload: lib/tempmail_web/components/layouts.ex
[debug] Live reload: lib/tempmail_web/components/layouts.ex
Compiling 1 file (.ex)

Rebuilding...

Done in 44ms.
Generated tempmail app
[info] GET /
[debug] Processing with TempmailWeb.HomeLive.index/2
  Parameters: %{}
  Pipelines: [:browser]
[debug] QUERY OK source="domains" db=0.4ms queue=0.1ms idle=1167.0ms
SELECT d0."id", d0."domain", d0."is_active", d0."is_default", d0."mailcow_id", d0."description", d0."inserted_at", d0."updated_at" FROM "domains" AS d0 WHERE (d0."is_active" = TRUE) ORDER BY d0."is_default" DESC, d0."domain" []
[90m↳ TempmailWeb.HomeLive.mount/3, at: lib/tempmail_web/live/home_live.ex:15[0m
[info] Sent 200 in 4ms
[debug] Live reload: lib/tempmail_web/components/layouts.ex
[info] CONNECTED TO Phoenix.LiveView.Socket in 0µs
  Transport: :websocket
  Serializer: Phoenix.Socket.V2.JSONSerializer
  Parameters: %{"_csrf_token" => "ewIDOVxDRR9oMjZNVTEJAEEoVlJdPkNn-PSKjvwOXTw90Dsy6dd3nq4T", "_live_referer" => "undefined", "_mount_attempts" => "0", "_mounts" => "0", "_track_static" => %{"0" => "http://localhost:4001/assets/app.css", "1" => "http://localhost:4001/assets/app.js"}, "vsn" => "2.0.0"}
[debug] MOUNT TempmailWeb.HomeLive
  Parameters: %{}
  Session: %{"_csrf_token" => "VRPr652P0fAteuzywL2a3Ow3"}
[debug] QUERY OK source="domains" db=0.3ms queue=0.1ms idle=678.8ms
SELECT d0."id", d0."domain", d0."is_active", d0."is_default", d0."mailcow_id", d0."description", d0."inserted_at", d0."updated_at" FROM "domains" AS d0 WHERE (d0."is_active" = TRUE) ORDER BY d0."is_default" DESC, d0."domain" []
[90m↳ TempmailWeb.HomeLive.mount/3, at: lib/tempmail_web/live/home_live.ex:15[0m
[debug] Replied in 614µs

Rebuilding...

Done in 33ms.
[debug] Live reload: priv/static/assets/app.css
[debug] Live reload: priv/static/assets/app.css
[debug] Live reload: priv/static/assets/app.css
[debug] Live reload: priv/static/assets/app.css
[debug] Live reload: priv/static/assets/app.js
[debug] Live reload: priv/static/assets/app.js
[debug] Live reload: priv/static/assets/app.js
[debug] Live reload: priv/static/assets/app.js
[info] GET /
[debug] Processing with TempmailWeb.HomeLive.index/2
  Parameters: %{}
  Pipelines: [:browser]
[debug] QUERY OK source="domains" db=0.3ms queue=0.1ms idle=578.3ms
SELECT d0."id", d0."domain", d0."is_active", d0."is_default", d0."mailcow_id", d0."description", d0."inserted_at", d0."updated_at" FROM "domains" AS d0 WHERE (d0."is_active" = TRUE) ORDER BY d0."is_default" DESC, d0."domain" []
[90m↳ TempmailWeb.HomeLive.mount/3, at: lib/tempmail_web/live/home_live.ex:15[0m
[info] Sent 200 in 1ms
[info] CONNECTED TO Phoenix.LiveView.Socket in 0µs
  Transport: :websocket
  Serializer: Phoenix.Socket.V2.JSONSerializer
  Parameters: %{"_csrf_token" => "DCs9PgZNcz4dM3k3DBQpG0R1QVlKYhtVZymL0xAn-U8CiaSb39s8y-lf", "_live_referer" => "undefined", "_mount_attempts" => "0", "_mounts" => "0", "_track_static" => %{"0" => "http://localhost:4001/assets/app.css", "1" => "http://localhost:4001/assets/app.js"}, "vsn" => "2.0.0"}
[debug] MOUNT TempmailWeb.HomeLive
  Parameters: %{}
  Session: %{"_csrf_token" => "VRPr652P0fAteuzywL2a3Ow3"}
[debug] QUERY OK source="domains" db=0.3ms queue=0.1ms idle=1108.8ms
SELECT d0."id", d0."domain", d0."is_active", d0."is_default", d0."mailcow_id", d0."description", d0."inserted_at", d0."updated_at" FROM "domains" AS d0 WHERE (d0."is_active" = TRUE) ORDER BY d0."is_default" DESC, d0."domain" []
[90m↳ TempmailWeb.HomeLive.mount/3, at: lib/tempmail_web/live/home_live.ex:15[0m
[debug] Replied in 614µs
[debug] Live reload: lib/tempmail_web/components/layouts.ex
[debug] Live reload: lib/tempmail_web/components/layouts.ex

Rebuilding...
[debug] Live reload: lib/tempmail_web/components/layouts.ex
[debug] Live reload: lib/tempmail_web/components/layouts.ex
[debug] Live reload: priv/static/assets/app.css
[debug] Live reload: priv/static/assets/app.css
[info] GET /
[debug] Processing with TempmailWeb.HomeLive.index/2
  Parameters: %{}
  Pipelines: [:browser]
[debug] QUERY OK source="domains" db=0.4ms idle=1607.5ms
SELECT d0."id", d0."domain", d0."is_active", d0."is_default", d0."mailcow_id", d0."description", d0."inserted_at", d0."updated_at" FROM "domains" AS d0 WHERE (d0."is_active" = TRUE) ORDER BY d0."is_default" DESC, d0."domain" []
[90m↳ TempmailWeb.HomeLive.mount/3, at: lib/tempmail_web/live/home_live.ex:15[0m
[info] Sent 200 in 1ms
[debug] Live reload: priv/static/assets/app.css

Done in 112ms.

Rebuilding...

Done in 44ms.
[info] CONNECTED TO Phoenix.LiveView.Socket in 0µs
  Transport: :websocket
  Serializer: Phoenix.Socket.V2.JSONSerializer
  Parameters: %{"_csrf_token" => "LhAmAHd3bSR2X3A6MC0fFB8vcRIHHxZ1xBvrAB_tF91NUXemhcCs4PaF", "_live_referer" => "undefined", "_mount_attempts" => "0", "_mounts" => "0", "_track_static" => %{"0" => "http://localhost:4001/assets/app.css", "1" => "http://localhost:4001/assets/app.js"}, "vsn" => "2.0.0"}
[debug] MOUNT TempmailWeb.HomeLive
  Parameters: %{}
  Session: %{"_csrf_token" => "VRPr652P0fAteuzywL2a3Ow3"}
[debug] QUERY OK source="domains" db=0.3ms idle=1046.3ms
SELECT d0."id", d0."domain", d0."is_active", d0."is_default", d0."mailcow_id", d0."description", d0."inserted_at", d0."updated_at" FROM "domains" AS d0 WHERE (d0."is_active" = TRUE) ORDER BY d0."is_default" DESC, d0."domain" []
[90m↳ TempmailWeb.HomeLive.mount/3, at: lib/tempmail_web/live/home_live.ex:15[0m
[debug] Replied in 716µs
[warning] navigate event to "http://localhost:4001/users/log_in" failed because you are redirecting across live_sessions. A full page reload will be performed instead
[info] GET /users/log_in
[debug] Processing with TempmailWeb.UserLoginLive.new/2
  Parameters: %{}
  Pipelines: [:browser, :redirect_if_user_is_authenticated]
[info] Sent 200 in 716µs
[info] CONNECTED TO Phoenix.LiveView.Socket in 0µs
  Transport: :websocket
  Serializer: Phoenix.Socket.V2.JSONSerializer
  Parameters: %{"_csrf_token" => "ExgPIA5qXzZjDmwWATk5Gg81Ygp5FhFBEJ_R8_mfSh-bdLCcxyPkJYfr", "_live_referer" => "undefined", "_mount_attempts" => "0", "_mounts" => "0", "_track_static" => %{"0" => "http://localhost:4001/assets/app.css", "1" => "http://localhost:4001/assets/app.js"}, "vsn" => "2.0.0"}
[debug] MOUNT TempmailWeb.UserLoginLive
  Parameters: %{}
  Session: %{"_csrf_token" => "VRPr652P0fAteuzywL2a3Ow3"}
[debug] Replied in 102µs
[debug] Live reload: lib/tempmail_web/components/layouts/app.html.heex
[debug] Live reload: lib/tempmail_web/components/layouts/app.html.heex
[debug] Live reload: lib/tempmail_web/components/layouts/app.html.heex
[debug] Live reload: lib/tempmail_web/components/layouts/app.html.heex

Rebuilding...

Done in 43ms.
[debug] Live reload: lib/tempmail_web/components/layouts.ex
[debug] Live reload: lib/tempmail_web/components/layouts.ex
Compiling 1 file (.ex)

Rebuilding...

Done in 31ms.
Generated tempmail app
[info] GET /users/log_in
[debug] Processing with TempmailWeb.UserLoginLive.new/2
  Parameters: %{}
  Pipelines: [:browser, :redirect_if_user_is_authenticated]
[info] Sent 200 in 3ms
[debug] Live reload: lib/tempmail_web/components/layouts.ex
[info] CONNECTED TO Phoenix.LiveView.Socket in 0µs
  Transport: :websocket
  Serializer: Phoenix.Socket.V2.JSONSerializer
  Parameters: %{"_csrf_token" => "PWEYOHAYajcCFxUHDx0zMS07RhV6AidSk3HJF-Xg2qTsjhIHZwttIMPa", "_live_referer" => "undefined", "_mount_attempts" => "0", "_mounts" => "0", "_track_static" => %{"0" => "http://localhost:4001/assets/app.css", "1" => "http://localhost:4001/assets/app.js"}, "vsn" => "2.0.0"}
[debug] MOUNT TempmailWeb.UserLoginLive
  Parameters: %{}
  Session: %{"_csrf_token" => "VRPr652P0fAteuzywL2a3Ow3"}
[debug] Replied in 204µs

Rebuilding...

Done in 34ms.
[debug] Live reload: priv/static/assets/app.css
[debug] Live reload: priv/static/assets/app.css
[debug] Live reload: priv/static/assets/app.css
[debug] Live reload: priv/static/assets/app.css
[debug] Live reload: priv/static/assets/app.js
[debug] Live reload: priv/static/assets/app.js
[debug] Live reload: priv/static/assets/app.js
[debug] Live reload: priv/static/assets/app.js
[info] GET /users/log_in
[debug] Processing with TempmailWeb.UserLoginLive.new/2
  Parameters: %{}
  Pipelines: [:browser, :redirect_if_user_is_authenticated]
[info] Sent 200 in 819µs
[info] CONNECTED TO Phoenix.LiveView.Socket in 0µs
  Transport: :websocket
  Serializer: Phoenix.Socket.V2.JSONSerializer
  Parameters: %{"_csrf_token" => "bwM0QWxCRB58NwghVCcxHQE1VhB7LiFC9Qd3ZwvNLQIU1RKdvydqHaVq", "_live_referer" => "undefined", "_mount_attempts" => "0", "_mounts" => "0", "_track_static" => %{"0" => "http://localhost:4001/assets/app.css", "1" => "http://localhost:4001/assets/app.js"}, "vsn" => "2.0.0"}
[debug] MOUNT TempmailWeb.UserLoginLive
  Parameters: %{}
  Session: %{"_csrf_token" => "VRPr652P0fAteuzywL2a3Ow3"}
[debug] Replied in 102µs
[debug] Live reload: lib/tempmail_web/components/layouts.ex
[debug] Live reload: lib/tempmail_web/components/layouts.ex

Rebuilding...
[debug] Live reload: priv/static/assets/app.css
[debug] Live reload: priv/static/assets/app.css

[debug] Live reload: priv/static/assets/app.css
Done in 44ms.
[debug] Live reload: priv/static/assets/app.css
[info] GET /users/log_in
[debug] Processing with TempmailWeb.UserLoginLive.new/2
  Parameters: %{}
  Pipelines: [:browser, :redirect_if_user_is_authenticated]
[info] Sent 200 in 716µs
[info] CONNECTED TO Phoenix.LiveView.Socket in 0µs
  Transport: :websocket
  Serializer: Phoenix.Socket.V2.JSONSerializer
  Parameters: %{"_csrf_token" => "Yx4ZX3BAUQ9_FCQCUCI3CkYIfAdgJDhx5LI-Fuc_Orev5WMs1DNfSkOB", "_live_referer" => "undefined", "_mount_attempts" => "0", "_mounts" => "0", "_track_static" => %{"0" => "http://localhost:4001/assets/app.css", "1" => "http://localhost:4001/assets/app.js"}, "vsn" => "2.0.0"}
[debug] MOUNT TempmailWeb.UserLoginLive
  Parameters: %{}
  Session: %{"_csrf_token" => "VRPr652P0fAteuzywL2a3Ow3"}
[debug] Replied in 102µs
[warning] navigate event to "http://localhost:4001/" failed because you are redirecting across live_sessions. A full page reload will be performed instead
[info] GET /
[debug] Processing with TempmailWeb.HomeLive.index/2
  Parameters: %{}
  Pipelines: [:browser]
[debug] QUERY OK source="domains" db=0.3ms queue=0.1ms idle=1427.5ms
SELECT d0."id", d0."domain", d0."is_active", d0."is_default", d0."mailcow_id", d0."description", d0."inserted_at", d0."updated_at" FROM "domains" AS d0 WHERE (d0."is_active" = TRUE) ORDER BY d0."is_default" DESC, d0."domain" []
[90m↳ TempmailWeb.HomeLive.mount/3, at: lib/tempmail_web/live/home_live.ex:15[0m
[info] Sent 200 in 1ms
[info] CONNECTED TO Phoenix.LiveView.Socket in 0µs
  Transport: :websocket
  Serializer: Phoenix.Socket.V2.JSONSerializer
  Parameters: %{"_csrf_token" => "biAUGnNbcBdkCQc7MTE_STYIWxJdFxB08rDhEnBGToFOTDE0ADisnXgG", "_live_referer" => "undefined", "_mount_attempts" => "0", "_mounts" => "0", "_track_static" => %{"0" => "http://localhost:4001/assets/app.css", "1" => "http://localhost:4001/assets/app.js"}, "vsn" => "2.0.0"}
[debug] MOUNT TempmailWeb.HomeLive
  Parameters: %{}
  Session: %{"_csrf_token" => "VRPr652P0fAteuzywL2a3Ow3"}
[debug] QUERY OK source="domains" db=0.3ms queue=0.1ms idle=934.1ms
SELECT d0."id", d0."domain", d0."is_active", d0."is_default", d0."mailcow_id", d0."description", d0."inserted_at", d0."updated_at" FROM "domains" AS d0 WHERE (d0."is_active" = TRUE) ORDER BY d0."is_default" DESC, d0."domain" []
[90m↳ TempmailWeb.HomeLive.mount/3, at: lib/tempmail_web/live/home_live.ex:15[0m
[debug] Replied in 614µs
[info] CONNECTED TO Phoenix.LiveView.Socket in 0µs
  Transport: :websocket
  Serializer: Phoenix.Socket.V2.JSONSerializer
  Parameters: %{"_csrf_token" => "JGAYAHwZHhpwNFwgbFREZiBMa1ktNhMQe9PkLpHm7S-UX9s3GaX-OtuI", "_live_referer" => "undefined", "_mount_attempts" => "0", "_mounts" => "0", "_track_static" => %{"0" => "http://127.0.0.1:4001/assets/app.css", "1" => "http://127.0.0.1:4001/assets/app.js"}, "vsn" => "2.0.0"}
[debug] MOUNT TempmailWeb.HomeLive
  Parameters: %{}
  Session: %{"_csrf_token" => "AYHk0iVwGgqu4m7Ug-3tbBfY"}
[debug] QUERY OK source="domains" db=0.2ms queue=0.1ms idle=1587.0ms
SELECT d0."id", d0."domain", d0."is_active", d0."is_default", d0."mailcow_id", d0."description", d0."inserted_at", d0."updated_at" FROM "domains" AS d0 WHERE (d0."is_active" = TRUE) ORDER BY d0."is_default" DESC, d0."domain" []
[90m↳ TempmailWeb.HomeLive.mount/3, at: lib/tempmail_web/live/home_live.ex:15[0m
[debug] Replied in 512µs
[info] GET /
[debug] Processing with TempmailWeb.HomeLive.index/2
  Parameters: %{}
  Pipelines: [:browser]
[debug] QUERY OK source="domains" db=0.3ms idle=1656.5ms
SELECT d0."id", d0."domain", d0."is_active", d0."is_default", d0."mailcow_id", d0."description", d0."inserted_at", d0."updated_at" FROM "domains" AS d0 WHERE (d0."is_active" = TRUE) ORDER BY d0."is_default" DESC, d0."domain" []
[90m↳ TempmailWeb.HomeLive.mount/3, at: lib/tempmail_web/live/home_live.ex:15[0m
[info] Sent 200 in 1ms
[error] GenServer #PID<0.2608.0> terminating
** (stop) :econnaborted
Process Label: {:thousand_island, :connection, {Bandit.DelegatingHandler, {{127, 0, 0, 1}, 56252}}}
Last message: {:tcp_error, #Port<0.427>, :econnaborted}
State: {%ThousandIsland.Socket{socket: #Port<0.427>, transport_module: ThousandIsland.Transports.TCP, read_timeout: 60000, silent_terminate_on_error: false, span: %ThousandIsland.Telemetry{span_name: :connection, telemetry_span_context: #Reference<0.1557660048.3216769025.191104>, start_time: -5764597843283752, start_metadata: %{handler: Bandit.DelegatingHandler, remote_port: 56252, remote_address: {127, 0, 0, 1}, telemetry_span_context: #Reference<0.1557660048.3216769025.191104>, parent_telemetry_span_context: #Reference<0.1557660048.3216769051.157665>}, handler: Bandit.DelegatingHandler, span_metadata: %{handler: Bandit.DelegatingHandler, telemetry_span_context: #Reference<0.1557660048.3216769025.191104>}}}, %{connection: %Bandit.WebSocket.Connection{websock: Phoenix.LiveReloader.Socket, websock_state: {%{channels: %{}, channels_inverse: %{}}, %Phoenix.Socket{assigns: %{}, channel: nil, channel_pid: nil, endpoint: TempmailWeb.Endpoint, handler: Phoenix.LiveReloader.Socket, id: nil, joined: false, join_ref: nil, private: %{}, pubsub_server: Tempmail.PubSub, ref: nil, serializer: Phoenix.Socket.V2.JSONSerializer, topic: nil, transport: :websocket, transport_pid: #PID<0.2608.0>}}, state: :open, compress: nil, opts: [compress: nil, path: "/websocket", serializer: [{Phoenix.Socket.V1.JSONSerializer, "~> 1.0.0"}, {Phoenix.Socket.V2.JSONSerializer, "~> 2.0.0"}], error_handler: {Phoenix.Transports.WebSocket, :handle_error, []}, timeout: 60000, transport_log: false], fragment_frame: nil, span: %Bandit.Telemetry{span_name: :websocket, telemetry_span_context: #Reference<0.1557660048.3216769029.167341>, start_time: -5764597842159401, start_metadata: %{websock: Phoenix.LiveReloader.Socket, telemetry_span_context: #Reference<0.1557660048.3216769029.167341>, connection_telemetry_span_context: #Reference<0.1557660048.3216769025.191104>}}, metrics: %{}}, handler_module: Bandit.WebSocket.Handler, extractor: %Bandit.Extractor{header: "", payload: [], payload_length: 0, required_length: 0, mode: :header_parsing, max_frame_size: 8000000, frame_parser: Bandit.WebSocket.Frame, primitive_ops_module: Bandit.PrimitiveOps.WebSocket}}}
[info] CONNECTED TO Phoenix.LiveView.Socket in 102µs
  Transport: :websocket
  Serializer: Phoenix.Socket.V2.JSONSerializer
  Parameters: %{"_csrf_token" => "DSAqIWcDL0AeBCYBWF9jGR9CXFkudTxhLybJWjy7YcWtl2TLxoo-L7Z8", "_live_referer" => "undefined", "_mount_attempts" => "0", "_mounts" => "0", "_track_static" => %{"0" => "http://127.0.0.1:4001/assets/app.css", "1" => "http://127.0.0.1:4001/assets/app.js"}, "vsn" => "2.0.0"}
[debug] MOUNT TempmailWeb.HomeLive
  Parameters: %{}
  Session: %{"_csrf_token" => "AYHk0iVwGgqu4m7Ug-3tbBfY"}
[debug] QUERY OK source="domains" db=0.4ms idle=1885.5ms
SELECT d0."id", d0."domain", d0."is_active", d0."is_default", d0."mailcow_id", d0."description", d0."inserted_at", d0."updated_at" FROM "domains" AS d0 WHERE (d0."is_active" = TRUE) ORDER BY d0."is_default" DESC, d0."domain" []
[90m↳ TempmailWeb.HomeLive.mount/3, at: lib/tempmail_web/live/home_live.ex:15[0m
[debug] Replied in 614µs
[info] GET /
[debug] Processing with TempmailWeb.HomeLive.index/2
  Parameters: %{}
  Pipelines: [:browser]
[debug] QUERY OK source="domains" db=0.2ms idle=1529.9ms
SELECT d0."id", d0."domain", d0."is_active", d0."is_default", d0."mailcow_id", d0."description", d0."inserted_at", d0."updated_at" FROM "domains" AS d0 WHERE (d0."is_active" = TRUE) ORDER BY d0."is_default" DESC, d0."domain" []
[90m↳ TempmailWeb.HomeLive.mount/3, at: lib/tempmail_web/live/home_live.ex:15[0m
[info] Sent 200 in 1ms
[info] CONNECTED TO Phoenix.LiveView.Socket in 0µs
  Transport: :websocket
  Serializer: Phoenix.Socket.V2.JSONSerializer
  Parameters: %{"_csrf_token" => "exMqRw5tYjxZVBA9MRAlMAETSy1QLSdB-Az58XPli2QITe_Iv_yLcbPr", "_live_referer" => "undefined", "_mount_attempts" => "0", "_mounts" => "0", "_track_static" => %{"0" => "http://localhost:4001/assets/app.css", "1" => "http://localhost:4001/assets/app.js"}, "vsn" => "2.0.0"}
[debug] MOUNT TempmailWeb.HomeLive
  Parameters: %{}
  Session: %{"_csrf_token" => "VRPr652P0fAteuzywL2a3Ow3"}
[debug] QUERY OK source="domains" db=0.4ms idle=2006.2ms
SELECT d0."id", d0."domain", d0."is_active", d0."is_default", d0."mailcow_id", d0."description", d0."inserted_at", d0."updated_at" FROM "domains" AS d0 WHERE (d0."is_active" = TRUE) ORDER BY d0."is_default" DESC, d0."domain" []
[90m↳ TempmailWeb.HomeLive.mount/3, at: lib/tempmail_web/live/home_live.ex:15[0m
[debug] Replied in 716µs
[debug] MOUNT TempmailWeb.BlogLive
  Parameters: %{}
  Session: %{"_csrf_token" => "VRPr652P0fAteuzywL2a3Ow3"}
[debug] QUERY OK source="blog_posts" db=0.2ms idle=1872.3ms
SELECT b0."id", b0."author_id", b0."slug", b0."status", b0."featured_image", b0."published_at", b0."view_count", b0."inserted_at", b0."updated_at" FROM "blog_posts" AS b0 WHERE (b0."status" = 'PUBLISHED') ORDER BY b0."published_at" DESC []
[90m↳ TempmailWeb.BlogLive.mount/3, at: lib/tempmail_web/live/blog_live.ex:14[0m
[debug] Replied in 512µs
[debug] MOUNT TempmailWeb.HomeLive
  Parameters: %{}
  Session: %{"_csrf_token" => "VRPr652P0fAteuzywL2a3Ow3"}
[debug] QUERY OK source="domains" db=0.3ms idle=102.8ms
SELECT d0."id", d0."domain", d0."is_active", d0."is_default", d0."mailcow_id", d0."description", d0."inserted_at", d0."updated_at" FROM "domains" AS d0 WHERE (d0."is_active" = TRUE) ORDER BY d0."is_default" DESC, d0."domain" []
[90m↳ TempmailWeb.HomeLive.mount/3, at: lib/tempmail_web/live/home_live.ex:15[0m
[debug] Replied in 512µs
[debug] Live reload: lib/tempmail_web/live/home_live.html.heex
[debug] Live reload: lib/tempmail_web/live/home_live.html.heex
[debug] Live reload: lib/tempmail_web/live/home_live.html.heex
[debug] Live reload: lib/tempmail_web/live/home_live.html.heex
[debug] Live reload: lib/tempmail_web/live/home_live.html.heex
[debug] Live reload: lib/tempmail_web/live/home_live.html.heex
[debug] Live reload: lib/tempmail_web/live/home_live.ex
[debug] Live reload: lib/tempmail_web/live/home_live.ex
[debug] Live reload: lib/tempmail_web/live/home_live.ex
Compiling 1 file (.ex)

Rebuilding...
Generated tempmail app
[info] GET /
[debug] Processing with TempmailWeb.HomeLive.index/2
  Parameters: %{}
  Pipelines: [:browser]
[debug] QUERY OK source="domains" db=0.3ms queue=0.1ms idle=947.9ms
SELECT d0."id", d0."domain", d0."is_active", d0."is_default", d0."mailcow_id", d0."description", d0."inserted_at", d0."updated_at" FROM "domains" AS d0 WHERE (d0."is_active" = TRUE) ORDER BY d0."is_default" DESC, d0."domain" []
[90m↳ TempmailWeb.HomeLive.mount/3, at: lib/tempmail_web/live/home_live.ex:15[0m
[info] Sent 200 in 4ms

[debug] Live reload: priv/static/assets/app.css
Done in 59ms.
[debug] Live reload: priv/static/assets/app.css
[debug] Live reload: priv/static/assets/app.css
[debug] Live reload: priv/static/assets/app.css

Rebuilding...
[debug] Live reload: lib/tempmail_web/live/home_live.ex
[debug] Live reload: lib/tempmail_web/live/home_live.ex
[info] GET /
[debug] Processing with TempmailWeb.HomeLive.index/2
  Parameters: %{}
  Pipelines: [:browser]
[debug] QUERY OK source="domains" db=0.3ms queue=0.1ms idle=1019.4ms
SELECT d0."id", d0."domain", d0."is_active", d0."is_default", d0."mailcow_id", d0."description", d0."inserted_at", d0."updated_at" FROM "domains" AS d0 WHERE (d0."is_active" = TRUE) ORDER BY d0."is_default" DESC, d0."domain" []
[90m↳ TempmailWeb.HomeLive.mount/3, at: lib/tempmail_web/live/home_live.ex:15[0m
[info] Sent 200 in 1ms
[info] GET /
[debug] Processing with TempmailWeb.HomeLive.index/2
  Parameters: %{}
  Pipelines: [:browser]
[debug] QUERY OK source="domains" db=0.4ms idle=1156.6ms
SELECT d0."id", d0."domain", d0."is_active", d0."is_default", d0."mailcow_id", d0."description", d0."inserted_at", d0."updated_at" FROM "domains" AS d0 WHERE (d0."is_active" = TRUE) ORDER BY d0."is_default" DESC, d0."domain" []
[90m↳ TempmailWeb.HomeLive.mount/3, at: lib/tempmail_web/live/home_live.ex:15[0m
[info] Sent 200 in 1ms

Done in 188ms.

Rebuilding...

Done in 39ms.
[info] CONNECTED TO Phoenix.LiveView.Socket in 102µs
  Transport: :websocket
  Serializer: Phoenix.Socket.V2.JSONSerializer
  Parameters: %{"_csrf_token" => "BRM-WH0jIjAvLjAcYRpfDV5KVEQacwsrDJv3MJtGhIAiUwhX9gg0x1mr", "_live_referer" => "undefined", "_mount_attempts" => "0", "_mounts" => "0", "_track_static" => %{"0" => "http://127.0.0.1:4001/assets/app.css", "1" => "http://127.0.0.1:4001/assets/app.js"}, "vsn" => "2.0.0"}
[debug] MOUNT TempmailWeb.HomeLive
  Parameters: %{}
  Session: %{"_csrf_token" => "AYHk0iVwGgqu4m7Ug-3tbBfY"}
[debug] QUERY OK source="domains" db=0.3ms queue=0.1ms idle=1527.8ms
SELECT d0."id", d0."domain", d0."is_active", d0."is_default", d0."mailcow_id", d0."description", d0."inserted_at", d0."updated_at" FROM "domains" AS d0 WHERE (d0."is_active" = TRUE) ORDER BY d0."is_default" DESC, d0."domain" []
[90m↳ TempmailWeb.HomeLive.mount/3, at: lib/tempmail_web/live/home_live.ex:15[0m
[debug] Replied in 614µs
[info] CONNECTED TO Phoenix.LiveView.Socket in 0µs
  Transport: :websocket
  Serializer: Phoenix.Socket.V2.JSONSerializer
  Parameters: %{"_csrf_token" => "BjRhJmZeZTNRUw0FFwI-Lg4aCxZyLhN2Pf1TPkWca5LqrwDWyV9wAadE", "_live_referer" => "undefined", "_mount_attempts" => "0", "_mounts" => "0", "_track_static" => %{"0" => "http://localhost:4001/assets/app.css", "1" => "http://localhost:4001/assets/app.js"}, "vsn" => "2.0.0"}
[debug] MOUNT TempmailWeb.HomeLive
  Parameters: %{}
  Session: %{"_csrf_token" => "VRPr652P0fAteuzywL2a3Ow3"}
[debug] QUERY OK source="domains" db=0.3ms queue=0.1ms idle=652.7ms
SELECT d0."id", d0."domain", d0."is_active", d0."is_default", d0."mailcow_id", d0."description", d0."inserted_at", d0."updated_at" FROM "domains" AS d0 WHERE (d0."is_active" = TRUE) ORDER BY d0."is_default" DESC, d0."domain" []
[90m↳ TempmailWeb.HomeLive.mount/3, at: lib/tempmail_web/live/home_live.ex:15[0m
[debug] Replied in 614µs
[info] CONNECTED TO Phoenix.LiveView.Socket in 0µs
  Transport: :websocket
  Serializer: Phoenix.Socket.V2.JSONSerializer
  Parameters: %{"_csrf_token" => "YDsfR39jRAJeIjMOVQYSPxB-dFlHJkN16iO5IVvRnDrz0shFg2F8ti4F", "_live_referer" => "undefined", "_mount_attempts" => "0", "_mounts" => "0", "_track_static" => %{"0" => "http://localhost:4001/assets/app.css", "1" => "http://localhost:4001/assets/app.js"}, "vsn" => "2.0.0"}
[debug] MOUNT TempmailWeb.HomeLive
  Parameters: %{}
  Session: %{"_csrf_token" => "VRPr652P0fAteuzywL2a3Ow3"}
[debug] QUERY OK source="domains" db=0.4ms idle=1225.9ms
SELECT d0."id", d0."domain", d0."is_active", d0."is_default", d0."mailcow_id", d0."description", d0."inserted_at", d0."updated_at" FROM "domains" AS d0 WHERE (d0."is_active" = TRUE) ORDER BY d0."is_default" DESC, d0."domain" []
[90m↳ TempmailWeb.HomeLive.mount/3, at: lib/tempmail_web/live/home_live.ex:15[0m
[debug] Replied in 716µs
[info] GET /
[debug] Processing with TempmailWeb.HomeLive.index/2
  Parameters: %{}
  Pipelines: [:browser]
[debug] QUERY OK source="domains" db=0.2ms idle=1462.7ms
SELECT d0."id", d0."domain", d0."is_active", d0."is_default", d0."mailcow_id", d0."description", d0."inserted_at", d0."updated_at" FROM "domains" AS d0 WHERE (d0."is_active" = TRUE) ORDER BY d0."is_default" DESC, d0."domain" []
[90m↳ TempmailWeb.HomeLive.mount/3, at: lib/tempmail_web/live/home_live.ex:15[0m
[info] Sent 200 in 1ms
[info] CONNECTED TO Phoenix.LiveView.Socket in 102µs
  Transport: :websocket
  Serializer: Phoenix.Socket.V2.JSONSerializer
  Parameters: %{"_csrf_token" => "Aj58U2QeEj8kXzkEVhllDAZudRcmbw8jCg48TwDHc8HqbtRYaCFcD-iz", "_live_referer" => "undefined", "_mount_attempts" => "0", "_mounts" => "0", "_track_static" => %{"0" => "http://127.0.0.1:4001/assets/app.css", "1" => "http://127.0.0.1:4001/assets/app.js"}, "vsn" => "2.0.0"}
[debug] MOUNT TempmailWeb.HomeLive
  Parameters: %{}
  Session: %{"_csrf_token" => "AYHk0iVwGgqu4m7Ug-3tbBfY"}
[debug] QUERY OK source="domains" db=0.3ms idle=670.3ms
SELECT d0."id", d0."domain", d0."is_active", d0."is_default", d0."mailcow_id", d0."description", d0."inserted_at", d0."updated_at" FROM "domains" AS d0 WHERE (d0."is_active" = TRUE) ORDER BY d0."is_default" DESC, d0."domain" []
[90m↳ TempmailWeb.HomeLive.mount/3, at: lib/tempmail_web/live/home_live.ex:15[0m
[debug] Replied in 614µs
[info] GET /
[debug] Processing with TempmailWeb.HomeLive.index/2
  Parameters: %{}
  Pipelines: [:browser]
[debug] QUERY OK source="domains" db=0.4ms idle=414.1ms
SELECT d0."id", d0."domain", d0."is_active", d0."is_default", d0."mailcow_id", d0."description", d0."inserted_at", d0."updated_at" FROM "domains" AS d0 WHERE (d0."is_active" = TRUE) ORDER BY d0."is_default" DESC, d0."domain" []
[90m↳ TempmailWeb.HomeLive.mount/3, at: lib/tempmail_web/live/home_live.ex:15[0m
[info] Sent 200 in 1ms
[info] CONNECTED TO Phoenix.LiveView.Socket in 0µs
  Transport: :websocket
  Serializer: Phoenix.Socket.V2.JSONSerializer
  Parameters: %{"_csrf_token" => "GyQUBgZtBmNHLisaID88Kzs8ejUHdiVUMvDt0X43wHjnEJFRLpHT49Rg", "_live_referer" => "undefined", "_mount_attempts" => "0", "_mounts" => "0", "_track_static" => %{"0" => "http://localhost:4001/assets/app.css", "1" => "http://localhost:4001/assets/app.js"}, "vsn" => "2.0.0"}
[debug] MOUNT TempmailWeb.HomeLive
  Parameters: %{}
  Session: %{"_csrf_token" => "VRPr652P0fAteuzywL2a3Ow3"}
[debug] QUERY OK source="domains" db=0.3ms idle=931.5ms
SELECT d0."id", d0."domain", d0."is_active", d0."is_default", d0."mailcow_id", d0."description", d0."inserted_at", d0."updated_at" FROM "domains" AS d0 WHERE (d0."is_active" = TRUE) ORDER BY d0."is_default" DESC, d0."domain" []
[90m↳ TempmailWeb.HomeLive.mount/3, at: lib/tempmail_web/live/home_live.ex:15[0m
[debug] Replied in 614µs
[info] GET /
[debug] Processing with TempmailWeb.HomeLive.index/2
  Parameters: %{}
  Pipelines: [:browser]
[debug] QUERY OK source="domains" db=0.3ms idle=1865.3ms
SELECT d0."id", d0."domain", d0."is_active", d0."is_default", d0."mailcow_id", d0."description", d0."inserted_at", d0."updated_at" FROM "domains" AS d0 WHERE (d0."is_active" = TRUE) ORDER BY d0."is_default" DESC, d0."domain" []
[90m↳ TempmailWeb.HomeLive.mount/3, at: lib/tempmail_web/live/home_live.ex:15[0m
[info] Sent 200 in 1ms
[info] CONNECTED TO Phoenix.LiveView.Socket in 0µs
  Transport: :websocket
  Serializer: Phoenix.Socket.V2.JSONSerializer
  Parameters: %{"_csrf_token" => "BTo3NXhhdGEENClHClhXT0YZfkxHNTtYShgGNTF14Rh3o--61UL-tzLk", "_live_referer" => "undefined", "_mount_attempts" => "0", "_mounts" => "0", "_track_static" => %{"0" => "http://localhost:4001/assets/app.css", "1" => "http://localhost:4001/assets/app.js"}, "vsn" => "2.0.0"}
[debug] MOUNT TempmailWeb.HomeLive
  Parameters: %{}
  Session: %{"_csrf_token" => "VRPr652P0fAteuzywL2a3Ow3"}
[debug] QUERY OK source="domains" db=0.3ms idle=495.8ms
SELECT d0."id", d0."domain", d0."is_active", d0."is_default", d0."mailcow_id", d0."description", d0."inserted_at", d0."updated_at" FROM "domains" AS d0 WHERE (d0."is_active" = TRUE) ORDER BY d0."is_default" DESC, d0."domain" []
[90m↳ TempmailWeb.HomeLive.mount/3, at: lib/tempmail_web/live/home_live.ex:15[0m
[debug] Replied in 512µs
[info] GET /.well-known/appspecific/com.chrome.devtools.json
[debug] ** (Phoenix.Router.NoRouteError) no route found for GET /.well-known/appspecific/com.chrome.devtools.json (TempmailWeb.Router)
    (tempmail 0.1.0) deps/phoenix/lib/phoenix/router.ex:541: TempmailWeb.Router.call/2
    (tempmail 0.1.0) lib/tempmail_web/endpoint.ex:1: TempmailWeb.Endpoint.plug_builder_call/2
    (tempmail 0.1.0) deps/plug/lib/plug/debugger.ex:155: TempmailWeb.Endpoint."call (overridable 3)"/2
    (tempmail 0.1.0) lib/tempmail_web/endpoint.ex:1: TempmailWeb.Endpoint.call/2
    (phoenix 1.7.23) lib/phoenix/endpoint/sync_code_reload_plug.ex:22: Phoenix.Endpoint.SyncCodeReloadPlug.do_call/4
    (bandit 1.11.1) lib/bandit/pipeline.ex:126: Bandit.Pipeline.call_plug!/2
    (bandit 1.11.1) lib/bandit/pipeline.ex:42: Bandit.Pipeline.run/5
    (bandit 1.11.1) lib/bandit/http1/handler.ex:13: Bandit.HTTP1.Handler.handle_data/3
    (bandit 1.11.1) lib/bandit/delegating_handler.ex:18: Bandit.DelegatingHandler.handle_data/3
    (bandit 1.11.1) lib/bandit/delegating_handler.ex:8: Bandit.DelegatingHandler.handle_info/2
    (stdlib 7.3) gen_server.erl:2434: :gen_server.try_handle_info/3
    (stdlib 7.3) gen_server.erl:2420: :gen_server.handle_msg/3
    (stdlib 7.3) proc_lib.erl:333: :proc_lib.init_p_do_apply/3

[debug] MOUNT TempmailWeb.HomeLive
  Parameters: %{}
  Session: %{"_csrf_token" => "VRPr652P0fAteuzywL2a3Ow3"}
[debug] QUERY OK source="domains" db=0.4ms decode=0.1ms idle=1590.3ms
SELECT d0."id", d0."domain", d0."is_active", d0."is_default", d0."mailcow_id", d0."description", d0."inserted_at", d0."updated_at" FROM "domains" AS d0 WHERE (d0."is_active" = TRUE) ORDER BY d0."is_default" DESC, d0."domain" []
[90m↳ TempmailWeb.HomeLive.mount/3, at: lib/tempmail_web/live/home_live.ex:15[0m
[debug] Replied in 921µs
[debug] Live reload: lib/tempmail_web/live/home_live.html.heex
[debug] Live reload: lib/tempmail_web/live/home_live.html.heex
[debug] Live reload: lib/tempmail_web/live/home_live.html.heex
[debug] Live reload: lib/tempmail_web/live/home_live.html.heex
[debug] Live reload: lib/tempmail_web/live/home_live.html.heex
[debug] Live reload: lib/tempmail_web/live/home_live.html.heex
[debug] Live reload: lib/tempmail_web/live/home_live.ex
[debug] Live reload: lib/tempmail_web/live/home_live.ex
[debug] Live reload: lib/tempmail_web/live/home_live.ex
Compiling 1 file (.ex)

Rebuilding...
[debug] Live reload: priv/static/assets/app.css
[debug] Live reload: priv/static/assets/app.css
[debug] Live reload: priv/static/assets/app.css

Done in 53ms.
[debug] Live reload: priv/static/assets/app.css
[debug] Live reload: priv/static/assets/app.css
[debug] Live reload: priv/static/assets/app.css

Rebuilding...

Done in 51ms.
Generated tempmail app
[info] GET /
[debug] Processing with TempmailWeb.HomeLive.index/2
  Parameters: %{}
  Pipelines: [:browser]
[debug] QUERY OK source="domains" db=0.3ms queue=0.1ms idle=662.4ms
SELECT d0."id", d0."domain", d0."is_active", d0."is_default", d0."mailcow_id", d0."description", d0."inserted_at", d0."updated_at" FROM "domains" AS d0 WHERE (d0."is_active" = TRUE) ORDER BY d0."is_default" DESC, d0."domain" []
[90m↳ TempmailWeb.HomeLive.mount/3, at: lib/tempmail_web/live/home_live.ex:15[0m
[info] Sent 200 in 4ms
[debug] Live reload: lib/tempmail_web/live/home_live.ex
[debug] Live reload: lib/tempmail_web/live/home_live.ex
[info] GET /
[debug] Processing with TempmailWeb.HomeLive.index/2
  Parameters: %{}
  Pipelines: [:browser]
[debug] QUERY OK source="domains" db=0.4ms idle=753.8ms
SELECT d0."id", d0."domain", d0."is_active", d0."is_default", d0."mailcow_id", d0."description", d0."inserted_at", d0."updated_at" FROM "domains" AS d0 WHERE (d0."is_active" = TRUE) ORDER BY d0."is_default" DESC, d0."domain" []
[90m↳ TempmailWeb.HomeLive.mount/3, at: lib/tempmail_web/live/home_live.ex:15[0m
[info] Sent 200 in 1ms
[info] GET /
[debug] Processing with TempmailWeb.HomeLive.index/2
  Parameters: %{}
  Pipelines: [:browser]
[debug] QUERY OK source="domains" db=0.4ms idle=875.8ms
SELECT d0."id", d0."domain", d0."is_active", d0."is_default", d0."mailcow_id", d0."description", d0."inserted_at", d0."updated_at" FROM "domains" AS d0 WHERE (d0."is_active" = TRUE) ORDER BY d0."is_default" DESC, d0."domain" []
[90m↳ TempmailWeb.HomeLive.mount/3, at: lib/tempmail_web/live/home_live.ex:15[0m
[info] Sent 200 in 2ms

Rebuilding...

Done in 50ms.
[info] CONNECTED TO Phoenix.LiveView.Socket in 0µs
  Transport: :websocket
  Serializer: Phoenix.Socket.V2.JSONSerializer
  Parameters: %{"_csrf_token" => "BC1-A3ckGi8eFQAifhdQByRYcTIQFlZpEt6hGMLXYrqWJzgRCuBFrT00", "_live_referer" => "undefined", "_mount_attempts" => "0", "_mounts" => "0", "_track_static" => %{"0" => "http://127.0.0.1:4001/assets/app.css", "1" => "http://127.0.0.1:4001/assets/app.js"}, "vsn" => "2.0.0"}
[debug] MOUNT TempmailWeb.HomeLive
  Parameters: %{}
  Session: %{"_csrf_token" => "AYHk0iVwGgqu4m7Ug-3tbBfY"}
[debug] QUERY OK source="domains" db=0.2ms queue=0.1ms idle=306.9ms
SELECT d0."id", d0."domain", d0."is_active", d0."is_default", d0."mailcow_id", d0."description", d0."inserted_at", d0."updated_at" FROM "domains" AS d0 WHERE (d0."is_active" = TRUE) ORDER BY d0."is_default" DESC, d0."domain" []
[90m↳ TempmailWeb.HomeLive.mount/3, at: lib/tempmail_web/live/home_live.ex:15[0m
[debug] Replied in 512µs
[info] GET /.well-known/appspecific/com.chrome.devtools.json
[debug] ** (Phoenix.Router.NoRouteError) no route found for GET /.well-known/appspecific/com.chrome.devtools.json (TempmailWeb.Router)
    (tempmail 0.1.0) deps/phoenix/lib/phoenix/router.ex:541: TempmailWeb.Router.call/2
    (tempmail 0.1.0) lib/tempmail_web/endpoint.ex:1: TempmailWeb.Endpoint.plug_builder_call/2
    (tempmail 0.1.0) deps/plug/lib/plug/debugger.ex:155: TempmailWeb.Endpoint."call (overridable 3)"/2
    (tempmail 0.1.0) lib/tempmail_web/endpoint.ex:1: TempmailWeb.Endpoint.call/2
    (phoenix 1.7.23) lib/phoenix/endpoint/sync_code_reload_plug.ex:22: Phoenix.Endpoint.SyncCodeReloadPlug.do_call/4
    (bandit 1.11.1) lib/bandit/pipeline.ex:126: Bandit.Pipeline.call_plug!/2
    (bandit 1.11.1) lib/bandit/pipeline.ex:42: Bandit.Pipeline.run/5
    (bandit 1.11.1) lib/bandit/http1/handler.ex:13: Bandit.HTTP1.Handler.handle_data/3
    (bandit 1.11.1) lib/bandit/delegating_handler.ex:18: Bandit.DelegatingHandler.handle_data/3
    (bandit 1.11.1) lib/bandit/delegating_handler.ex:8: Bandit.DelegatingHandler.handle_info/2
    (stdlib 7.3) gen_server.erl:2434: :gen_server.try_handle_info/3
    (stdlib 7.3) gen_server.erl:2420: :gen_server.handle_msg/3
    (stdlib 7.3) proc_lib.erl:333: :proc_lib.init_p_do_apply/3

[info] CONNECTED TO Phoenix.LiveView.Socket in 0µs
  Transport: :websocket
  Serializer: Phoenix.Socket.V2.JSONSerializer
  Parameters: %{"_csrf_token" => "Bh4TH0Fjaxl-NhckIlg3NxAHQDsGYjBUPLCmwVYINPVPG-MNgKrZ5-Gg", "_live_referer" => "undefined", "_mount_attempts" => "0", "_mounts" => "0", "_track_static" => %{"0" => "http://localhost:4001/assets/app.css", "1" => "http://localhost:4001/assets/app.js"}, "vsn" => "2.0.0"}
[info] CONNECTED TO Phoenix.LiveView.Socket in 0µs
  Transport: :websocket
  Serializer: Phoenix.Socket.V2.JSONSerializer
  Parameters: %{"_csrf_token" => "PBo_PU9wCxdWVBExEUINPRg8ASxlFgFrjHoOyE9Gf2PEt7wDop3MVYvX", "_live_referer" => "undefined", "_mount_attempts" => "0", "_mounts" => "0", "_track_static" => %{"0" => "http://localhost:4001/assets/app.css", "1" => "http://localhost:4001/assets/app.js"}, "vsn" => "2.0.0"}
[debug] MOUNT TempmailWeb.HomeLive
  Parameters: %{}
  Session: %{"_csrf_token" => "VRPr652P0fAteuzywL2a3Ow3"}
[debug] QUERY OK source="domains" db=0.3ms queue=0.1ms idle=901.0ms
SELECT d0."id", d0."domain", d0."is_active", d0."is_default", d0."mailcow_id", d0."description", d0."inserted_at", d0."updated_at" FROM "domains" AS d0 WHERE (d0."is_active" = TRUE) ORDER BY d0."is_default" DESC, d0."domain" []
[90m↳ TempmailWeb.HomeLive.mount/3, at: lib/tempmail_web/live/home_live.ex:15[0m
[debug] Replied in 614µs
[debug] MOUNT TempmailWeb.HomeLive
  Parameters: %{}
  Session: %{"_csrf_token" => "VRPr652P0fAteuzywL2a3Ow3"}
[debug] QUERY OK source="domains" db=0.4ms idle=1221.0ms
SELECT d0."id", d0."domain", d0."is_active", d0."is_default", d0."mailcow_id", d0."description", d0."inserted_at", d0."updated_at" FROM "domains" AS d0 WHERE (d0."is_active" = TRUE) ORDER BY d0."is_default" DESC, d0."domain" []
[90m↳ TempmailWeb.HomeLive.mount/3, at: lib/tempmail_web/live/home_live.ex:15[0m
[debug] Replied in 819µs
[debug] HANDLE EVENT "generate" in TempmailWeb.HomeLive
  Parameters: %{"domain" => ""}
[debug] QUERY OK source="domains" db=0.3ms queue=0.1ms idle=999.7ms
SELECT d0."id", d0."domain", d0."is_active", d0."is_default", d0."mailcow_id", d0."description", d0."inserted_at", d0."updated_at" FROM "domains" AS d0 WHERE (d0."is_active" = TRUE) ORDER BY d0."is_default" DESC, d0."domain" []
[90m↳ Tempmail.Mail.choose_domain/1, at: lib/tempmail/mail.ex:64[0m
[debug] Replied in 716µs
[debug] Live reload: lib/tempmail_web/components/layouts/app.html.heex
[debug] Live reload: lib/tempmail_web/components/layouts/app.html.heex
[debug] Live reload: lib/tempmail_web/components/layouts/app.html.heex
[debug] Live reload: lib/tempmail_web/components/layouts/app.html.heex
[debug] Live reload: lib/tempmail_web/components/layouts/app.html.heex
[debug] Live reload: lib/tempmail_web/components/layouts/app.html.heex

Rebuilding...
[debug] Live reload: priv/static/assets/app.css
[debug] Live reload: priv/static/assets/app.css

[debug] Live reload: priv/static/assets/app.css
Done in 79ms.
[debug] Live reload: priv/static/assets/app.css
[debug] Live reload: priv/static/assets/app.css
[debug] Live reload: priv/static/assets/app.css
[debug] Live reload: lib/tempmail_web/components/layouts.ex
[debug] Live reload: lib/tempmail_web/components/layouts.ex
[debug] Live reload: lib/tempmail_web/components/layouts.ex
Compiling 1 file (.ex)

Rebuilding...

Done in 51ms.
Generated tempmail app
[info] GET /
[debug] Processing with TempmailWeb.HomeLive.index/2
  Parameters: %{}
  Pipelines: [:browser]
[debug] QUERY OK source="domains" db=0.3ms idle=1313.6ms
SELECT d0."id", d0."domain", d0."is_active", d0."is_default", d0."mailcow_id", d0."description", d0."inserted_at", d0."updated_at" FROM "domains" AS d0 WHERE (d0."is_active" = TRUE) ORDER BY d0."is_default" DESC, d0."domain" []
[90m↳ TempmailWeb.HomeLive.mount/3, at: lib/tempmail_web/live/home_live.ex:15[0m
[info] Sent 200 in 4ms
[info] GET /
[debug] Processing with TempmailWeb.HomeLive.index/2
  Parameters: %{}
  Pipelines: [:browser]
[debug] QUERY OK source="domains" db=0.3ms queue=0.1ms idle=383.4ms
SELECT d0."id", d0."domain", d0."is_active", d0."is_default", d0."mailcow_id", d0."description", d0."inserted_at", d0."updated_at" FROM "domains" AS d0 WHERE (d0."is_active" = TRUE) ORDER BY d0."is_default" DESC, d0."domain" []
[90m↳ TempmailWeb.HomeLive.mount/3, at: lib/tempmail_web/live/home_live.ex:15[0m
[info] Sent 200 in 1ms
[info] GET /
[debug] Processing with TempmailWeb.HomeLive.index/2
  Parameters: %{}
  Pipelines: [:browser]
[debug] QUERY OK source="domains" db=0.4ms idle=466.1ms
SELECT d0."id", d0."domain", d0."is_active", d0."is_default", d0."mailcow_id", d0."description", d0."inserted_at", d0."updated_at" FROM "domains" AS d0 WHERE (d0."is_active" = TRUE) ORDER BY d0."is_default" DESC, d0."domain" []
[90m↳ TempmailWeb.HomeLive.mount/3, at: lib/tempmail_web/live/home_live.ex:15[0m
[info] Sent 200 in 1ms
[info] CONNECTED TO Phoenix.LiveView.Socket in 0µs
  Transport: :websocket
  Serializer: Phoenix.Socket.V2.JSONSerializer
  Parameters: %{"_csrf_token" => "dwsOP0caGTIYUEcaeRhcAyZyQycLK1Ar6RFTwsOE_76oMukVA_pSii6r", "_live_referer" => "undefined", "_mount_attempts" => "0", "_mounts" => "0", "_track_static" => %{"0" => "http://127.0.0.1:4001/assets/app.css", "1" => "http://127.0.0.1:4001/assets/app.js"}, "vsn" => "2.0.0"}
[debug] MOUNT TempmailWeb.HomeLive
  Parameters: %{}
  Session: %{"_csrf_token" => "AYHk0iVwGgqu4m7Ug-3tbBfY"}
[debug] QUERY OK source="domains" db=0.3ms idle=877.5ms
SELECT d0."id", d0."domain", d0."is_active", d0."is_default", d0."mailcow_id", d0."description", d0."inserted_at", d0."updated_at" FROM "domains" AS d0 WHERE (d0."is_active" = TRUE) ORDER BY d0."is_default" DESC, d0."domain" []
[90m↳ TempmailWeb.HomeLive.mount/3, at: lib/tempmail_web/live/home_live.ex:15[0m
[debug] Replied in 614µs
[info] CONNECTED TO Phoenix.LiveView.Socket in 0µs
  Transport: :websocket
  Serializer: Phoenix.Socket.V2.JSONSerializer
  Parameters: %{"_csrf_token" => "PzE4NAIMXTZEKAo5XAFXKxJ5BSlGJiRLichF49oftNKM9t-Re57HuiSx", "_live_referer" => "undefined", "_mount_attempts" => "0", "_mounts" => "0", "_track_static" => %{"0" => "http://localhost:4001/assets/app.css", "1" => "http://localhost:4001/assets/app.js"}, "vsn" => "2.0.0"}
[debug] MOUNT TempmailWeb.HomeLive
  Parameters: %{}
  Session: %{"_csrf_token" => "VRPr652P0fAteuzywL2a3Ow3"}
[debug] QUERY OK source="domains" db=0.3ms decode=0.1ms queue=0.1ms idle=641.6ms
SELECT d0."id", d0."domain", d0."is_active", d0."is_default", d0."mailcow_id", d0."description", d0."inserted_at", d0."updated_at" FROM "domains" AS d0 WHERE (d0."is_active" = TRUE) ORDER BY d0."is_default" DESC, d0."domain" []
[90m↳ TempmailWeb.HomeLive.mount/3, at: lib/tempmail_web/live/home_live.ex:15[0m
[debug] Replied in 716µs
[info] CONNECTED TO Phoenix.LiveView.Socket in 0µs
  Transport: :websocket
  Serializer: Phoenix.Socket.V2.JSONSerializer
  Parameters: %{"_csrf_token" => "PSU0IGJ2dWV6XgkiDzA9LQAcc1IeEB1bkwdRTCG5J8HVjEGTwPA3-_jh", "_live_referer" => "undefined", "_mount_attempts" => "0", "_mounts" => "0", "_track_static" => %{"0" => "http://localhost:4001/assets/app.css", "1" => "http://localhost:4001/assets/app.js"}, "vsn" => "2.0.0"}
[debug] MOUNT TempmailWeb.HomeLive
  Parameters: %{}
  Session: %{"_csrf_token" => "VRPr652P0fAteuzywL2a3Ow3"}
[debug] QUERY OK source="domains" db=0.4ms idle=1054.7ms
SELECT d0."id", d0."domain", d0."is_active", d0."is_default", d0."mailcow_id", d0."description", d0."inserted_at", d0."updated_at" FROM "domains" AS d0 WHERE (d0."is_active" = TRUE) ORDER BY d0."is_default" DESC, d0."domain" []
[90m↳ TempmailWeb.HomeLive.mount/3, at: lib/tempmail_web/live/home_live.ex:15[0m
[debug] Replied in 614µs
[debug] Live reload: lib/tempmail_web/components/layouts/app.html.heex
[debug] Live reload: lib/tempmail_web/components/layouts/app.html.heex
[debug] Live reload: lib/tempmail_web/components/layouts/app.html.heex
[debug] Live reload: lib/tempmail_web/components/layouts/app.html.heex
[debug] Live reload: lib/tempmail_web/components/layouts/app.html.heex
[debug] Live reload: lib/tempmail_web/components/layouts/app.html.heex

Rebuilding...

Done in 54ms.
[debug] Live reload: lib/tempmail_web/components/layouts.ex
[debug] Live reload: lib/tempmail_web/components/layouts.ex
[debug] Live reload: lib/tempmail_web/components/layouts.ex
Compiling 1 file (.ex)

Rebuilding...

Done in 53ms.
Generated tempmail app
[info] GET /
[debug] Processing with TempmailWeb.HomeLive.index/2
  Parameters: %{}
  Pipelines: [:browser]
[debug] QUERY OK source="domains" db=0.3ms queue=0.1ms idle=1519.6ms
SELECT d0."id", d0."domain", d0."is_active", d0."is_default", d0."mailcow_id", d0."description", d0."inserted_at", d0."updated_at" FROM "domains" AS d0 WHERE (d0."is_active" = TRUE) ORDER BY d0."is_default" DESC, d0."domain" []
[90m↳ TempmailWeb.HomeLive.mount/3, at: lib/tempmail_web/live/home_live.ex:15[0m
[info] Sent 200 in 4ms
[debug] Live reload: lib/tempmail_web/components/layouts.ex
[debug] Live reload: lib/tempmail_web/components/layouts.ex
[info] GET /
[debug] Processing with TempmailWeb.HomeLive.index/2
  Parameters: %{}
  Pipelines: [:browser]
[debug] QUERY OK source="domains" db=0.4ms idle=1598.0ms
SELECT d0."id", d0."domain", d0."is_active", d0."is_default", d0."mailcow_id", d0."description", d0."inserted_at", d0."updated_at" FROM "domains" AS d0 WHERE (d0."is_active" = TRUE) ORDER BY d0."is_default" DESC, d0."domain" []
[90m↳ TempmailWeb.HomeLive.mount/3, at: lib/tempmail_web/live/home_live.ex:15[0m
[info] Sent 200 in 1ms

Rebuilding...

Done in 49ms.
[info] CONNECTED TO Phoenix.LiveView.Socket in 0µs
  Transport: :websocket
  Serializer: Phoenix.Socket.V2.JSONSerializer
  Parameters: %{"_csrf_token" => "MjcYMWAuO0ALCx0aZTd4YyF-ag4QA1cXsnPZPGm7LlloQZO6FSYzrA1N", "_live_referer" => "undefined", "_mount_attempts" => "0", "_mounts" => "0", "_track_static" => %{"0" => "http://127.0.0.1:4001/assets/app.css", "1" => "http://127.0.0.1:4001/assets/app.js"}, "vsn" => "2.0.0"}
[debug] MOUNT TempmailWeb.HomeLive
  Parameters: %{}
  Session: %{"_csrf_token" => "AYHk0iVwGgqu4m7Ug-3tbBfY"}
[debug] QUERY OK source="domains" db=0.4ms queue=0.1ms idle=1773.8ms
SELECT d0."id", d0."domain", d0."is_active", d0."is_default", d0."mailcow_id", d0."description", d0."inserted_at", d0."updated_at" FROM "domains" AS d0 WHERE (d0."is_active" = TRUE) ORDER BY d0."is_default" DESC, d0."domain" []
[90m↳ TempmailWeb.HomeLive.mount/3, at: lib/tempmail_web/live/home_live.ex:15[0m
[debug] Replied in 819µs
[info] GET /
[debug] Processing with TempmailWeb.HomeLive.index/2
  Parameters: %{}
  Pipelines: [:browser]
[debug] QUERY OK source="domains" db=0.3ms queue=0.1ms idle=582.5ms
SELECT d0."id", d0."domain", d0."is_active", d0."is_default", d0."mailcow_id", d0."description", d0."inserted_at", d0."updated_at" FROM "domains" AS d0 WHERE (d0."is_active" = TRUE) ORDER BY d0."is_default" DESC, d0."domain" []
[90m↳ TempmailWeb.HomeLive.mount/3, at: lib/tempmail_web/live/home_live.ex:15[0m
[info] Sent 200 in 1ms
[info] CONNECTED TO Phoenix.LiveView.Socket in 102µs
  Transport: :websocket
  Serializer: Phoenix.Socket.V2.JSONSerializer
  Parameters: %{"_csrf_token" => "BRkJG1RDZChFAxAFLiEiNDkAdhJgdyIESKYibvVxueQqKTXMNLDsS8U7", "_live_referer" => "undefined", "_mount_attempts" => "0", "_mounts" => "0", "_track_static" => %{"0" => "http://localhost:4001/assets/app.css", "1" => "http://localhost:4001/assets/app.js"}, "vsn" => "2.0.0"}
[debug] MOUNT TempmailWeb.HomeLive
  Parameters: %{}
  Session: %{"_csrf_token" => "VRPr652P0fAteuzywL2a3Ow3"}
[debug] QUERY OK source="domains" db=0.3ms idle=656.1ms
SELECT d0."id", d0."domain", d0."is_active", d0."is_default", d0."mailcow_id", d0."description", d0."inserted_at", d0."updated_at" FROM "domains" AS d0 WHERE (d0."is_active" = TRUE) ORDER BY d0."is_default" DESC, d0."domain" []
[90m↳ TempmailWeb.HomeLive.mount/3, at: lib/tempmail_web/live/home_live.ex:15[0m
[debug] Replied in 614µs
[info] CONNECTED TO Phoenix.LiveView.Socket in 102µs
  Transport: :websocket
  Serializer: Phoenix.Socket.V2.JSONSerializer
  Parameters: %{"_csrf_token" => "AyUUG25aQzteERYCLz1MKhUhcFl1FjlEUwDiXoqknwWvJH6SbmB8FYNw", "_live_referer" => "undefined", "_mount_attempts" => "0", "_mounts" => "0", "_track_static" => %{"0" => "http://localhost:4001/assets/app.css", "1" => "http://localhost:4001/assets/app.js"}, "vsn" => "2.0.0"}
[debug] MOUNT TempmailWeb.HomeLive
  Parameters: %{}
  Session: %{"_csrf_token" => "VRPr652P0fAteuzywL2a3Ow3"}
[debug] QUERY OK source="domains" db=0.4ms idle=965.5ms
SELECT d0."id", d0."domain", d0."is_active", d0."is_default", d0."mailcow_id", d0."description", d0."inserted_at", d0."updated_at" FROM "domains" AS d0 WHERE (d0."is_active" = TRUE) ORDER BY d0."is_default" DESC, d0."domain" []
[90m↳ TempmailWeb.HomeLive.mount/3, at: lib/tempmail_web/live/home_live.ex:15[0m
[debug] Replied in 614µs
[debug] Live reload: priv/static/assets/app.css
[debug] Live reload: priv/static/assets/app.css
[debug] Live reload: priv/static/assets/app.css
[debug] Live reload: priv/static/assets/app.css
[debug] Live reload: priv/static/assets/app.css
[debug] Live reload: priv/static/assets/app.css
[debug] Live reload: priv/static/assets/app.js
[debug] Live reload: priv/static/assets/app.js
[debug] Live reload: priv/static/assets/app.js
[debug] Live reload: priv/static/assets/app.js
[debug] Live reload: priv/static/assets/app.js
[debug] Live reload: priv/static/assets/app.js
[info] GET /
[debug] Processing with TempmailWeb.HomeLive.index/2
  Parameters: %{}
  Pipelines: [:browser]
[debug] QUERY OK source="domains" db=0.3ms idle=1040.4ms
SELECT d0."id", d0."domain", d0."is_active", d0."is_default", d0."mailcow_id", d0."description", d0."inserted_at", d0."updated_at" FROM "domains" AS d0 WHERE (d0."is_active" = TRUE) ORDER BY d0."is_default" DESC, d0."domain" []
[90m↳ TempmailWeb.HomeLive.mount/3, at: lib/tempmail_web/live/home_live.ex:15[0m
[info] Sent 200 in 1ms
[info] GET /
[debug] Processing with TempmailWeb.HomeLive.index/2
  Parameters: %{}
  Pipelines: [:browser]
[debug] QUERY OK source="domains" db=0.3ms queue=0.1ms idle=107.2ms
SELECT d0."id", d0."domain", d0."is_active", d0."is_default", d0."mailcow_id", d0."description", d0."inserted_at", d0."updated_at" FROM "domains" AS d0 WHERE (d0."is_active" = TRUE) ORDER BY d0."is_default" DESC, d0."domain" []
[90m↳ TempmailWeb.HomeLive.mount/3, at: lib/tempmail_web/live/home_live.ex:15[0m
[info] Sent 200 in 1ms
[info] GET /
[debug] Processing with TempmailWeb.HomeLive.index/2
  Parameters: %{}
  Pipelines: [:browser]
[debug] QUERY OK source="domains" db=0.5ms idle=191.5ms
SELECT d0."id", d0."domain", d0."is_active", d0."is_default", d0."mailcow_id", d0."description", d0."inserted_at", d0."updated_at" FROM "domains" AS d0 WHERE (d0."is_active" = TRUE) ORDER BY d0."is_default" DESC, d0."domain" []
[90m↳ TempmailWeb.HomeLive.mount/3, at: lib/tempmail_web/live/home_live.ex:15[0m
[info] Sent 200 in 2ms
[info] CONNECTED TO Phoenix.LiveView.Socket in 102µs
  Transport: :websocket
  Serializer: Phoenix.Socket.V2.JSONSerializer
  Parameters: %{"_csrf_token" => "B246D2UrezoADBg_TgFaNwthcTI3ESoKF7rdUB-MGkiJzlmblLBFUSLS", "_live_referer" => "undefined", "_mount_attempts" => "0", "_mounts" => "0", "_track_static" => %{"0" => "http://127.0.0.1:4001/assets/app.css", "1" => "http://127.0.0.1:4001/assets/app.js"}, "vsn" => "2.0.0"}
[debug] MOUNT TempmailWeb.HomeLive
  Parameters: %{}
  Session: %{"_csrf_token" => "AYHk0iVwGgqu4m7Ug-3tbBfY"}
[debug] QUERY OK source="domains" db=0.4ms idle=292.6ms
SELECT d0."id", d0."domain", d0."is_active", d0."is_default", d0."mailcow_id", d0."description", d0."inserted_at", d0."updated_at" FROM "domains" AS d0 WHERE (d0."is_active" = TRUE) ORDER BY d0."is_default" DESC, d0."domain" []
[90m↳ TempmailWeb.HomeLive.mount/3, at: lib/tempmail_web/live/home_live.ex:15[0m
[debug] Replied in 716µs
[info] CONNECTED TO Phoenix.LiveView.Socket in 0µs
  Transport: :websocket
  Serializer: Phoenix.Socket.V2.JSONSerializer
  Parameters: %{"_csrf_token" => "Y2ocN390fw9hEHUrDBQ5QTB8QDJUBwB158LEIAM_Qv4_iaC8G0rSgHwF", "_live_referer" => "undefined", "_mount_attempts" => "0", "_mounts" => "0", "_track_static" => %{"0" => "http://localhost:4001/assets/app.css", "1" => "http://localhost:4001/assets/app.js"}, "vsn" => "2.0.0"}
[debug] MOUNT TempmailWeb.HomeLive
  Parameters: %{}
  Session: %{"_csrf_token" => "VRPr652P0fAteuzywL2a3Ow3"}
[debug] QUERY OK source="domains" db=0.3ms idle=586.2ms
SELECT d0."id", d0."domain", d0."is_active", d0."is_default", d0."mailcow_id", d0."description", d0."inserted_at", d0."updated_at" FROM "domains" AS d0 WHERE (d0."is_active" = TRUE) ORDER BY d0."is_default" DESC, d0."domain" []
[90m↳ TempmailWeb.HomeLive.mount/3, at: lib/tempmail_web/live/home_live.ex:15[0m
[debug] Replied in 512µs
[info] CONNECTED TO Phoenix.LiveView.Socket in 0µs
  Transport: :websocket
  Serializer: Phoenix.Socket.V2.JSONSerializer
  Parameters: %{"_csrf_token" => "Fz8JREYBQxt5AxQ2XT4PEAIBSCBDHxZdAmY6p4qKIeUB8KuiuMzApPan", "_live_referer" => "undefined", "_mount_attempts" => "0", "_mounts" => "0", "_track_static" => %{"0" => "http://localhost:4001/assets/app.css", "1" => "http://localhost:4001/assets/app.js"}, "vsn" => "2.0.0"}
[debug] MOUNT TempmailWeb.HomeLive
  Parameters: %{}
  Session: %{"_csrf_token" => "VRPr652P0fAteuzywL2a3Ow3"}
[debug] QUERY OK source="domains" db=0.5ms idle=975.8ms
SELECT d0."id", d0."domain", d0."is_active", d0."is_default", d0."mailcow_id", d0."description", d0."inserted_at", d0."updated_at" FROM "domains" AS d0 WHERE (d0."is_active" = TRUE) ORDER BY d0."is_default" DESC, d0."domain" []
[90m↳ TempmailWeb.HomeLive.mount/3, at: lib/tempmail_web/live/home_live.ex:15[0m
[debug] Replied in 921µs
[info] GET /
[debug] Processing with TempmailWeb.HomeLive.index/2
  Parameters: %{"locale" => "es"}
  Pipelines: [:browser]
[debug] QUERY OK source="domains" db=0.2ms idle=1054.2ms
SELECT d0."id", d0."domain", d0."is_active", d0."is_default", d0."mailcow_id", d0."description", d0."inserted_at", d0."updated_at" FROM "domains" AS d0 WHERE (d0."is_active" = TRUE) ORDER BY d0."is_default" DESC, d0."domain" []
[90m↳ TempmailWeb.HomeLive.mount/3, at: lib/tempmail_web/live/home_live.ex:15[0m
[info] Sent 200 in 1ms
[info] CONNECTED TO Phoenix.LiveView.Socket in 0µs
  Transport: :websocket
  Serializer: Phoenix.Socket.V2.JSONSerializer
  Parameters: %{"_csrf_token" => "OzcDIU4EamIAFSQdXQM5MhZ6Bgt9KQAemeSSx1X20sei8vCKa64jNfw-", "_live_referer" => "undefined", "_mount_attempts" => "0", "_mounts" => "0", "_track_static" => %{"0" => "http://localhost:4001/assets/app.css", "1" => "http://localhost:4001/assets/app.js"}, "vsn" => "2.0.0"}
[debug] MOUNT TempmailWeb.HomeLive
  Parameters: %{"locale" => "es"}
  Session: %{"_csrf_token" => "VRPr652P0fAteuzywL2a3Ow3"}
[debug] QUERY OK source="domains" db=0.3ms queue=0.1ms idle=1549.1ms
SELECT d0."id", d0."domain", d0."is_active", d0."is_default", d0."mailcow_id", d0."description", d0."inserted_at", d0."updated_at" FROM "domains" AS d0 WHERE (d0."is_active" = TRUE) ORDER BY d0."is_default" DESC, d0."domain" []
[90m↳ TempmailWeb.HomeLive.mount/3, at: lib/tempmail_web/live/home_live.ex:15[0m
[debug] Replied in 614µs
[info] GET /
[debug] Processing with TempmailWeb.HomeLive.index/2
  Parameters: %{}
  Pipelines: [:browser]
[debug] QUERY OK source="domains" db=0.2ms queue=0.1ms idle=1383.2ms
SELECT d0."id", d0."domain", d0."is_active", d0."is_default", d0."mailcow_id", d0."description", d0."inserted_at", d0."updated_at" FROM "domains" AS d0 WHERE (d0."is_active" = TRUE) ORDER BY d0."is_default" DESC, d0."domain" []
[90m↳ TempmailWeb.HomeLive.mount/3, at: lib/tempmail_web/live/home_live.ex:15[0m
[info] Sent 200 in 1ms
[info] CONNECTED TO Phoenix.LiveView.Socket in 0µs
  Transport: :websocket
  Serializer: Phoenix.Socket.V2.JSONSerializer
  Parameters: %{"_csrf_token" => "MTgAI1NePD8pCSEwWQheNFFIfTEnGBIUpaHHc7jHnnPEmeia6eNEEZtM", "_live_referer" => "undefined", "_mount_attempts" => "0", "_mounts" => "0", "_track_static" => %{"0" => "http://127.0.0.1:4001/assets/app.css", "1" => "http://127.0.0.1:4001/assets/app.js"}, "vsn" => "2.0.0"}
[debug] MOUNT TempmailWeb.HomeLive
  Parameters: %{}
  Session: %{"_csrf_token" => "AYHk0iVwGgqu4m7Ug-3tbBfY"}
[debug] QUERY OK source="domains" db=0.4ms idle=1597.0ms
SELECT d0."id", d0."domain", d0."is_active", d0."is_default", d0."mailcow_id", d0."description", d0."inserted_at", d0."updated_at" FROM "domains" AS d0 WHERE (d0."is_active" = TRUE) ORDER BY d0."is_default" DESC, d0."domain" []
[90m↳ TempmailWeb.HomeLive.mount/3, at: lib/tempmail_web/live/home_live.ex:15[0m
[debug] Replied in 716µs
[debug] MOUNT TempmailWeb.BlogLive
  Parameters: %{}
  Session: %{"_csrf_token" => "VRPr652P0fAteuzywL2a3Ow3"}
[debug] QUERY OK source="blog_posts" db=0.4ms decode=0.1ms idle=1500.1ms
SELECT b0."id", b0."author_id", b0."slug", b0."status", b0."featured_image", b0."published_at", b0."view_count", b0."inserted_at", b0."updated_at" FROM "blog_posts" AS b0 WHERE (b0."status" = 'PUBLISHED') ORDER BY b0."published_at" DESC []
[90m↳ TempmailWeb.BlogLive.mount/3, at: lib/tempmail_web/live/blog_live.ex:14[0m
[debug] Replied in 819µs
[debug] MOUNT TempmailWeb.HomeLive
  Parameters: %{}
  Session: %{"_csrf_token" => "VRPr652P0fAteuzywL2a3Ow3"}
[debug] QUERY OK source="domains" db=0.3ms idle=1220.8ms
SELECT d0."id", d0."domain", d0."is_active", d0."is_default", d0."mailcow_id", d0."description", d0."inserted_at", d0."updated_at" FROM "domains" AS d0 WHERE (d0."is_active" = TRUE) ORDER BY d0."is_default" DESC, d0."domain" []
[90m↳ TempmailWeb.HomeLive.mount/3, at: lib/tempmail_web/live/home_live.ex:15[0m
[debug] Replied in 614µs
[warning] navigate event to "http://localhost:4001/users/log_in" failed because you are redirecting across live_sessions. A full page reload will be performed instead
[info] GET /users/log_in
[debug] Processing with TempmailWeb.UserLoginLive.new/2
  Parameters: %{}
  Pipelines: [:browser, :redirect_if_user_is_authenticated]
[info] Sent 200 in 716µs
[info] CONNECTED TO Phoenix.LiveView.Socket in 0µs
  Transport: :websocket
  Serializer: Phoenix.Socket.V2.JSONSerializer
  Parameters: %{"_csrf_token" => "FD4JX2dAdgBWUHUnLjwoSkI1CjBEPhMDBlY-QuDPf64SKIR35y8Qwqd0", "_live_referer" => "undefined", "_mount_attempts" => "0", "_mounts" => "0", "_track_static" => %{"0" => "http://localhost:4001/assets/app.css", "1" => "http://localhost:4001/assets/app.js"}, "vsn" => "2.0.0"}
[debug] MOUNT TempmailWeb.UserLoginLive
  Parameters: %{}
  Session: %{"_csrf_token" => "VRPr652P0fAteuzywL2a3Ow3"}
[debug] Replied in 204µs
[warning] navigate event to "http://localhost:4001/" failed because you are redirecting across live_sessions. A full page reload will be performed instead
[info] GET /
[debug] Processing with TempmailWeb.HomeLive.index/2
  Parameters: %{}
  Pipelines: [:browser]
[debug] QUERY OK source="domains" db=0.2ms queue=0.1ms idle=795.3ms
SELECT d0."id", d0."domain", d0."is_active", d0."is_default", d0."mailcow_id", d0."description", d0."inserted_at", d0."updated_at" FROM "domains" AS d0 WHERE (d0."is_active" = TRUE) ORDER BY d0."is_default" DESC, d0."domain" []
[90m↳ TempmailWeb.HomeLive.mount/3, at: lib/tempmail_web/live/home_live.ex:15[0m
[info] Sent 200 in 1ms
[info] CONNECTED TO Phoenix.LiveView.Socket in 0µs
  Transport: :websocket
  Serializer: Phoenix.Socket.V2.JSONSerializer
  Parameters: %{"_csrf_token" => "FyE-JwdQCgleLDcQFBYoMyA1XRMBf08LAsnU1e8YnJvdqcRJWyor2088", "_live_referer" => "undefined", "_mount_attempts" => "0", "_mounts" => "0", "_track_static" => %{"0" => "http://localhost:4001/assets/app.css", "1" => "http://localhost:4001/assets/app.js"}, "vsn" => "2.0.0"}
[debug] MOUNT TempmailWeb.HomeLive
  Parameters: %{}
  Session: %{"_csrf_token" => "VRPr652P0fAteuzywL2a3Ow3"}
[debug] QUERY OK source="domains" db=0.4ms queue=0.1ms idle=1271.2ms
SELECT d0."id", d0."domain", d0."is_active", d0."is_default", d0."mailcow_id", d0."description", d0."inserted_at", d0."updated_at" FROM "domains" AS d0 WHERE (d0."is_active" = TRUE) ORDER BY d0."is_default" DESC, d0."domain" []
[90m↳ TempmailWeb.HomeLive.mount/3, at: lib/tempmail_web/live/home_live.ex:15[0m
[debug] Replied in 819µs
[info] GET /
[debug] Processing with TempmailWeb.HomeLive.index/2
  Parameters: %{"locale" => "es"}
  Pipelines: [:browser]
[debug] QUERY OK source="domains" db=0.3ms queue=0.1ms idle=1864.0ms
SELECT d0."id", d0."domain", d0."is_active", d0."is_default", d0."mailcow_id", d0."description", d0."inserted_at", d0."updated_at" FROM "domains" AS d0 WHERE (d0."is_active" = TRUE) ORDER BY d0."is_default" DESC, d0."domain" []
[90m↳ TempmailWeb.HomeLive.mount/3, at: lib/tempmail_web/live/home_live.ex:15[0m
[info] Sent 200 in 1ms
[info] CONNECTED TO Phoenix.LiveView.Socket in 102µs
  Transport: :websocket
  Serializer: Phoenix.Socket.V2.JSONSerializer
  Parameters: %{"_csrf_token" => "ZD89B2x2cyhSLnU9Vh5DLDQhBjBfJiRJ2mmuZCAxbH4I3k9UCm4QliSz", "_live_referer" => "undefined", "_mount_attempts" => "0", "_mounts" => "0", "_track_static" => %{"0" => "http://localhost:4001/assets/app.css", "1" => "http://localhost:4001/assets/app.js"}, "vsn" => "2.0.0"}
[debug] MOUNT TempmailWeb.HomeLive
  Parameters: %{"locale" => "es"}
  Session: %{"_csrf_token" => "VRPr652P0fAteuzywL2a3Ow3"}
[debug] QUERY OK source="domains" db=0.3ms idle=1332.0ms
SELECT d0."id", d0."domain", d0."is_active", d0."is_default", d0."mailcow_id", d0."description", d0."inserted_at", d0."updated_at" FROM "domains" AS d0 WHERE (d0."is_active" = TRUE) ORDER BY d0."is_default" DESC, d0."domain" []
[90m↳ TempmailWeb.HomeLive.mount/3, at: lib/tempmail_web/live/home_live.ex:15[0m
[debug] Replied in 512µs
[debug] Live reload: lib/tempmail_web/live/home_live.ex
[debug] Live reload: lib/tempmail_web/live/home_live.ex
[debug] Live reload: lib/tempmail_web/live/home_live.ex
[debug] Live reload: lib/tempmail_web/live/home_live.ex
[debug] Live reload: lib/tempmail_web/live/home_live.ex
[debug] Live reload: lib/tempmail_web/live/home_live.ex
Compiling 1 file (.ex)

Rebuilding...
[debug] Live reload: priv/static/assets/app.css
[debug] Live reload: priv/static/assets/app.css

[debug] Live reload: priv/static/assets/app.css
Done in 48ms.
[debug] Live reload: priv/static/assets/app.css
[debug] Live reload: priv/static/assets/app.css
[debug] Live reload: priv/static/assets/app.css
Generated tempmail app
[info] GET /
[debug] Processing with TempmailWeb.HomeLive.index/2
  Parameters: %{}
  Pipelines: [:browser]
[debug] QUERY OK source="domains" db=0.3ms queue=0.1ms idle=1766.1ms
SELECT d0."id", d0."domain", d0."is_active", d0."is_default", d0."mailcow_id", d0."description", d0."inserted_at", d0."updated_at" FROM "domains" AS d0 WHERE (d0."is_active" = TRUE) ORDER BY d0."is_default" DESC, d0."domain" []
[90m↳ TempmailWeb.HomeLive.mount/3, at: lib/tempmail_web/live/home_live.ex:18[0m
[info] Sent 200 in 4ms
[info] GET /
[debug] Processing with TempmailWeb.HomeLive.index/2
  Parameters: %{"locale" => "es"}
  Pipelines: [:browser]
[debug] QUERY OK source="domains" db=0.3ms idle=828.6ms
SELECT d0."id", d0."domain", d0."is_active", d0."is_default", d0."mailcow_id", d0."description", d0."inserted_at", d0."updated_at" FROM "domains" AS d0 WHERE (d0."is_active" = TRUE) ORDER BY d0."is_default" DESC, d0."domain" []
[90m↳ TempmailWeb.HomeLive.mount/3, at: lib/tempmail_web/live/home_live.ex:18[0m
[info] Sent 200 in 1ms
[info] GET /
[debug] Processing with TempmailWeb.HomeLive.index/2
  Parameters: %{}
  Pipelines: [:browser]
[debug] QUERY OK source="domains" db=0.3ms idle=1238.3ms
SELECT d0."id", d0."domain", d0."is_active", d0."is_default", d0."mailcow_id", d0."description", d0."inserted_at", d0."updated_at" FROM "domains" AS d0 WHERE (d0."is_active" = TRUE) ORDER BY d0."is_default" DESC, d0."domain" []
[90m↳ TempmailWeb.HomeLive.mount/3, at: lib/tempmail_web/live/home_live.ex:18[0m
[info] Sent 200 in 1ms
[info] CONNECTED TO Phoenix.LiveView.Socket in 0µs
  Transport: :websocket
  Serializer: Phoenix.Socket.V2.JSONSerializer
  Parameters: %{"_csrf_token" => "JT5xHXk_Y1ooMRgPdkB2BCt3UU0NADEzdg9vIV5-oVizB-AQLZb9oBWj", "_live_referer" => "undefined", "_mount_attempts" => "0", "_mounts" => "0", "_track_static" => %{"0" => "http://127.0.0.1:4001/assets/app.css", "1" => "http://127.0.0.1:4001/assets/app.js"}, "vsn" => "2.0.0"}
[debug] MOUNT TempmailWeb.HomeLive
  Parameters: %{}
  Session: %{"_csrf_token" => "AYHk0iVwGgqu4m7Ug-3tbBfY"}
[debug] QUERY OK source="domains" db=0.3ms idle=1310.4ms
SELECT d0."id", d0."domain", d0."is_active", d0."is_default", d0."mailcow_id", d0."description", d0."inserted_at", d0."updated_at" FROM "domains" AS d0 WHERE (d0."is_active" = TRUE) ORDER BY d0."is_default" DESC, d0."domain" []
[90m↳ TempmailWeb.HomeLive.mount/3, at: lib/tempmail_web/live/home_live.ex:18[0m
[debug] Replied in 614µs
[info] CONNECTED TO Phoenix.LiveView.Socket in 0µs
  Transport: :websocket
  Serializer: Phoenix.Socket.V2.JSONSerializer
  Parameters: %{"_csrf_token" => "CTpmR1wEBx8BLRsNLRMpJg04WDV4IDBn_h65j15O1KZyHfS_ztjTKoGT", "_live_referer" => "undefined", "_mount_attempts" => "0", "_mounts" => "0", "_track_static" => %{"0" => "http://localhost:4001/assets/app.css", "1" => "http://localhost:4001/assets/app.js"}, "vsn" => "2.0.0"}
[debug] MOUNT TempmailWeb.HomeLive
  Parameters: %{"locale" => "es"}
  Session: %{"_csrf_token" => "VRPr652P0fAteuzywL2a3Ow3"}
[debug] QUERY OK source="domains" db=0.3ms idle=650.0ms
SELECT d0."id", d0."domain", d0."is_active", d0."is_default", d0."mailcow_id", d0."description", d0."inserted_at", d0."updated_at" FROM "domains" AS d0 WHERE (d0."is_active" = TRUE) ORDER BY d0."is_default" DESC, d0."domain" []
[90m↳ TempmailWeb.HomeLive.mount/3, at: lib/tempmail_web/live/home_live.ex:18[0m
[debug] Replied in 512µs
[info] CONNECTED TO Phoenix.LiveView.Socket in 0µs
  Transport: :websocket
  Serializer: Phoenix.Socket.V2.JSONSerializer
  Parameters: %{"_csrf_token" => "Yzo9PGltYjcFUS0uEyVCD0MnBQprAhZB5hmN_XPg57lZvP8v4k7kXMar", "_live_referer" => "undefined", "_mount_attempts" => "0", "_mounts" => "0", "_track_static" => %{"0" => "http://localhost:4001/assets/app.css", "1" => "http://localhost:4001/assets/app.js"}, "vsn" => "2.0.0"}
[debug] MOUNT TempmailWeb.HomeLive
  Parameters: %{}
  Session: %{"_csrf_token" => "VRPr652P0fAteuzywL2a3Ow3"}
[debug] QUERY OK source="domains" db=0.3ms idle=927.2ms
SELECT d0."id", d0."domain", d0."is_active", d0."is_default", d0."mailcow_id", d0."description", d0."inserted_at", d0."updated_at" FROM "domains" AS d0 WHERE (d0."is_active" = TRUE) ORDER BY d0."is_default" DESC, d0."domain" []
[90m↳ TempmailWeb.HomeLive.mount/3, at: lib/tempmail_web/live/home_live.ex:18[0m
[debug] Replied in 614µs
[debug] Live reload: lib/tempmail_web/live/static_page_live.ex
[debug] Live reload: lib/tempmail_web/live/static_page_live.ex
[debug] Live reload: lib/tempmail_web/live/static_page_live.ex
[debug] Live reload: lib/tempmail_web/live/static_page_live.ex
[debug] Live reload: lib/tempmail_web/live/static_page_live.ex
[debug] Live reload: lib/tempmail_web/live/static_page_live.ex
Compiling 1 file (.ex)

Rebuilding...

Done in 46ms.
Generated tempmail app
[info] GET /
[debug] Processing with TempmailWeb.HomeLive.index/2
  Parameters: %{}
  Pipelines: [:browser]
[debug] QUERY OK source="domains" db=0.2ms queue=0.1ms idle=1324.1ms
SELECT d0."id", d0."domain", d0."is_active", d0."is_default", d0."mailcow_id", d0."description", d0."inserted_at", d0."updated_at" FROM "domains" AS d0 WHERE (d0."is_active" = TRUE) ORDER BY d0."is_default" DESC, d0."domain" []
[90m↳ TempmailWeb.HomeLive.mount/3, at: lib/tempmail_web/live/home_live.ex:18[0m
[info] Sent 200 in 4ms
[info] GET /
[debug] Processing with TempmailWeb.HomeLive.index/2
  Parameters: %{"locale" => "es"}
  Pipelines: [:browser]
[info] GET /
[debug] Processing with TempmailWeb.HomeLive.index/2
  Parameters: %{}
  Pipelines: [:browser]
[debug] QUERY OK source="domains" db=0.3ms queue=0.1ms idle=384.9ms
SELECT d0."id", d0."domain", d0."is_active", d0."is_default", d0."mailcow_id", d0."description", d0."inserted_at", d0."updated_at" FROM "domains" AS d0 WHERE (d0."is_active" = TRUE) ORDER BY d0."is_default" DESC, d0."domain" []
[90m↳ TempmailWeb.HomeLive.mount/3, at: lib/tempmail_web/live/home_live.ex:18[0m
[debug] QUERY OK source="domains" db=0.2ms idle=385.2ms
SELECT d0."id", d0."domain", d0."is_active", d0."is_default", d0."mailcow_id", d0."description", d0."inserted_at", d0."updated_at" FROM "domains" AS d0 WHERE (d0."is_active" = TRUE) ORDER BY d0."is_default" DESC, d0."domain" []
[90m↳ TempmailWeb.HomeLive.mount/3, at: lib/tempmail_web/live/home_live.ex:18[0m
[info] Sent 200 in 1ms
[info] Sent 200 in 1ms
[info] CONNECTED TO Phoenix.LiveView.Socket in 0µs
  Transport: :websocket
  Serializer: Phoenix.Socket.V2.JSONSerializer
  Parameters: %{"_csrf_token" => "AhYSKFNcAyJyHwsac1RtYSVDBhBWNiwbCOZCc5UU5xzoG9Z4Bn5d4tJB", "_live_referer" => "undefined", "_mount_attempts" => "0", "_mounts" => "0", "_track_static" => %{"0" => "http://127.0.0.1:4001/assets/app.css", "1" => "http://127.0.0.1:4001/assets/app.js"}, "vsn" => "2.0.0"}
[debug] MOUNT TempmailWeb.HomeLive
  Parameters: %{}
  Session: %{"_csrf_token" => "AYHk0iVwGgqu4m7Ug-3tbBfY"}
[debug] QUERY OK source="domains" db=0.4ms queue=0.1ms idle=560.2ms
SELECT d0."id", d0."domain", d0."is_active", d0."is_default", d0."mailcow_id", d0."description", d0."inserted_at", d0."updated_at" FROM "domains" AS d0 WHERE (d0."is_active" = TRUE) ORDER BY d0."is_default" DESC, d0."domain" []
[90m↳ TempmailWeb.HomeLive.mount/3, at: lib/tempmail_web/live/home_live.ex:18[0m
[debug] Replied in 716µs
[info] CONNECTED TO Phoenix.LiveView.Socket in 0µs
  Transport: :websocket
  Serializer: Phoenix.Socket.V2.JSONSerializer
  Parameters: %{"_csrf_token" => "GgppLV9cahhYISJZJw9LIzA9ByJ6AkMGLX9_iiXHhGc-Bz1ZGq5CIM45", "_live_referer" => "undefined", "_mount_attempts" => "0", "_mounts" => "0", "_track_static" => %{"0" => "http://localhost:4001/assets/app.css", "1" => "http://localhost:4001/assets/app.js"}, "vsn" => "2.0.0"}
[info] CONNECTED TO Phoenix.LiveView.Socket in 0µs
  Transport: :websocket
  Serializer: Phoenix.Socket.V2.JSONSerializer
  Parameters: %{"_csrf_token" => "JQYWEUd9ejZlXwgzBEJKPCMIBSxGIzAKsTFcqHHfU9IGa70ETD7MulG9", "_live_referer" => "undefined", "_mount_attempts" => "0", "_mounts" => "0", "_track_static" => %{"0" => "http://localhost:4001/assets/app.css", "1" => "http://localhost:4001/assets/app.js"}, "vsn" => "2.0.0"}
[debug] MOUNT TempmailWeb.HomeLive
  Parameters: %{"locale" => "es"}
  Session: %{"_csrf_token" => "VRPr652P0fAteuzywL2a3Ow3"}
[debug] QUERY OK source="domains" db=0.3ms idle=771.2ms
SELECT d0."id", d0."domain", d0."is_active", d0."is_default", d0."mailcow_id", d0."description", d0."inserted_at", d0."updated_at" FROM "domains" AS d0 WHERE (d0."is_active" = TRUE) ORDER BY d0."is_default" DESC, d0."domain" []
[90m↳ TempmailWeb.HomeLive.mount/3, at: lib/tempmail_web/live/home_live.ex:18[0m
[debug] Replied in 512µs
[debug] MOUNT TempmailWeb.HomeLive
  Parameters: %{}
  Session: %{"_csrf_token" => "VRPr652P0fAteuzywL2a3Ow3"}
[debug] QUERY OK source="domains" db=0.5ms queue=0.1ms idle=920.9ms
SELECT d0."id", d0."domain", d0."is_active", d0."is_default", d0."mailcow_id", d0."description", d0."inserted_at", d0."updated_at" FROM "domains" AS d0 WHERE (d0."is_active" = TRUE) ORDER BY d0."is_default" DESC, d0."domain" []
[90m↳ TempmailWeb.HomeLive.mount/3, at: lib/tempmail_web/live/home_live.ex:18[0m
[debug] Replied in 1ms
[debug] Live reload: lib/tempmail_web/live/blog_post_live.ex
[debug] Live reload: lib/tempmail_web/live/blog_post_live.ex
[debug] Live reload: lib/tempmail_web/live/blog_post_live.ex
[debug] Live reload: lib/tempmail_web/live/blog_post_live.ex
[debug] Live reload: lib/tempmail_web/live/blog_post_live.ex
[debug] Live reload: lib/tempmail_web/live/blog_post_live.ex
Compiling 1 file (.ex)

Rebuilding...

Done in 45ms.
Generated tempmail app
[info] GET /
[debug] Processing with TempmailWeb.HomeLive.index/2
  Parameters: %{}
  Pipelines: [:browser]
[debug] QUERY OK source="domains" db=0.3ms idle=553.6ms
SELECT d0."id", d0."domain", d0."is_active", d0."is_default", d0."mailcow_id", d0."description", d0."inserted_at", d0."updated_at" FROM "domains" AS d0 WHERE (d0."is_active" = TRUE) ORDER BY d0."is_default" DESC, d0."domain" []
[90m↳ TempmailWeb.HomeLive.mount/3, at: lib/tempmail_web/live/home_live.ex:18[0m
[info] Sent 200 in 4ms
[info] GET /
[debug] Processing with TempmailWeb.HomeLive.index/2
  Parameters: %{"locale" => "es"}
  Pipelines: [:browser]
[debug] QUERY OK source="domains" db=0.3ms idle=622.8ms
SELECT d0."id", d0."domain", d0."is_active", d0."is_default", d0."mailcow_id", d0."description", d0."inserted_at", d0."updated_at" FROM "domains" AS d0 WHERE (d0."is_active" = TRUE) ORDER BY d0."is_default" DESC, d0."domain" []
[90m↳ TempmailWeb.HomeLive.mount/3, at: lib/tempmail_web/live/home_live.ex:18[0m
[info] Sent 200 in 1ms
[info] CONNECTED TO Phoenix.LiveView.Socket in 0µs
  Transport: :websocket
  Serializer: Phoenix.Socket.V2.JSONSerializer
  Parameters: %{"_csrf_token" => "JWACI28FARIAVhQweS9lABRaZhAjdigWd9JH_lWeG1eEMBRUswUdA4NO", "_live_referer" => "undefined", "_mount_attempts" => "0", "_mounts" => "0", "_track_static" => %{"0" => "http://127.0.0.1:4001/assets/app.css", "1" => "http://127.0.0.1:4001/assets/app.js"}, "vsn" => "2.0.0"}
[debug] MOUNT TempmailWeb.HomeLive
  Parameters: %{}
  Session: %{"_csrf_token" => "AYHk0iVwGgqu4m7Ug-3tbBfY"}
[debug] QUERY OK source="domains" db=0.4ms idle=827.6ms
SELECT d0."id", d0."domain", d0."is_active", d0."is_default", d0."mailcow_id", d0."description", d0."inserted_at", d0."updated_at" FROM "domains" AS d0 WHERE (d0."is_active" = TRUE) ORDER BY d0."is_default" DESC, d0."domain" []
[90m↳ TempmailWeb.HomeLive.mount/3, at: lib/tempmail_web/live/home_live.ex:18[0m
[debug] Replied in 716µs
[info] GET /
[debug] Processing with TempmailWeb.HomeLive.index/2
  Parameters: %{}
  Pipelines: [:browser]
[debug] QUERY OK source="domains" db=0.3ms idle=1106.1ms
SELECT d0."id", d0."domain", d0."is_active", d0."is_default", d0."mailcow_id", d0."description", d0."inserted_at", d0."updated_at" FROM "domains" AS d0 WHERE (d0."is_active" = TRUE) ORDER BY d0."is_default" DESC, d0."domain" []
[90m↳ TempmailWeb.HomeLive.mount/3, at: lib/tempmail_web/live/home_live.ex:18[0m
[info] Sent 200 in 2ms
[info] CONNECTED TO Phoenix.LiveView.Socket in 0µs
  Transport: :websocket
  Serializer: Phoenix.Socket.V2.JSONSerializer
  Parameters: %{"_csrf_token" => "IDsYKkVPBShzLwolNTEYH0cUaxNdIxpmviHXsz7xCIKQPDbf0XYrnlmU", "_live_referer" => "undefined", "_mount_attempts" => "0", "_mounts" => "0", "_track_static" => %{"0" => "http://localhost:4001/assets/app.css", "1" => "http://localhost:4001/assets/app.js"}, "vsn" => "2.0.0"}
[debug] MOUNT TempmailWeb.HomeLive
  Parameters: %{"locale" => "es"}
  Session: %{"_csrf_token" => "VRPr652P0fAteuzywL2a3Ow3"}
[debug] QUERY OK source="domains" db=0.3ms queue=0.1ms idle=628.7ms
SELECT d0."id", d0."domain", d0."is_active", d0."is_default", d0."mailcow_id", d0."description", d0."inserted_at", d0."updated_at" FROM "domains" AS d0 WHERE (d0."is_active" = TRUE) ORDER BY d0."is_default" DESC, d0."domain" []
[90m↳ TempmailWeb.HomeLive.mount/3, at: lib/tempmail_web/live/home_live.ex:18[0m
[debug] Replied in 614µs
[info] CONNECTED TO Phoenix.LiveView.Socket in 0µs
  Transport: :websocket
  Serializer: Phoenix.Socket.V2.JSONSerializer
  Parameters: %{"_csrf_token" => "O38IN1JUBSd_ByAsNzQCNE98WlV_dkd9m-XEda7wOaaXRAxM80h4L90N", "_live_referer" => "undefined", "_mount_attempts" => "0", "_mounts" => "0", "_track_static" => %{"0" => "http://localhost:4001/assets/app.css", "1" => "http://localhost:4001/assets/app.js"}, "vsn" => "2.0.0"}
[debug] MOUNT TempmailWeb.HomeLive
  Parameters: %{}
  Session: %{"_csrf_token" => "VRPr652P0fAteuzywL2a3Ow3"}
[debug] QUERY OK source="domains" db=0.4ms idle=1311.0ms
SELECT d0."id", d0."domain", d0."is_active", d0."is_default", d0."mailcow_id", d0."description", d0."inserted_at", d0."updated_at" FROM "domains" AS d0 WHERE (d0."is_active" = TRUE) ORDER BY d0."is_default" DESC, d0."domain" []
[90m↳ TempmailWeb.HomeLive.mount/3, at: lib/tempmail_web/live/home_live.ex:18[0m
[debug] Replied in 716µs
[debug] MOUNT TempmailWeb.HomeLive
  Parameters: %{}
  Session: %{"_csrf_token" => "VRPr652P0fAteuzywL2a3Ow3"}
[debug] QUERY OK source="domains" db=0.3ms queue=0.1ms idle=1883.6ms
SELECT d0."id", d0."domain", d0."is_active", d0."is_default", d0."mailcow_id", d0."description", d0."inserted_at", d0."updated_at" FROM "domains" AS d0 WHERE (d0."is_active" = TRUE) ORDER BY d0."is_default" DESC, d0."domain" []
[90m↳ TempmailWeb.HomeLive.mount/3, at: lib/tempmail_web/live/home_live.ex:18[0m
[debug] Replied in 819µs

Rebuilding...

Done in 184ms.
Compiling 1 file (.ex)
Generated tempmail app
[info] GET /
[debug] Processing with TempmailWeb.HomeLive.index/2
  Parameters: %{"locale" => "es"}
  Pipelines: [:browser]
[debug] QUERY OK source="domains" db=0.3ms idle=1782.0ms
SELECT d0."id", d0."domain", d0."is_active", d0."is_default", d0."mailcow_id", d0."description", d0."inserted_at", d0."updated_at" FROM "domains" AS d0 WHERE (d0."is_active" = TRUE) ORDER BY d0."is_default" DESC, d0."domain" []
[90m↳ TempmailWeb.HomeLive.mount/3, at: lib/tempmail_web/live/home_live.ex:18[0m
[info] Sent 200 in 3ms
[info] CONNECTED TO Phoenix.LiveView.Socket in 0µs
  Transport: :websocket
  Serializer: Phoenix.Socket.V2.JSONSerializer
  Parameters: %{"_csrf_token" => "OCAkBXNWXDZaUiMmMDkWMih_ZjkFECV_nrtwEcnfj4bRULlK_3TX6_RL", "_live_referer" => "undefined", "_mount_attempts" => "0", "_mounts" => "0", "_track_static" => %{"0" => "http://localhost:4001/assets/app.css", "1" => "http://localhost:4001/assets/app.js"}, "vsn" => "2.0.0"}
[debug] MOUNT TempmailWeb.HomeLive
  Parameters: %{"locale" => "es"}
  Session: %{"_csrf_token" => "VRPr652P0fAteuzywL2a3Ow3"}
[debug] QUERY OK source="domains" db=0.3ms idle=1244.9ms
SELECT d0."id", d0."domain", d0."is_active", d0."is_default", d0."mailcow_id", d0."description", d0."inserted_at", d0."updated_at" FROM "domains" AS d0 WHERE (d0."is_active" = TRUE) ORDER BY d0."is_default" DESC, d0."domain" []
[90m↳ TempmailWeb.HomeLive.mount/3, at: lib/tempmail_web/live/home_live.ex:18[0m
[debug] Replied in 512µs
[info] GET /es
[debug] Processing with TempmailWeb.HomeLive.index/2
  Parameters: %{"locale" => "es"}
  Pipelines: [:browser]
[debug] QUERY OK source="domains" db=0.2ms idle=319.7ms
SELECT d0."id", d0."domain", d0."is_active", d0."is_default", d0."mailcow_id", d0."description", d0."inserted_at", d0."updated_at" FROM "domains" AS d0 WHERE (d0."is_active" = TRUE) ORDER BY d0."is_default" DESC, d0."domain" []
[90m↳ TempmailWeb.HomeLive.mount/3, at: lib/tempmail_web/live/home_live.ex:18[0m
[info] Sent 200 in 1ms
[info] CONNECTED TO Phoenix.LiveView.Socket in 102µs
  Transport: :websocket
  Serializer: Phoenix.Socket.V2.JSONSerializer
  Parameters: %{"_csrf_token" => "AzcjHmNHAh8dNyIzKh5LIS0pQA9eHEJ8UeslUr0O-QcGOk1XZernmS5O", "_live_referer" => "undefined", "_mount_attempts" => "0", "_mounts" => "0", "_track_static" => %{"0" => "http://localhost:4001/assets/app.css", "1" => "http://localhost:4001/assets/app.js"}, "vsn" => "2.0.0"}
[debug] MOUNT TempmailWeb.HomeLive
  Parameters: %{"locale" => "es"}
  Session: %{"_csrf_token" => "VRPr652P0fAteuzywL2a3Ow3"}
[debug] QUERY OK source="domains" db=0.3ms queue=0.1ms idle=814.6ms
SELECT d0."id", d0."domain", d0."is_active", d0."is_default", d0."mailcow_id", d0."description", d0."inserted_at", d0."updated_at" FROM "domains" AS d0 WHERE (d0."is_active" = TRUE) ORDER BY d0."is_default" DESC, d0."domain" []
[90m↳ TempmailWeb.HomeLive.mount/3, at: lib/tempmail_web/live/home_live.ex:18[0m
[debug] Replied in 716µs
[debug] Live reload: lib/tempmail_web/components/layouts/app.html.heex
[debug] Live reload: lib/tempmail_web/components/layouts/app.html.heex
[debug] Live reload: lib/tempmail_web/components/layouts/app.html.heex
[debug] Live reload: lib/tempmail_web/components/layouts/app.html.heex
[debug] Live reload: lib/tempmail_web/components/layouts/app.html.heex
[debug] Live reload: lib/tempmail_web/components/layouts/app.html.heex

Rebuilding...

Done in 57ms.
[debug] Live reload: lib/tempmail_web/components/layouts.ex
[debug] Live reload: lib/tempmail_web/components/layouts.ex
[debug] Live reload: lib/tempmail_web/components/layouts.ex
Compiling 1 file (.ex)

Rebuilding...

Done in 47ms.
Generated tempmail app
[info] GET /
[debug] Processing with TempmailWeb.HomeLive.index/2
  Parameters: %{}
  Pipelines: [:browser]
[debug] QUERY OK source="domains" db=0.2ms idle=1184.7ms
SELECT d0."id", d0."domain", d0."is_active", d0."is_default", d0."mailcow_id", d0."description", d0."inserted_at", d0."updated_at" FROM "domains" AS d0 WHERE (d0."is_active" = TRUE) ORDER BY d0."is_default" DESC, d0."domain" []
[90m↳ TempmailWeb.HomeLive.mount/3, at: lib/tempmail_web/live/home_live.ex:18[0m
[info] Sent 200 in 4ms
[info] GET /es
[debug] Processing with TempmailWeb.HomeLive.index/2
  Parameters: %{"locale" => "es"}
  Pipelines: [:browser]
[debug] QUERY OK source="domains" db=0.3ms idle=1252.9ms
SELECT d0."id", d0."domain", d0."is_active", d0."is_default", d0."mailcow_id", d0."description", d0."inserted_at", d0."updated_at" FROM "domains" AS d0 WHERE (d0."is_active" = TRUE) ORDER BY d0."is_default" DESC, d0."domain" []
[90m↳ TempmailWeb.HomeLive.mount/3, at: lib/tempmail_web/live/home_live.ex:18[0m
[info] Sent 200 in 1ms
[info] GET /
[debug] Processing with TempmailWeb.HomeLive.index/2
  Parameters: %{}
  Pipelines: [:browser]
[debug] QUERY OK source="domains" db=0.4ms queue=0.1ms idle=1370.2ms
SELECT d0."id", d0."domain", d0."is_active", d0."is_default", d0."mailcow_id", d0."description", d0."inserted_at", d0."updated_at" FROM "domains" AS d0 WHERE (d0."is_active" = TRUE) ORDER BY d0."is_default" DESC, d0."domain" []
[90m↳ TempmailWeb.HomeLive.mount/3, at: lib/tempmail_web/live/home_live.ex:18[0m
[info] Sent 200 in 1ms
[info] CONNECTED TO Phoenix.LiveView.Socket in 0µs
  Transport: :websocket
  Serializer: Phoenix.Socket.V2.JSONSerializer
  Parameters: %{"_csrf_token" => "DQobMmE5HQEjJDoXQAt_Cj1vAUBaJwRvLSSYQPKvdCKbtfH_ZB248eb6", "_live_referer" => "undefined", "_mount_attempts" => "0", "_mounts" => "0", "_track_static" => %{"0" => "http://127.0.0.1:4001/assets/app.css", "1" => "http://127.0.0.1:4001/assets/app.js"}, "vsn" => "2.0.0"}
[debug] MOUNT TempmailWeb.HomeLive
  Parameters: %{}
  Session: %{"_csrf_token" => "AYHk0iVwGgqu4m7Ug-3tbBfY"}
[debug] QUERY OK source="domains" db=0.3ms idle=1446.9ms
SELECT d0."id", d0."domain", d0."is_active", d0."is_default", d0."mailcow_id", d0."description", d0."inserted_at", d0."updated_at" FROM "domains" AS d0 WHERE (d0."is_active" = TRUE) ORDER BY d0."is_default" DESC, d0."domain" []
[90m↳ TempmailWeb.HomeLive.mount/3, at: lib/tempmail_web/live/home_live.ex:18[0m
[debug] Replied in 614µs
[info] CONNECTED TO Phoenix.LiveView.Socket in 102µs
  Transport: :websocket
  Serializer: Phoenix.Socket.V2.JSONSerializer
  Parameters: %{"_csrf_token" => "FAIcIQFsUB5lDxNHXCU_ACR4XTJjegNVBPLS7YbNUiR39PEyS4oSP5tf", "_live_referer" => "undefined", "_mount_attempts" => "0", "_mounts" => "0", "_track_static" => %{"0" => "http://localhost:4001/assets/app.css", "1" => "http://localhost:4001/assets/app.js"}, "vsn" => "2.0.0"}
[debug] MOUNT TempmailWeb.HomeLive
  Parameters: %{"locale" => "es"}
  Session: %{"_csrf_token" => "VRPr652P0fAteuzywL2a3Ow3"}
[debug] QUERY OK source="domains" db=0.3ms idle=599.6ms
SELECT d0."id", d0."domain", d0."is_active", d0."is_default", d0."mailcow_id", d0."description", d0."inserted_at", d0."updated_at" FROM "domains" AS d0 WHERE (d0."is_active" = TRUE) ORDER BY d0."is_default" DESC, d0."domain" []
[90m↳ TempmailWeb.HomeLive.mount/3, at: lib/tempmail_web/live/home_live.ex:18[0m
[debug] Replied in 512µs
[info] CONNECTED TO Phoenix.LiveView.Socket in 0µs
  Transport: :websocket
  Serializer: Phoenix.Socket.V2.JSONSerializer
  Parameters: %{"_csrf_token" => "MTkYRxthZWJyNSQ9MjJKQB8iVDRRIBhpgkH5-TW2BSeIWG09hnfUbooZ", "_live_referer" => "undefined", "_mount_attempts" => "0", "_mounts" => "0", "_track_static" => %{"0" => "http://localhost:4001/assets/app.css", "1" => "http://localhost:4001/assets/app.js"}, "vsn" => "2.0.0"}
[debug] MOUNT TempmailWeb.HomeLive
  Parameters: %{}
  Session: %{"_csrf_token" => "VRPr652P0fAteuzywL2a3Ow3"}
[debug] QUERY OK source="domains" db=0.4ms idle=975.3ms
SELECT d0."id", d0."domain", d0."is_active", d0."is_default", d0."mailcow_id", d0."description", d0."inserted_at", d0."updated_at" FROM "domains" AS d0 WHERE (d0."is_active" = TRUE) ORDER BY d0."is_default" DESC, d0."domain" []
[90m↳ TempmailWeb.HomeLive.mount/3, at: lib/tempmail_web/live/home_live.ex:18[0m
[debug] Replied in 716µs
[debug] Live reload: lib/tempmail_web/components/layouts/app.html.heex
[debug] Live reload: lib/tempmail_web/components/layouts/app.html.heex
[debug] Live reload: lib/tempmail_web/components/layouts/app.html.heex
[debug] Live reload: lib/tempmail_web/components/layouts/app.html.heex
[debug] Live reload: lib/tempmail_web/components/layouts/app.html.heex
[debug] Live reload: lib/tempmail_web/components/layouts/app.html.heex

Rebuilding...

Done in 63ms.
[debug] Live reload: lib/tempmail_web/components/layouts.ex
[debug] Live reload: lib/tempmail_web/components/layouts.ex
[debug] Live reload: lib/tempmail_web/components/layouts.ex
Compiling 1 file (.ex)

Rebuilding...

Done in 50ms.
Generated tempmail app
[info] GET /
[debug] Processing with TempmailWeb.HomeLive.index/2
  Parameters: %{}
  Pipelines: [:browser]
[debug] QUERY OK source="domains" db=0.2ms idle=465.4ms
SELECT d0."id", d0."domain", d0."is_active", d0."is_default", d0."mailcow_id", d0."description", d0."inserted_at", d0."updated_at" FROM "domains" AS d0 WHERE (d0."is_active" = TRUE) ORDER BY d0."is_default" DESC, d0."domain" []
[90m↳ TempmailWeb.HomeLive.mount/3, at: lib/tempmail_web/live/home_live.ex:18[0m
[info] Sent 200 in 4ms
[debug] Live reload: lib/tempmail_web/components/layouts.ex
[debug] Live reload: lib/tempmail_web/components/layouts.ex
[info] GET /
[debug] Processing with TempmailWeb.HomeLive.index/2
  Parameters: %{}
  Pipelines: [:browser]
[info] GET /es
[debug] Processing with TempmailWeb.HomeLive.index/2
  Parameters: %{"locale" => "es"}
  Pipelines: [:browser]
[debug] QUERY OK source="domains" db=0.3ms idle=540.2ms
SELECT d0."id", d0."domain", d0."is_active", d0."is_default", d0."mailcow_id", d0."description", d0."inserted_at", d0."updated_at" FROM "domains" AS d0 WHERE (d0."is_active" = TRUE) ORDER BY d0."is_default" DESC, d0."domain" []
[90m↳ TempmailWeb.HomeLive.mount/3, at: lib/tempmail_web/live/home_live.ex:18[0m
[debug] QUERY OK source="domains" db=0.3ms idle=540.5ms
SELECT d0."id", d0."domain", d0."is_active", d0."is_default", d0."mailcow_id", d0."description", d0."inserted_at", d0."updated_at" FROM "domains" AS d0 WHERE (d0."is_active" = TRUE) ORDER BY d0."is_default" DESC, d0."domain" []
[90m↳ TempmailWeb.HomeLive.mount/3, at: lib/tempmail_web/live/home_live.ex:18[0m
[info] Sent 200 in 1ms
[info] Sent 200 in 1ms

Rebuilding...
[info] CONNECTED TO Phoenix.LiveView.Socket in 0µs
  Transport: :websocket
  Serializer: Phoenix.Socket.V2.JSONSerializer
  Parameters: %{"_csrf_token" => "dgsvHUAzPA12IAkWcx52PihuSjZTKzQ27RgvpZjz1GxcGsAkOCyB1iRo", "_live_referer" => "undefined", "_mount_attempts" => "0", "_mounts" => "0", "_track_static" => %{"0" => "http://127.0.0.1:4001/assets/app.css", "1" => "http://127.0.0.1:4001/assets/app.js"}, "vsn" => "2.0.0"}
[debug] MOUNT TempmailWeb.HomeLive
  Parameters: %{}
  Session: %{"_csrf_token" => "AYHk0iVwGgqu4m7Ug-3tbBfY"}
[debug] QUERY OK source="domains" db=0.5ms queue=0.2ms idle=702.4ms
SELECT d0."id", d0."domain", d0."is_active", d0."is_default", d0."mailcow_id", d0."description", d0."inserted_at", d0."updated_at" FROM "domains" AS d0 WHERE (d0."is_active" = TRUE) ORDER BY d0."is_default" DESC, d0."domain" []
[90m↳ TempmailWeb.HomeLive.mount/3, at: lib/tempmail_web/live/home_live.ex:18[0m
[debug] Replied in 1ms

Done in 48ms.
[info] CONNECTED TO Phoenix.LiveView.Socket in 0µs
  Transport: :websocket
  Serializer: Phoenix.Socket.V2.JSONSerializer
  Parameters: %{"_csrf_token" => "ADozK1tRUwJyKxEjFyZJKD8dcTN4IkJbVhcYmdaRBMPWrS3QHQCRKm5h", "_live_referer" => "undefined", "_mount_attempts" => "0", "_mounts" => "0", "_track_static" => %{"0" => "http://localhost:4001/assets/app.css", "1" => "http://localhost:4001/assets/app.js"}, "vsn" => "2.0.0"}
[info] CONNECTED TO Phoenix.LiveView.Socket in 0µs
  Transport: :websocket
  Serializer: Phoenix.Socket.V2.JSONSerializer
  Parameters: %{"_csrf_token" => "Mms3BQBEY2dnLglNMjsLPAUGaC16fR96d9gw6qQ7WHH9WNqErJZLI2hI", "_live_referer" => "undefined", "_mount_attempts" => "0", "_mounts" => "0", "_track_static" => %{"0" => "http://localhost:4001/assets/app.css", "1" => "http://localhost:4001/assets/app.js"}, "vsn" => "2.0.0"}
[debug] MOUNT TempmailWeb.HomeLive
  Parameters: %{"locale" => "es"}
  Session: %{"_csrf_token" => "VRPr652P0fAteuzywL2a3Ow3"}
[debug] QUERY OK source="domains" db=0.3ms queue=0.1ms idle=760.0ms
SELECT d0."id", d0."domain", d0."is_active", d0."is_default", d0."mailcow_id", d0."description", d0."inserted_at", d0."updated_at" FROM "domains" AS d0 WHERE (d0."is_active" = TRUE) ORDER BY d0."is_default" DESC, d0."domain" []
[90m↳ TempmailWeb.HomeLive.mount/3, at: lib/tempmail_web/live/home_live.ex:18[0m
[debug] Replied in 614µs
[debug] MOUNT TempmailWeb.HomeLive
  Parameters: %{}
  Session: %{"_csrf_token" => "VRPr652P0fAteuzywL2a3Ow3"}
[debug] QUERY OK source="domains" db=0.4ms queue=0.1ms idle=945.3ms
SELECT d0."id", d0."domain", d0."is_active", d0."is_default", d0."mailcow_id", d0."description", d0."inserted_at", d0."updated_at" FROM "domains" AS d0 WHERE (d0."is_active" = TRUE) ORDER BY d0."is_default" DESC, d0."domain" []
[90m↳ TempmailWeb.HomeLive.mount/3, at: lib/tempmail_web/live/home_live.ex:18[0m
[debug] Replied in 716µs
[debug] Live reload: lib/tempmail_web/components/layouts/app.html.heex
[debug] Live reload: lib/tempmail_web/components/layouts/app.html.heex
[debug] Live reload: lib/tempmail_web/components/layouts/app.html.heex
[debug] Live reload: lib/tempmail_web/components/layouts/app.html.heex
[debug] Live reload: lib/tempmail_web/components/layouts/app.html.heex
[debug] Live reload: lib/tempmail_web/components/layouts/app.html.heex

Rebuilding...

Done in 55ms.
[debug] Live reload: lib/tempmail_web/components/layouts.ex
[debug] Live reload: lib/tempmail_web/components/layouts.ex
[debug] Live reload: lib/tempmail_web/components/layouts.ex
Compiling 1 file (.ex)

Rebuilding...

Done in 41ms.
Generated tempmail app
[info] GET /
[debug] Processing with TempmailWeb.HomeLive.index/2
  Parameters: %{}
  Pipelines: [:browser]
[debug] QUERY OK source="domains" db=0.3ms idle=415.9ms
SELECT d0."id", d0."domain", d0."is_active", d0."is_default", d0."mailcow_id", d0."description", d0."inserted_at", d0."updated_at" FROM "domains" AS d0 WHERE (d0."is_active" = TRUE) ORDER BY d0."is_default" DESC, d0."domain" []
[90m↳ TempmailWeb.HomeLive.mount/3, at: lib/tempmail_web/live/home_live.ex:18[0m
[info] Sent 200 in 3ms
[debug] Live reload: lib/tempmail_web/components/layouts.ex
[debug] Live reload: lib/tempmail_web/components/layouts.ex
[info] GET /es
[debug] Processing with TempmailWeb.HomeLive.index/2
  Parameters: %{"locale" => "es"}
  Pipelines: [:browser]
[info] GET /
[debug] Processing with TempmailWeb.HomeLive.index/2
  Parameters: %{}
  Pipelines: [:browser]
[debug] QUERY OK source="domains" db=0.3ms idle=498.3ms
SELECT d0."id", d0."domain", d0."is_active", d0."is_default", d0."mailcow_id", d0."description", d0."inserted_at", d0."updated_at" FROM "domains" AS d0 WHERE (d0."is_active" = TRUE) ORDER BY d0."is_default" DESC, d0."domain" []
[90m↳ TempmailWeb.HomeLive.mount/3, at: lib/tempmail_web/live/home_live.ex:18[0m
[debug] QUERY OK source="domains" db=0.4ms idle=498.2ms
SELECT d0."id", d0."domain", d0."is_active", d0."is_default", d0."mailcow_id", d0."description", d0."inserted_at", d0."updated_at" FROM "domains" AS d0 WHERE (d0."is_active" = TRUE) ORDER BY d0."is_default" DESC, d0."domain" []
[90m↳ TempmailWeb.HomeLive.mount/3, at: lib/tempmail_web/live/home_live.ex:18[0m
[info] Sent 200 in 1ms
[info] Sent 200 in 1ms

Rebuilding...
[info] CONNECTED TO Phoenix.LiveView.Socket in 0µs
  Transport: :websocket
  Serializer: Phoenix.Socket.V2.JSONSerializer
  Parameters: %{"_csrf_token" => "NXQ5Cl05GzokCERGBQpRBBRrCg4oITkUt-qamPMMco531gfQsF9zJc_M", "_live_referer" => "undefined", "_mount_attempts" => "0", "_mounts" => "0", "_track_static" => %{"0" => "http://127.0.0.1:4001/assets/app.css", "1" => "http://127.0.0.1:4001/assets/app.js"}, "vsn" => "2.0.0"}
[debug] MOUNT TempmailWeb.HomeLive
  Parameters: %{}
  Session: %{"_csrf_token" => "AYHk0iVwGgqu4m7Ug-3tbBfY"}
[debug] QUERY OK source="domains" db=0.4ms queue=0.1ms idle=673.0ms
SELECT d0."id", d0."domain", d0."is_active", d0."is_default", d0."mailcow_id", d0."description", d0."inserted_at", d0."updated_at" FROM "domains" AS d0 WHERE (d0."is_active" = TRUE) ORDER BY d0."is_default" DESC, d0."domain" []
[90m↳ TempmailWeb.HomeLive.mount/3, at: lib/tempmail_web/live/home_live.ex:18[0m
[debug] Replied in 716µs

Done in 50ms.
[info] CONNECTED TO Phoenix.LiveView.Socket in 0µs
  Transport: :websocket
  Serializer: Phoenix.Socket.V2.JSONSerializer
  Parameters: %{"_csrf_token" => "Lz4_IXVUQSNAUyMGDhYpGjoJcS0HNhpAyloSCassp5brkcScMECL4yms", "_live_referer" => "undefined", "_mount_attempts" => "0", "_mounts" => "0", "_track_static" => %{"0" => "http://localhost:4001/assets/app.css", "1" => "http://localhost:4001/assets/app.js"}, "vsn" => "2.0.0"}
[info] CONNECTED TO Phoenix.LiveView.Socket in 102µs
  Transport: :websocket
  Serializer: Phoenix.Socket.V2.JSONSerializer
  Parameters: %{"_csrf_token" => "Px8qPUFEVmBGDAAGARsAExQiflFSFgdDiMzOwqd0vjArdnzjcnL0aYpp", "_live_referer" => "undefined", "_mount_attempts" => "0", "_mounts" => "0", "_track_static" => %{"0" => "http://localhost:4001/assets/app.css", "1" => "http://localhost:4001/assets/app.js"}, "vsn" => "2.0.0"}
[debug] MOUNT TempmailWeb.HomeLive
  Parameters: %{"locale" => "es"}
  Session: %{"_csrf_token" => "VRPr652P0fAteuzywL2a3Ow3"}
[debug] QUERY OK source="domains" db=0.4ms idle=811.8ms
SELECT d0."id", d0."domain", d0."is_active", d0."is_default", d0."mailcow_id", d0."description", d0."inserted_at", d0."updated_at" FROM "domains" AS d0 WHERE (d0."is_active" = TRUE) ORDER BY d0."is_default" DESC, d0."domain" []
[90m↳ TempmailWeb.HomeLive.mount/3, at: lib/tempmail_web/live/home_live.ex:18[0m
[debug] Replied in 716µs
[debug] MOUNT TempmailWeb.HomeLive
  Parameters: %{}
  Session: %{"_csrf_token" => "VRPr652P0fAteuzywL2a3Ow3"}
[debug] QUERY OK source="domains" db=0.3ms decode=0.1ms queue=0.1ms idle=1001.8ms
SELECT d0."id", d0."domain", d0."is_active", d0."is_default", d0."mailcow_id", d0."description", d0."inserted_at", d0."updated_at" FROM "domains" AS d0 WHERE (d0."is_active" = TRUE) ORDER BY d0."is_default" DESC, d0."domain" []
[90m↳ TempmailWeb.HomeLive.mount/3, at: lib/tempmail_web/live/home_live.ex:18[0m
[debug] Replied in 819µs
[debug] Live reload: lib/tempmail_web/components/layouts/app.html.heex
[debug] Live reload: lib/tempmail_web/components/layouts/app.html.heex
[debug] Live reload: lib/tempmail_web/components/layouts/app.html.heex
[debug] Live reload: lib/tempmail_web/components/layouts/app.html.heex
[debug] Live reload: lib/tempmail_web/components/layouts/app.html.heex
[debug] Live reload: lib/tempmail_web/components/layouts/app.html.heex

Rebuilding...

Done in 46ms.
[debug] Live reload: lib/tempmail_web/components/layouts.ex
[debug] Live reload: lib/tempmail_web/components/layouts.ex
[debug] Live reload: lib/tempmail_web/components/layouts.ex
Compiling 1 file (.ex)

Rebuilding...

Done in 39ms.
Generated tempmail app
[info] GET /
[debug] Processing with TempmailWeb.HomeLive.index/2
  Parameters: %{}
  Pipelines: [:browser]
[debug] QUERY OK source="domains" db=0.3ms idle=1753.9ms
SELECT d0."id", d0."domain", d0."is_active", d0."is_default", d0."mailcow_id", d0."description", d0."inserted_at", d0."updated_at" FROM "domains" AS d0 WHERE (d0."is_active" = TRUE) ORDER BY d0."is_default" DESC, d0."domain" []
[90m↳ TempmailWeb.HomeLive.mount/3, at: lib/tempmail_web/live/home_live.ex:18[0m
[info] Sent 200 in 4ms
[info] GET /es
[debug] Processing with TempmailWeb.HomeLive.index/2
  Parameters: %{"locale" => "es"}
  Pipelines: [:browser]
[debug] QUERY OK source="domains" db=0.4ms queue=0.1ms idle=1819.3ms
SELECT d0."id", d0."domain", d0."is_active", d0."is_default", d0."mailcow_id", d0."description", d0."inserted_at", d0."updated_at" FROM "domains" AS d0 WHERE (d0."is_active" = TRUE) ORDER BY d0."is_default" DESC, d0."domain" []
[90m↳ TempmailWeb.HomeLive.mount/3, at: lib/tempmail_web/live/home_live.ex:18[0m
[info] Sent 200 in 1ms
[info] GET /
[debug] Processing with TempmailWeb.HomeLive.index/2
  Parameters: %{}
  Pipelines: [:browser]
[debug] QUERY OK source="domains" db=0.3ms idle=931.9ms
SELECT d0."id", d0."domain", d0."is_active", d0."is_default", d0."mailcow_id", d0."description", d0."inserted_at", d0."updated_at" FROM "domains" AS d0 WHERE (d0."is_active" = TRUE) ORDER BY d0."is_default" DESC, d0."domain" []
[90m↳ TempmailWeb.HomeLive.mount/3, at: lib/tempmail_web/live/home_live.ex:18[0m
[info] Sent 200 in 1ms
[info] CONNECTED TO Phoenix.LiveView.Socket in 0µs
  Transport: :websocket
  Serializer: Phoenix.Socket.V2.JSONSerializer
  Parameters: %{"_csrf_token" => "NxABX3EdLDoMDgdHbTh8YEpsXRkEJCUKvII4AtzMKiv2YUK5-AnmffCS", "_live_referer" => "undefined", "_mount_attempts" => "0", "_mounts" => "0", "_track_static" => %{"0" => "http://127.0.0.1:4001/assets/app.css", "1" => "http://127.0.0.1:4001/assets/app.js"}, "vsn" => "2.0.0"}
[debug] MOUNT TempmailWeb.HomeLive
  Parameters: %{}
  Session: %{"_csrf_token" => "AYHk0iVwGgqu4m7Ug-3tbBfY"}
[debug] QUERY OK source="domains" db=0.5ms idle=1007.3ms
SELECT d0."id", d0."domain", d0."is_active", d0."is_default", d0."mailcow_id", d0."description", d0."inserted_at", d0."updated_at" FROM "domains" AS d0 WHERE (d0."is_active" = TRUE) ORDER BY d0."is_default" DESC, d0."domain" []
[90m↳ TempmailWeb.HomeLive.mount/3, at: lib/tempmail_web/live/home_live.ex:18[0m
[debug] Replied in 819µs
[info] CONNECTED TO Phoenix.LiveView.Socket in 0µs
  Transport: :websocket
  Serializer: Phoenix.Socket.V2.JSONSerializer
  Parameters: %{"_csrf_token" => "FwQ0O0FBZBMBHnAmEiVCCjV9dFF9KChcAVdIwtVC1x1RwP8sB1F0Ng_o", "_live_referer" => "undefined", "_mount_attempts" => "0", "_mounts" => "0", "_track_static" => %{"0" => "http://localhost:4001/assets/app.css", "1" => "http://localhost:4001/assets/app.js"}, "vsn" => "2.0.0"}
[debug] MOUNT TempmailWeb.HomeLive
  Parameters: %{"locale" => "es"}
  Session: %{"_csrf_token" => "VRPr652P0fAteuzywL2a3Ow3"}
[debug] QUERY OK source="domains" db=0.4ms queue=0.1ms idle=604.3ms
SELECT d0."id", d0."domain", d0."is_active", d0."is_default", d0."mailcow_id", d0."description", d0."inserted_at", d0."updated_at" FROM "domains" AS d0 WHERE (d0."is_active" = TRUE) ORDER BY d0."is_default" DESC, d0."domain" []
[90m↳ TempmailWeb.HomeLive.mount/3, at: lib/tempmail_web/live/home_live.ex:18[0m
[debug] Replied in 819µs
[info] CONNECTED TO Phoenix.LiveView.Socket in 0µs
  Transport: :websocket
  Serializer: Phoenix.Socket.V2.JSONSerializer
  Parameters: %{"_csrf_token" => "MAMYSkNERx5KCCsVEQwfSx4VBidbAAFhfQH8uquNznjatye2iY4FhOvR", "_live_referer" => "undefined", "_mount_attempts" => "0", "_mounts" => "0", "_track_static" => %{"0" => "http://localhost:4001/assets/app.css", "1" => "http://localhost:4001/assets/app.js"}, "vsn" => "2.0.0"}
[debug] MOUNT TempmailWeb.HomeLive
  Parameters: %{}
  Session: %{"_csrf_token" => "VRPr652P0fAteuzywL2a3Ow3"}
[debug] QUERY OK source="domains" db=0.3ms idle=959.3ms
SELECT d0."id", d0."domain", d0."is_active", d0."is_default", d0."mailcow_id", d0."description", d0."inserted_at", d0."updated_at" FROM "domains" AS d0 WHERE (d0."is_active" = TRUE) ORDER BY d0."is_default" DESC, d0."domain" []
[90m↳ TempmailWeb.HomeLive.mount/3, at: lib/tempmail_web/live/home_live.ex:18[0m
[debug] Replied in 614µs
[debug] Live reload: lib/tempmail_web/components/layouts/app.html.heex
[debug] Live reload: lib/tempmail_web/components/layouts/app.html.heex
[debug] Live reload: lib/tempmail_web/components/layouts/app.html.heex
[debug] Live reload: lib/tempmail_web/components/layouts/app.html.heex
[debug] Live reload: lib/tempmail_web/components/layouts/app.html.heex
[debug] Live reload: lib/tempmail_web/components/layouts/app.html.heex

Rebuilding...

Done in 49ms.
[debug] Live reload: lib/tempmail_web/components/layouts.ex
[debug] Live reload: lib/tempmail_web/components/layouts.ex
[debug] Live reload: lib/tempmail_web/components/layouts.ex
Compiling 1 file (.ex)

Rebuilding...

Done in 35ms.
Generated tempmail app
[info] GET /
[debug] Processing with TempmailWeb.HomeLive.index/2
  Parameters: %{}
  Pipelines: [:browser]
[debug] QUERY OK source="domains" db=0.3ms queue=0.1ms idle=1847.3ms
SELECT d0."id", d0."domain", d0."is_active", d0."is_default", d0."mailcow_id", d0."description", d0."inserted_at", d0."updated_at" FROM "domains" AS d0 WHERE (d0."is_active" = TRUE) ORDER BY d0."is_default" DESC, d0."domain" []
[90m↳ TempmailWeb.HomeLive.mount/3, at: lib/tempmail_web/live/home_live.ex:18[0m
[info] Sent 200 in 5ms
[info] GET /es
[debug] Processing with TempmailWeb.HomeLive.index/2
  Parameters: %{"locale" => "es"}
  Pipelines: [:browser]
[info] GET /
[debug] Processing with TempmailWeb.HomeLive.index/2
  Parameters: %{}
  Pipelines: [:browser]
[debug] QUERY OK source="domains" db=0.5ms idle=907.7ms
SELECT d0."id", d0."domain", d0."is_active", d0."is_default", d0."mailcow_id", d0."description", d0."inserted_at", d0."updated_at" FROM "domains" AS d0 WHERE (d0."is_active" = TRUE) ORDER BY d0."is_default" DESC, d0."domain" []
[90m↳ TempmailWeb.HomeLive.mount/3, at: lib/tempmail_web/live/home_live.ex:18[0m
[debug] QUERY OK source="domains" db=0.4ms idle=907.8ms
SELECT d0."id", d0."domain", d0."is_active", d0."is_default", d0."mailcow_id", d0."description", d0."inserted_at", d0."updated_at" FROM "domains" AS d0 WHERE (d0."is_active" = TRUE) ORDER BY d0."is_default" DESC, d0."domain" []
[90m↳ TempmailWeb.HomeLive.mount/3, at: lib/tempmail_web/live/home_live.ex:18[0m
[info] Sent 200 in 1ms
[info] Sent 200 in 1ms
[info] CONNECTED TO Phoenix.LiveView.Socket in 0µs
  Transport: :websocket
  Serializer: Phoenix.Socket.V2.JSONSerializer
  Parameters: %{"_csrf_token" => "KjoDPXZEHQV0EVwwfAQHHA5aej4QLwwGkcKVF-Kr3v-EHi0IiwIJrmj_", "_live_referer" => "undefined", "_mount_attempts" => "0", "_mounts" => "0", "_track_static" => %{"0" => "http://127.0.0.1:4001/assets/app.css", "1" => "http://127.0.0.1:4001/assets/app.js"}, "vsn" => "2.0.0"}
[debug] MOUNT TempmailWeb.HomeLive
  Parameters: %{}
  Session: %{"_csrf_token" => "AYHk0iVwGgqu4m7Ug-3tbBfY"}
[debug] QUERY OK source="domains" db=0.4ms queue=0.1ms idle=1131.0ms
SELECT d0."id", d0."domain", d0."is_active", d0."is_default", d0."mailcow_id", d0."description", d0."inserted_at", d0."updated_at" FROM "domains" AS d0 WHERE (d0."is_active" = TRUE) ORDER BY d0."is_default" DESC, d0."domain" []
[90m↳ TempmailWeb.HomeLive.mount/3, at: lib/tempmail_web/live/home_live.ex:18[0m
[debug] Replied in 819µs
[info] CONNECTED TO Phoenix.LiveView.Socket in 0µs
  Transport: :websocket
  Serializer: Phoenix.Socket.V2.JSONSerializer
  Parameters: %{"_csrf_token" => "IGUlOXx-SgZHJSdHJBYMExYvWQV4dlpqv7uKJKxVwCf3AcvjackdK9-Y", "_live_referer" => "undefined", "_mount_attempts" => "0", "_mounts" => "0", "_track_static" => %{"0" => "http://localhost:4001/assets/app.css", "1" => "http://localhost:4001/assets/app.js"}, "vsn" => "2.0.0"}
[info] CONNECTED TO Phoenix.LiveView.Socket in 0µs
  Transport: :websocket
  Serializer: Phoenix.Socket.V2.JSONSerializer
  Parameters: %{"_csrf_token" => "AhtmHHt9AxxzHHNNK0A5HC94XjJREEUGTI6nMH1LCz29N5CeX4lSb_25", "_live_referer" => "undefined", "_mount_attempts" => "0", "_mounts" => "0", "_track_static" => %{"0" => "http://localhost:4001/assets/app.css", "1" => "http://localhost:4001/assets/app.js"}, "vsn" => "2.0.0"}
[debug] MOUNT TempmailWeb.HomeLive
  Parameters: %{"locale" => "es"}
  Session: %{"_csrf_token" => "VRPr652P0fAteuzywL2a3Ow3"}
[debug] QUERY OK source="domains" db=0.4ms idle=793.7ms
SELECT d0."id", d0."domain", d0."is_active", d0."is_default", d0."mailcow_id", d0."description", d0."inserted_at", d0."updated_at" FROM "domains" AS d0 WHERE (d0."is_active" = TRUE) ORDER BY d0."is_default" DESC, d0."domain" []
[90m↳ TempmailWeb.HomeLive.mount/3, at: lib/tempmail_web/live/home_live.ex:18[0m
[debug] Replied in 716µs
[debug] MOUNT TempmailWeb.HomeLive
  Parameters: %{}
  Session: %{"_csrf_token" => "VRPr652P0fAteuzywL2a3Ow3"}
[debug] QUERY OK source="domains" db=0.4ms idle=1068.5ms
SELECT d0."id", d0."domain", d0."is_active", d0."is_default", d0."mailcow_id", d0."description", d0."inserted_at", d0."updated_at" FROM "domains" AS d0 WHERE (d0."is_active" = TRUE) ORDER BY d0."is_default" DESC, d0."domain" []
[90m↳ TempmailWeb.HomeLive.mount/3, at: lib/tempmail_web/live/home_live.ex:18[0m
[debug] Replied in 819µs
[debug] Live reload: lib/tempmail_web/live/static_page_live.ex
[debug] Live reload: lib/tempmail_web/live/static_page_live.ex
[debug] Live reload: lib/tempmail_web/live/static_page_live.ex
[debug] Live reload: lib/tempmail_web/live/static_page_live.ex
[debug] Live reload: lib/tempmail_web/live/static_page_live.ex
[debug] Live reload: lib/tempmail_web/live/static_page_live.ex
[debug] Live reload: lib/tempmail_web/components/layouts/app.html.heex
[debug] Live reload: lib/tempmail_web/components/layouts/app.html.heex
[debug] Live reload: lib/tempmail_web/components/layouts/app.html.heex
[debug] Live reload: lib/tempmail_web/components/layouts/app.html.heex
[debug] Live reload: lib/tempmail_web/components/layouts/app.html.heex
[debug] Live reload: lib/tempmail_web/components/layouts/app.html.heex
[debug] Live reload: lib/tempmail_web/components/layouts.ex
[debug] Live reload: lib/tempmail_web/components/layouts.ex
[debug] Live reload: lib/tempmail_web/components/layouts.ex
Compiling 2 files (.ex)

Rebuilding...

Done in 44ms.

Rebuilding...

Done in 44ms.
Generated tempmail app
[info] GET /
[debug] Processing with TempmailWeb.HomeLive.index/2
  Parameters: %{}
  Pipelines: [:browser]
[debug] QUERY OK source="domains" db=0.3ms queue=0.1ms idle=1962.5ms
SELECT d0."id", d0."domain", d0."is_active", d0."is_default", d0."mailcow_id", d0."description", d0."inserted_at", d0."updated_at" FROM "domains" AS d0 WHERE (d0."is_active" = TRUE) ORDER BY d0."is_default" DESC, d0."domain" []
[90m↳ TempmailWeb.HomeLive.mount/3, at: lib/tempmail_web/live/home_live.ex:18[0m
[info] Sent 200 in 4ms
[error] GenServer #PID<0.3714.0> terminating
** (stop) :econnaborted
Process Label: {:thousand_island, :connection, {Bandit.DelegatingHandler, {{127, 0, 0, 1}, 57162}}}
Last message: {:tcp_error, #Port<0.677>, :econnaborted}
State: {%ThousandIsland.Socket{socket: #Port<0.677>, transport_module: ThousandIsland.Transports.TCP, read_timeout: 60000, silent_terminate_on_error: false, span: %ThousandIsland.Telemetry{span_name: :connection, telemetry_span_context: #Reference<0.1557660048.3216769025.212970>, start_time: -5764593119790730, start_metadata: %{handler: Bandit.DelegatingHandler, remote_port: 57162, remote_address: {127, 0, 0, 1}, telemetry_span_context: #Reference<0.1557660048.3216769025.212970>, parent_telemetry_span_context: #Reference<0.1557660048.3216769052.157686>}, handler: Bandit.DelegatingHandler, span_metadata: %{handler: Bandit.DelegatingHandler, telemetry_span_context: #Reference<0.1557660048.3216769025.212970>}}}, %{opts: %{http: [], websocket: [], http_1: [], http_2: []}, plug: {Phoenix.Endpoint.SyncCodeReloadPlug, {TempmailWeb.Endpoint, []}}, handler_module: Bandit.HTTP1.Handler, http_1_enabled: true, http_2_enabled: true, requests_processed: 10}}
[info] GET /
[info] GET /
[debug] Processing with TempmailWeb.HomeLive.index/2
  Parameters: %{}
  Pipelines: [:browser]
[debug] Processing with TempmailWeb.HomeLive.index/2
  Parameters: %{}
  Pipelines: [:browser]
[info] GET /es
[debug] Processing with TempmailWeb.HomeLive.index/2
  Parameters: %{"locale" => "es"}
  Pipelines: [:browser]
[info] GET /es
[debug] Processing with TempmailWeb.HomeLive.index/2
  Parameters: %{"locale" => "es"}
  Pipelines: [:browser]
[debug] QUERY OK source="domains" db=0.3ms idle=82.2ms
SELECT d0."id", d0."domain", d0."is_active", d0."is_default", d0."mailcow_id", d0."description", d0."inserted_at", d0."updated_at" FROM "domains" AS d0 WHERE (d0."is_active" = TRUE) ORDER BY d0."is_default" DESC, d0."domain" []
[90m↳ TempmailWeb.HomeLive.mount/3, at: lib/tempmail_web/live/home_live.ex:18[0m
[debug] QUERY OK source="domains" db=0.3ms idle=87.4ms
SELECT d0."id", d0."domain", d0."is_active", d0."is_default", d0."mailcow_id", d0."description", d0."inserted_at", d0."updated_at" FROM "domains" AS d0 WHERE (d0."is_active" = TRUE) ORDER BY d0."is_default" DESC, d0."domain" []
[90m↳ TempmailWeb.HomeLive.mount/3, at: lib/tempmail_web/live/home_live.ex:18[0m
[debug] QUERY OK source="domains" db=0.3ms idle=6.8ms
SELECT d0."id", d0."domain", d0."is_active", d0."is_default", d0."mailcow_id", d0."description", d0."inserted_at", d0."updated_at" FROM "domains" AS d0 WHERE (d0."is_active" = TRUE) ORDER BY d0."is_default" DESC, d0."domain" []
[90m↳ TempmailWeb.HomeLive.mount/3, at: lib/tempmail_web/live/home_live.ex:18[0m
[debug] QUERY OK source="domains" db=0.2ms idle=7.0ms
SELECT d0."id", d0."domain", d0."is_active", d0."is_default", d0."mailcow_id", d0."description", d0."inserted_at", d0."updated_at" FROM "domains" AS d0 WHERE (d0."is_active" = TRUE) ORDER BY d0."is_default" DESC, d0."domain" []
[90m↳ TempmailWeb.HomeLive.mount/3, at: lib/tempmail_web/live/home_live.ex:18[0m
[info] Sent 200 in 1ms
[info] Sent 200 in 1ms
[info] Sent 200 in 1ms
[info] Sent 200 in 1ms
[error] GenServer #PID<0.3769.0> terminating
** (stop) :econnaborted
Process Label: {:thousand_island, :connection, {Bandit.DelegatingHandler, {{127, 0, 0, 1}, 49896}}}
Last message: {:tcp_error, #Port<0.685>, :econnaborted}
State: {%ThousandIsland.Socket{socket: #Port<0.685>, transport_module: ThousandIsland.Transports.TCP, read_timeout: 60000, silent_terminate_on_error: false, span: %ThousandIsland.Telemetry{span_name: :connection, telemetry_span_context: #Reference<0.1557660048.3216769029.175552>, start_time: -5764593114099340, start_metadata: %{handler: Bandit.DelegatingHandler, remote_port: 49896, remote_address: {127, 0, 0, 1}, telemetry_span_context: #Reference<0.1557660048.3216769029.175552>, parent_telemetry_span_context: #Reference<0.1557660048.3216769051.157667>}, handler: Bandit.DelegatingHandler, span_metadata: %{handler: Bandit.DelegatingHandler, telemetry_span_context: #Reference<0.1557660048.3216769029.175552>}}}, %{opts: %{http: [], websocket: [], http_1: [], http_2: []}, plug: {Phoenix.Endpoint.SyncCodeReloadPlug, {TempmailWeb.Endpoint, []}}, handler_module: Bandit.HTTP1.Handler, http_1_enabled: true, http_2_enabled: true, requests_processed: 21}}
[info] CONNECTED TO Phoenix.LiveView.Socket in 0µs
  Transport: :websocket
  Serializer: Phoenix.Socket.V2.JSONSerializer
  Parameters: %{"_csrf_token" => "CCMrCH44Ey10DiMXAQRyZjQaYToAdlcAIzccNQEZ3iRb5iE3S7RNb41Y", "_live_referer" => "undefined", "_mount_attempts" => "0", "_mounts" => "0", "_track_static" => %{"0" => "http://127.0.0.1:4001/assets/app.css", "1" => "http://127.0.0.1:4001/assets/app.js"}, "vsn" => "2.0.0"}
[debug] MOUNT TempmailWeb.HomeLive
  Parameters: %{}
  Session: %{"_csrf_token" => "AYHk0iVwGgqu4m7Ug-3tbBfY"}
[debug] QUERY OK source="domains" db=0.4ms idle=390.6ms
SELECT d0."id", d0."domain", d0."is_active", d0."is_default", d0."mailcow_id", d0."description", d0."inserted_at", d0."updated_at" FROM "domains" AS d0 WHERE (d0."is_active" = TRUE) ORDER BY d0."is_default" DESC, d0."domain" []
[90m↳ TempmailWeb.HomeLive.mount/3, at: lib/tempmail_web/live/home_live.ex:18[0m
[debug] Replied in 819µs
[info] CONNECTED TO Phoenix.LiveView.Socket in 0µs
  Transport: :websocket
  Serializer: Phoenix.Socket.V2.JSONSerializer
  Parameters: %{"_csrf_token" => "YRdkH2ddVz9HNCkNCgNXEDMZUUx2IxBF7E4mQheowRhyov-iDUc-Elgv", "_live_referer" => "undefined", "_mount_attempts" => "0", "_mounts" => "0", "_track_static" => %{"0" => "http://localhost:4001/assets/app.css", "1" => "http://localhost:4001/assets/app.js"}, "vsn" => "2.0.0"}
[info] CONNECTED TO Phoenix.LiveView.Socket in 0µs
  Transport: :websocket
  Serializer: Phoenix.Socket.V2.JSONSerializer
  Parameters: %{"_csrf_token" => "GzVlRl18WmdRDzAdPEcCHBAoBRBQHjYBMg54kIh7aiqiY2xegd7qcQA2", "_live_referer" => "undefined", "_mount_attempts" => "0", "_mounts" => "0", "_track_static" => %{"0" => "http://localhost:4001/assets/app.css", "1" => "http://localhost:4001/assets/app.js"}, "vsn" => "2.0.0"}
[debug] MOUNT TempmailWeb.HomeLive
  Parameters: %{"locale" => "es"}
  Session: %{"_csrf_token" => "VRPr652P0fAteuzywL2a3Ow3"}
[debug] QUERY OK source="domains" db=0.4ms queue=0.1ms idle=744.0ms
SELECT d0."id", d0."domain", d0."is_active", d0."is_default", d0."mailcow_id", d0."description", d0."inserted_at", d0."updated_at" FROM "domains" AS d0 WHERE (d0."is_active" = TRUE) ORDER BY d0."is_default" DESC, d0."domain" []
[90m↳ TempmailWeb.HomeLive.mount/3, at: lib/tempmail_web/live/home_live.ex:18[0m
[debug] Replied in 716µs
[debug] MOUNT TempmailWeb.HomeLive
  Parameters: %{}
  Session: %{"_csrf_token" => "VRPr652P0fAteuzywL2a3Ow3"}
[debug] QUERY OK source="domains" db=0.8ms queue=0.1ms idle=1017.8ms
SELECT d0."id", d0."domain", d0."is_active", d0."is_default", d0."mailcow_id", d0."description", d0."inserted_at", d0."updated_at" FROM "domains" AS d0 WHERE (d0."is_active" = TRUE) ORDER BY d0."is_default" DESC, d0."domain" []
[90m↳ TempmailWeb.HomeLive.mount/3, at: lib/tempmail_web/live/home_live.ex:18[0m
[debug] Replied in 1ms
[debug] Live reload: priv/static/assets/app.css
[debug] Live reload: priv/static/assets/app.css
[debug] Live reload: priv/static/assets/app.css
[debug] Live reload: priv/static/assets/app.css
[debug] Live reload: priv/static/assets/app.css
[debug] Live reload: priv/static/assets/app.css
[debug] Live reload: priv/static/assets/app.js
[debug] Live reload: priv/static/assets/app.js
[debug] Live reload: priv/static/assets/app.js
[debug] Live reload: priv/static/assets/app.js
[debug] Live reload: priv/static/assets/app.js
[debug] Live reload: priv/static/assets/app.js
[info] GET /
[debug] Processing with TempmailWeb.HomeLive.index/2
  Parameters: %{}
  Pipelines: [:browser]
[debug] QUERY OK source="domains" db=0.4ms idle=544.3ms
SELECT d0."id", d0."domain", d0."is_active", d0."is_default", d0."mailcow_id", d0."description", d0."inserted_at", d0."updated_at" FROM "domains" AS d0 WHERE (d0."is_active" = TRUE) ORDER BY d0."is_default" DESC, d0."domain" []
[90m↳ TempmailWeb.HomeLive.mount/3, at: lib/tempmail_web/live/home_live.ex:18[0m
[info] Sent 200 in 1ms
[info] GET /es
[debug] Processing with TempmailWeb.HomeLive.index/2
  Parameters: %{"locale" => "es"}
  Pipelines: [:browser]
[debug] QUERY OK source="domains" db=0.4ms idle=746.4ms
SELECT d0."id", d0."domain", d0."is_active", d0."is_default", d0."mailcow_id", d0."description", d0."inserted_at", d0."updated_at" FROM "domains" AS d0 WHERE (d0."is_active" = TRUE) ORDER BY d0."is_default" DESC, d0."domain" []
[90m↳ TempmailWeb.HomeLive.mount/3, at: lib/tempmail_web/live/home_live.ex:18[0m
[info] Sent 200 in 1ms
[info] CONNECTED TO Phoenix.LiveView.Socket in 0µs
  Transport: :websocket
  Serializer: Phoenix.Socket.V2.JSONSerializer
  Parameters: %{"_csrf_token" => "NGkgCHQhBiIQOEASbQIGMTYYUjBPCBAIu0hcDHPUW_1gYo1dQ5aD-JvQ", "_live_referer" => "undefined", "_mount_attempts" => "0", "_mounts" => "0", "_track_static" => %{"0" => "http://127.0.0.1:4001/assets/app.css", "1" => "http://127.0.0.1:4001/assets/app.js"}, "vsn" => "2.0.0"}
[debug] MOUNT TempmailWeb.HomeLive
  Parameters: %{}
  Session: %{"_csrf_token" => "AYHk0iVwGgqu4m7Ug-3tbBfY"}
[debug] QUERY OK source="domains" db=0.3ms idle=825.7ms
SELECT d0."id", d0."domain", d0."is_active", d0."is_default", d0."mailcow_id", d0."description", d0."inserted_at", d0."updated_at" FROM "domains" AS d0 WHERE (d0."is_active" = TRUE) ORDER BY d0."is_default" DESC, d0."domain" []
[90m↳ TempmailWeb.HomeLive.mount/3, at: lib/tempmail_web/live/home_live.ex:18[0m
[debug] Replied in 512µs
[info] GET /
[debug] Processing with TempmailWeb.HomeLive.index/2
  Parameters: %{}
  Pipelines: [:browser]
[debug] QUERY OK source="domains" db=0.3ms idle=827.6ms
SELECT d0."id", d0."domain", d0."is_active", d0."is_default", d0."mailcow_id", d0."description", d0."inserted_at", d0."updated_at" FROM "domains" AS d0 WHERE (d0."is_active" = TRUE) ORDER BY d0."is_default" DESC, d0."domain" []
[90m↳ TempmailWeb.HomeLive.mount/3, at: lib/tempmail_web/live/home_live.ex:18[0m
[info] Sent 200 in 1ms
[info] CONNECTED TO Phoenix.LiveView.Socket in 0µs
  Transport: :websocket
  Serializer: Phoenix.Socket.V2.JSONSerializer
  Parameters: %{"_csrf_token" => "FQIYJW5MdihiJwosMwYbARt6UxdSCg51CPHWXyDxRAKXVsaxl6avaEyF", "_live_referer" => "undefined", "_mount_attempts" => "0", "_mounts" => "0", "_track_static" => %{"0" => "http://localhost:4001/assets/app.css", "1" => "http://localhost:4001/assets/app.js"}, "vsn" => "2.0.0"}
[info] CONNECTED TO Phoenix.LiveView.Socket in 0µs
  Transport: :websocket
  Serializer: Phoenix.Socket.V2.JSONSerializer
  Parameters: %{"_csrf_token" => "CWoAMU9UdxsdVHcBDTM0KQJ0WVlpORJX_8PCyaEK-26uhFNPu8k8Zved", "_live_referer" => "undefined", "_mount_attempts" => "0", "_mounts" => "0", "_track_static" => %{"0" => "http://localhost:4001/assets/app.css", "1" => "http://localhost:4001/assets/app.js"}, "vsn" => "2.0.0"}
[debug] MOUNT TempmailWeb.HomeLive
  Parameters: %{"locale" => "es"}
  Session: %{"_csrf_token" => "VRPr652P0fAteuzywL2a3Ow3"}
[debug] QUERY OK source="domains" db=0.3ms idle=807.6ms
SELECT d0."id", d0."domain", d0."is_active", d0."is_default", d0."mailcow_id", d0."description", d0."inserted_at", d0."updated_at" FROM "domains" AS d0 WHERE (d0."is_active" = TRUE) ORDER BY d0."is_default" DESC, d0."domain" []
[90m↳ TempmailWeb.HomeLive.mount/3, at: lib/tempmail_web/live/home_live.ex:18[0m
[debug] Replied in 512µs
[debug] MOUNT TempmailWeb.HomeLive
  Parameters: %{}
  Session: %{"_csrf_token" => "VRPr652P0fAteuzywL2a3Ow3"}
[debug] QUERY OK source="domains" db=0.5ms idle=1122.5ms
SELECT d0."id", d0."domain", d0."is_active", d0."is_default", d0."mailcow_id", d0."description", d0."inserted_at", d0."updated_at" FROM "domains" AS d0 WHERE (d0."is_active" = TRUE) ORDER BY d0."is_default" DESC, d0."domain" []
[90m↳ TempmailWeb.HomeLive.mount/3, at: lib/tempmail_web/live/home_live.ex:18[0m
[debug] Replied in 921µs
[info] GET /es
[debug] Processing with TempmailWeb.HomeLive.index/2
  Parameters: %{"locale" => "es"}
  Pipelines: [:browser]
[info] GET /es/blog
[debug] Processing with TempmailWeb.BlogLive.index/2
  Parameters: %{"locale" => "es"}
  Pipelines: [:browser]
[debug] QUERY OK source="domains" db=0.3ms queue=0.1ms idle=422.7ms
SELECT d0."id", d0."domain", d0."is_active", d0."is_default", d0."mailcow_id", d0."description", d0."inserted_at", d0."updated_at" FROM "domains" AS d0 WHERE (d0."is_active" = TRUE) ORDER BY d0."is_default" DESC, d0."domain" []
[90m↳ TempmailWeb.HomeLive.mount/3, at: lib/tempmail_web/live/home_live.ex:18[0m
[info] Sent 200 in 1ms
[debug] QUERY OK source="blog_posts" db=2.2ms idle=422.8ms
SELECT b0."id", b0."author_id", b0."slug", b0."status", b0."featured_image", b0."published_at", b0."view_count", b0."inserted_at", b0."updated_at" FROM "blog_posts" AS b0 WHERE (b0."status" = 'PUBLISHED') ORDER BY b0."published_at" DESC []
[90m↳ TempmailWeb.BlogLive.mount/3, at: lib/tempmail_web/live/blog_live.ex:14[0m
[info] Sent 200 in 3ms
[info] GET /es
[debug] Processing with TempmailWeb.HomeLive.index/2
  Parameters: %{"locale" => "es"}
  Pipelines: [:browser]
[debug] QUERY OK source="domains" db=0.3ms queue=0.1ms idle=410.4ms
SELECT d0."id", d0."domain", d0."is_active", d0."is_default", d0."mailcow_id", d0."description", d0."inserted_at", d0."updated_at" FROM "domains" AS d0 WHERE (d0."is_active" = TRUE) ORDER BY d0."is_default" DESC, d0."domain" []
[90m↳ TempmailWeb.HomeLive.mount/3, at: lib/tempmail_web/live/home_live.ex:18[0m
[info] Sent 200 in 1ms
[info] CONNECTED TO Phoenix.LiveView.Socket in 0µs
  Transport: :websocket
  Serializer: Phoenix.Socket.V2.JSONSerializer
  Parameters: %{"_csrf_token" => "ci14HwhbNBsKKhgbGSdAPAxpdU0ULTEg3t0t82blMMin-JwikDF9voWy", "_live_referer" => "undefined", "_mount_attempts" => "0", "_mounts" => "0", "_track_static" => %{"0" => "http://127.0.0.1:4001/assets/app.css", "1" => "http://127.0.0.1:4001/assets/app.js"}, "vsn" => "2.0.0"}
[debug] MOUNT TempmailWeb.HomeLive
  Parameters: %{"locale" => "es"}
  Session: %{"_csrf_token" => "AYHk0iVwGgqu4m7Ug-3tbBfY"}
[debug] QUERY OK source="domains" db=0.3ms idle=633.1ms
SELECT d0."id", d0."domain", d0."is_active", d0."is_default", d0."mailcow_id", d0."description", d0."inserted_at", d0."updated_at" FROM "domains" AS d0 WHERE (d0."is_active" = TRUE) ORDER BY d0."is_default" DESC, d0."domain" []
[90m↳ TempmailWeb.HomeLive.mount/3, at: lib/tempmail_web/live/home_live.ex:18[0m
[debug] Replied in 512µs
[info] GET /en
[debug] Processing with TempmailWeb.HomeLive.index/2
  Parameters: %{"locale" => "en"}
  Pipelines: [:browser]
[debug] QUERY OK source="domains" db=0.3ms idle=653.1ms
SELECT d0."id", d0."domain", d0."is_active", d0."is_default", d0."mailcow_id", d0."description", d0."inserted_at", d0."updated_at" FROM "domains" AS d0 WHERE (d0."is_active" = TRUE) ORDER BY d0."is_default" DESC, d0."domain" []
[90m↳ TempmailWeb.HomeLive.mount/3, at: lib/tempmail_web/live/home_live.ex:18[0m
[info] Sent 200 in 1ms
[info] CONNECTED TO Phoenix.LiveView.Socket in 0µs
  Transport: :websocket
  Serializer: Phoenix.Socket.V2.JSONSerializer
  Parameters: %{"_csrf_token" => "Lis5C25hBxxcJA87DAJLDE4bQFADABtrxyiyXT5LlBNOiw1u9Wr10OlX", "_live_referer" => "undefined", "_mount_attempts" => "0", "_mounts" => "0", "_track_static" => %{"0" => "http://localhost:4001/assets/app.css", "1" => "http://localhost:4001/assets/app.js"}, "vsn" => "2.0.0"}
[debug] MOUNT TempmailWeb.HomeLive
  Parameters: %{"locale" => "en"}
  Session: %{"_csrf_token" => "VRPr652P0fAteuzywL2a3Ow3"}
[debug] QUERY OK source="domains" db=0.4ms idle=1173.9ms
SELECT d0."id", d0."domain", d0."is_active", d0."is_default", d0."mailcow_id", d0."description", d0."inserted_at", d0."updated_at" FROM "domains" AS d0 WHERE (d0."is_active" = TRUE) ORDER BY d0."is_default" DESC, d0."domain" []
[90m↳ TempmailWeb.HomeLive.mount/3, at: lib/tempmail_web/live/home_live.ex:18[0m
[debug] Replied in 716µs
[info] GET /
[debug] Processing with TempmailWeb.HomeLive.index/2
  Parameters: %{}
  Pipelines: [:browser]
[debug] QUERY OK source="domains" db=0.3ms idle=1490.0ms
SELECT d0."id", d0."domain", d0."is_active", d0."is_default", d0."mailcow_id", d0."description", d0."inserted_at", d0."updated_at" FROM "domains" AS d0 WHERE (d0."is_active" = TRUE) ORDER BY d0."is_default" DESC, d0."domain" []
[90m↳ TempmailWeb.HomeLive.mount/3, at: lib/tempmail_web/live/home_live.ex:18[0m
[info] Sent 200 in 1ms
[info] CONNECTED TO Phoenix.LiveView.Socket in 0µs
  Transport: :websocket
  Serializer: Phoenix.Socket.V2.JSONSerializer
  Parameters: %{"_csrf_token" => "J38aQgBeXRxaLzc2IDo4LR8eeA15DUNjq-J06koLjIvBEOBThRJlJB4P", "_live_referer" => "undefined", "_mount_attempts" => "0", "_mounts" => "0", "_track_static" => %{"0" => "http://localhost:4001/assets/app.css", "1" => "http://localhost:4001/assets/app.js"}, "vsn" => "2.0.0"}
[debug] MOUNT TempmailWeb.HomeLive
  Parameters: %{}
  Session: %{"_csrf_token" => "VRPr652P0fAteuzywL2a3Ow3"}
[debug] QUERY OK source="domains" db=0.5ms idle=1955.2ms
SELECT d0."id", d0."domain", d0."is_active", d0."is_default", d0."mailcow_id", d0."description", d0."inserted_at", d0."updated_at" FROM "domains" AS d0 WHERE (d0."is_active" = TRUE) ORDER BY d0."is_default" DESC, d0."domain" []
[90m↳ TempmailWeb.HomeLive.mount/3, at: lib/tempmail_web/live/home_live.ex:18[0m
[debug] Replied in 716µs
[info] GET /es
[debug] Processing with TempmailWeb.HomeLive.index/2
  Parameters: %{"locale" => "es"}
  Pipelines: [:browser]
[debug] QUERY OK source="domains" db=0.2ms idle=1516.1ms
SELECT d0."id", d0."domain", d0."is_active", d0."is_default", d0."mailcow_id", d0."description", d0."inserted_at", d0."updated_at" FROM "domains" AS d0 WHERE (d0."is_active" = TRUE) ORDER BY d0."is_default" DESC, d0."domain" []
[90m↳ TempmailWeb.HomeLive.mount/3, at: lib/tempmail_web/live/home_live.ex:18[0m
[info] Sent 200 in 1ms
[info] CONNECTED TO Phoenix.LiveView.Socket in 0µs
  Transport: :websocket
  Serializer: Phoenix.Socket.V2.JSONSerializer
  Parameters: %{"_csrf_token" => "OzRhIlh2Bz1qLTIgMA09CEF_XzdGAzxRmf1PnC5mZKsTUxGq63mVuLKb", "_live_referer" => "undefined", "_mount_attempts" => "0", "_mounts" => "0", "_track_static" => %{"0" => "http://localhost:4001/assets/app.css", "1" => "http://localhost:4001/assets/app.js"}, "vsn" => "2.0.0"}
[debug] MOUNT TempmailWeb.HomeLive
  Parameters: %{"locale" => "es"}
  Session: %{"_csrf_token" => "VRPr652P0fAteuzywL2a3Ow3"}
[debug] QUERY OK source="domains" db=0.4ms idle=2002.8ms
SELECT d0."id", d0."domain", d0."is_active", d0."is_default", d0."mailcow_id", d0."description", d0."inserted_at", d0."updated_at" FROM "domains" AS d0 WHERE (d0."is_active" = TRUE) ORDER BY d0."is_default" DESC, d0."domain" []
[90m↳ TempmailWeb.HomeLive.mount/3, at: lib/tempmail_web/live/home_live.ex:18[0m
[debug] Replied in 716µs
[info] GET /es
[debug] Processing with TempmailWeb.HomeLive.index/2
  Parameters: %{"locale" => "es"}
  Pipelines: [:browser]
[debug] QUERY OK source="domains" db=0.2ms queue=0.1ms idle=220.8ms
SELECT d0."id", d0."domain", d0."is_active", d0."is_default", d0."mailcow_id", d0."description", d0."inserted_at", d0."updated_at" FROM "domains" AS d0 WHERE (d0."is_active" = TRUE) ORDER BY d0."is_default" DESC, d0."domain" []
[90m↳ TempmailWeb.HomeLive.mount/3, at: lib/tempmail_web/live/home_live.ex:18[0m
[info] Sent 200 in 1ms
[info] CONNECTED TO Phoenix.LiveView.Socket in 0µs
  Transport: :websocket
  Serializer: Phoenix.Socket.V2.JSONSerializer
  Parameters: %{"_csrf_token" => "bC45J3EbHigTMjcEa0ByHBFhVUAKMw8Q-wqLArH_TUFq_-EIvLf4hqiI", "_live_referer" => "undefined", "_mount_attempts" => "0", "_mounts" => "0", "_track_static" => %{"0" => "http://127.0.0.1:4001/assets/app.css", "1" => "http://127.0.0.1:4001/assets/app.js"}, "vsn" => "2.0.0"}
[debug] MOUNT TempmailWeb.HomeLive
  Parameters: %{"locale" => "es"}
  Session: %{"_csrf_token" => "AYHk0iVwGgqu4m7Ug-3tbBfY"}
[debug] QUERY OK source="domains" db=0.4ms idle=722.9ms
SELECT d0."id", d0."domain", d0."is_active", d0."is_default", d0."mailcow_id", d0."description", d0."inserted_at", d0."updated_at" FROM "domains" AS d0 WHERE (d0."is_active" = TRUE) ORDER BY d0."is_default" DESC, d0."domain" []
[90m↳ TempmailWeb.HomeLive.mount/3, at: lib/tempmail_web/live/home_live.ex:18[0m
[debug] Replied in 716µs
[debug] Live reload: lib/tempmail_web/live/home_live.ex
[debug] Live reload: lib/tempmail_web/live/home_live.ex
[debug] Live reload: lib/tempmail_web/live/home_live.ex
[debug] Live reload: lib/tempmail_web/components/layouts.ex
[debug] Live reload: lib/tempmail_web/components/layouts.ex
[debug] Live reload: lib/tempmail_web/components/layouts.ex
[info] GET /es
[debug] Processing with TempmailWeb.HomeLive.index/2
  Parameters: %{"locale" => "es"}
  Pipelines: [:browser]
[debug] QUERY OK source="domains" db=0.3ms queue=0.1ms idle=852.0ms
SELECT d0."id", d0."domain", d0."is_active", d0."is_default", d0."mailcow_id", d0."description", d0."inserted_at", d0."updated_at" FROM "domains" AS d0 WHERE (d0."is_active" = TRUE) ORDER BY d0."is_default" DESC, d0."domain" []
[90m↳ TempmailWeb.HomeLive.mount/3, at: lib/tempmail_web/live/home_live.ex:18[0m
[info] Sent 200 in 1ms

Rebuilding...
[debug] Live reload: priv/static/assets/app.css
[debug] Live reload: priv/static/assets/app.css

[debug] Live reload: priv/static/assets/app.css
Done in 63ms.
[debug] Live reload: priv/static/assets/app.css
[info] GET /
[debug] Processing with TempmailWeb.HomeLive.index/2
  Parameters: %{}
  Pipelines: [:browser]
[debug] QUERY OK source="domains" db=0.4ms queue=0.1ms idle=1090.3ms
SELECT d0."id", d0."domain", d0."is_active", d0."is_default", d0."mailcow_id", d0."description", d0."inserted_at", d0."updated_at" FROM "domains" AS d0 WHERE (d0."is_active" = TRUE) ORDER BY d0."is_default" DESC, d0."domain" []
[90m↳ TempmailWeb.HomeLive.mount/3, at: lib/tempmail_web/live/home_live.ex:18[0m
[info] Sent 200 in 1ms
[info] CONNECTED TO Phoenix.LiveView.Socket in 0µs
  Transport: :websocket
  Serializer: Phoenix.Socket.V2.JSONSerializer
  Parameters: %{"_csrf_token" => "Iw8MDB0rHDx2Ni4BDAdxIyF6UgU0dAtgbVDg-BJK1Q_t8jFvFWaqV6m9", "_live_referer" => "undefined", "_mount_attempts" => "0", "_mounts" => "0", "_track_static" => %{"0" => "http://127.0.0.1:4001/assets/app.css", "1" => "http://127.0.0.1:4001/assets/app.js"}, "vsn" => "2.0.0"}
[debug] MOUNT TempmailWeb.HomeLive
  Parameters: %{"locale" => "es"}
  Session: %{"_csrf_token" => "AYHk0iVwGgqu4m7Ug-3tbBfY"}
[debug] QUERY OK source="domains" db=0.3ms idle=1178.5ms
SELECT d0."id", d0."domain", d0."is_active", d0."is_default", d0."mailcow_id", d0."description", d0."inserted_at", d0."updated_at" FROM "domains" AS d0 WHERE (d0."is_active" = TRUE) ORDER BY d0."is_default" DESC, d0."domain" []
[90m↳ TempmailWeb.HomeLive.mount/3, at: lib/tempmail_web/live/home_live.ex:18[0m
[debug] Replied in 614µs
[info] GET /es
[debug] Processing with TempmailWeb.HomeLive.index/2
  Parameters: %{"locale" => "es"}
  Pipelines: [:browser]
[debug] QUERY OK source="domains" db=0.4ms queue=0.1ms idle=1180.5ms
SELECT d0."id", d0."domain", d0."is_active", d0."is_default", d0."mailcow_id", d0."description", d0."inserted_at", d0."updated_at" FROM "domains" AS d0 WHERE (d0."is_active" = TRUE) ORDER BY d0."is_default" DESC, d0."domain" []
[90m↳ TempmailWeb.HomeLive.mount/3, at: lib/tempmail_web/live/home_live.ex:18[0m
[info] Sent 200 in 1ms
[info] CONNECTED TO Phoenix.LiveView.Socket in 102µs
  Transport: :websocket
  Serializer: Phoenix.Socket.V2.JSONSerializer
  Parameters: %{"_csrf_token" => "Pn88JF8HBjFqESQjP0IXAR00fSkeKSRyh-lVi24aZweWZ7mxjxOH-fSA", "_live_referer" => "undefined", "_mount_attempts" => "0", "_mounts" => "0", "_track_static" => %{"0" => "http://localhost:4001/assets/app.css", "1" => "http://localhost:4001/assets/app.js"}, "vsn" => "2.0.0"}
[debug] MOUNT TempmailWeb.HomeLive
  Parameters: %{}
  Session: %{"_csrf_token" => "VRPr652P0fAteuzywL2a3Ow3"}
[debug] QUERY OK source="domains" db=0.5ms queue=0.1ms idle=898.9ms
SELECT d0."id", d0."domain", d0."is_active", d0."is_default", d0."mailcow_id", d0."description", d0."inserted_at", d0."updated_at" FROM "domains" AS d0 WHERE (d0."is_active" = TRUE) ORDER BY d0."is_default" DESC, d0."domain" []
[90m↳ TempmailWeb.HomeLive.mount/3, at: lib/tempmail_web/live/home_live.ex:18[0m
[debug] Replied in 1ms
[info] CONNECTED TO Phoenix.LiveView.Socket in 102µs
  Transport: :websocket
  Serializer: Phoenix.Socket.V2.JSONSerializer
  Parameters: %{"_csrf_token" => "Ahg5IWdsWgV4ATRFVTcdFkYIHwNGNhsKTJiSQYhUHgu10Bgo1D-buyl9", "_live_referer" => "undefined", "_mount_attempts" => "0", "_mounts" => "0", "_track_static" => %{"0" => "http://localhost:4001/assets/app.css", "1" => "http://localhost:4001/assets/app.js"}, "vsn" => "2.0.0"}
[debug] MOUNT TempmailWeb.HomeLive
  Parameters: %{"locale" => "es"}
  Session: %{"_csrf_token" => "VRPr652P0fAteuzywL2a3Ow3"}
[debug] QUERY OK source="domains" db=0.3ms idle=1037.7ms
SELECT d0."id", d0."domain", d0."is_active", d0."is_default", d0."mailcow_id", d0."description", d0."inserted_at", d0."updated_at" FROM "domains" AS d0 WHERE (d0."is_active" = TRUE) ORDER BY d0."is_default" DESC, d0."domain" []
[90m↳ TempmailWeb.HomeLive.mount/3, at: lib/tempmail_web/live/home_live.ex:18[0m
[debug] Replied in 716µs
[error] ** (Bandit.TransportError) Unrecoverable error: timeout
[info] GET /fr
[debug] Processing with TempmailWeb.HomeLive.index/2
  Parameters: %{"locale" => "fr"}
  Pipelines: [:browser]
[debug] QUERY OK source="domains" db=0.3ms idle=1166.3ms
SELECT d0."id", d0."domain", d0."is_active", d0."is_default", d0."mailcow_id", d0."description", d0."inserted_at", d0."updated_at" FROM "domains" AS d0 WHERE (d0."is_active" = TRUE) ORDER BY d0."is_default" DESC, d0."domain" []
[90m↳ TempmailWeb.HomeLive.mount/3, at: lib/tempmail_web/live/home_live.ex:18[0m
[info] Sent 200 in 1ms
[info] CONNECTED TO Phoenix.LiveView.Socket in 0µs
  Transport: :websocket
  Serializer: Phoenix.Socket.V2.JSONSerializer
  Parameters: %{"_csrf_token" => "PT0ZMRtjXBxFHjMwXSE8PigvYAdVNz9mkoIC-VnLuxrD8TFG_cRffxHU", "_live_referer" => "undefined", "_mount_attempts" => "0", "_mounts" => "0", "_track_static" => %{"0" => "http://localhost:4001/assets/app.css", "1" => "http://localhost:4001/assets/app.js"}, "vsn" => "2.0.0"}
[debug] MOUNT TempmailWeb.HomeLive
  Parameters: %{"locale" => "fr"}
  Session: %{"_csrf_token" => "VRPr652P0fAteuzywL2a3Ow3"}
[debug] QUERY OK source="domains" db=0.4ms queue=0.1ms idle=670.0ms
SELECT d0."id", d0."domain", d0."is_active", d0."is_default", d0."mailcow_id", d0."description", d0."inserted_at", d0."updated_at" FROM "domains" AS d0 WHERE (d0."is_active" = TRUE) ORDER BY d0."is_default" DESC, d0."domain" []
[90m↳ TempmailWeb.HomeLive.mount/3, at: lib/tempmail_web/live/home_live.ex:18[0m
[debug] Replied in 819µs
[info] GET /es
[debug] Processing with TempmailWeb.HomeLive.index/2
  Parameters: %{"locale" => "es"}
  Pipelines: [:browser]
[debug] QUERY OK source="domains" db=0.4ms idle=1960.7ms
SELECT d0."id", d0."domain", d0."is_active", d0."is_default", d0."mailcow_id", d0."description", d0."inserted_at", d0."updated_at" FROM "domains" AS d0 WHERE (d0."is_active" = TRUE) ORDER BY d0."is_default" DESC, d0."domain" []
[90m↳ TempmailWeb.HomeLive.mount/3, at: lib/tempmail_web/live/home_live.ex:18[0m
[info] Sent 200 in 1ms
[info] CONNECTED TO Phoenix.LiveView.Socket in 0µs
  Transport: :websocket
  Serializer: Phoenix.Socket.V2.JSONSerializer
  Parameters: %{"_csrf_token" => "DGA9LQFFejpWVCUmMC8SI04gAlFeeAMDZ2m_7pHjf2dRUZhZ9l00m7t0", "_live_referer" => "undefined", "_mount_attempts" => "0", "_mounts" => "0", "_track_static" => %{"0" => "http://localhost:4001/assets/app.css", "1" => "http://localhost:4001/assets/app.js"}, "vsn" => "2.0.0"}
[debug] MOUNT TempmailWeb.HomeLive
  Parameters: %{"locale" => "es"}
  Session: %{"_csrf_token" => "VRPr652P0fAteuzywL2a3Ow3"}
[debug] QUERY OK source="domains" db=0.4ms idle=523.8ms
SELECT d0."id", d0."domain", d0."is_active", d0."is_default", d0."mailcow_id", d0."description", d0."inserted_at", d0."updated_at" FROM "domains" AS d0 WHERE (d0."is_active" = TRUE) ORDER BY d0."is_default" DESC, d0."domain" []
[90m↳ TempmailWeb.HomeLive.mount/3, at: lib/tempmail_web/live/home_live.ex:18[0m
[debug] Replied in 614µs

Rebuilding...

Done in 158ms.

Rebuilding...

Done in 46ms.
[debug] Live reload: lib/tempmail_web/live/home_live.ex
[debug] Live reload: lib/tempmail_web/live/home_live.ex
[debug] Live reload: lib/tempmail_web/live/home_live.ex
[debug] Live reload: lib/tempmail_web/live/home_live.ex
[debug] Live reload: lib/tempmail_web/live/home_live.ex
[debug] Live reload: lib/tempmail_web/live/home_live.ex
Compiling 2 files (.ex)
Generated tempmail app
[info] GET /es
[debug] Processing with TempmailWeb.HomeLive.index/2
  Parameters: %{"locale" => "es"}
  Pipelines: [:browser]
[debug] QUERY OK source="domains" db=0.4ms idle=931.9ms
SELECT d0."id", d0."domain", d0."is_active", d0."is_default", d0."mailcow_id", d0."description", d0."inserted_at", d0."updated_at" FROM "domains" AS d0 WHERE (d0."is_active" = TRUE) ORDER BY d0."is_default" DESC, d0."domain" []
[90m↳ TempmailWeb.HomeLive.mount/3, at: lib/tempmail_web/live/home_live.ex:18[0m
[info] Sent 200 in 6ms

Rebuilding...
[info] GET /es
[debug] Processing with TempmailWeb.HomeLive.index/2
  Parameters: %{"locale" => "es"}
  Pipelines: [:browser]
[debug] QUERY OK source="domains" db=0.3ms idle=1004.5ms
SELECT d0."id", d0."domain", d0."is_active", d0."is_default", d0."mailcow_id", d0."description", d0."inserted_at", d0."updated_at" FROM "domains" AS d0 WHERE (d0."is_active" = TRUE) ORDER BY d0."is_default" DESC, d0."domain" []
[90m↳ TempmailWeb.HomeLive.mount/3, at: lib/tempmail_web/live/home_live.ex:18[0m
[info] Sent 200 in 1ms

Done in 60ms.
[info] GET /
[debug] Processing with TempmailWeb.HomeLive.index/2
  Parameters: %{}
  Pipelines: [:browser]
[debug] QUERY OK source="domains" db=0.4ms idle=1242.8ms
SELECT d0."id", d0."domain", d0."is_active", d0."is_default", d0."mailcow_id", d0."description", d0."inserted_at", d0."updated_at" FROM "domains" AS d0 WHERE (d0."is_active" = TRUE) ORDER BY d0."is_default" DESC, d0."domain" []
[90m↳ TempmailWeb.HomeLive.mount/3, at: lib/tempmail_web/live/home_live.ex:18[0m
[info] Sent 200 in 1ms
[info] CONNECTED TO Phoenix.LiveView.Socket in 0µs
  Transport: :websocket
  Serializer: Phoenix.Socket.V2.JSONSerializer
  Parameters: %{"_csrf_token" => "Cj05DgADHkRyOBkNBzdHJwwfcAQwDw4zKdqe0jH35_hx3Zprk2CpRMhj", "_live_referer" => "undefined", "_mount_attempts" => "0", "_mounts" => "0", "_track_static" => %{"0" => "http://127.0.0.1:4001/assets/app.css", "1" => "http://127.0.0.1:4001/assets/app.js"}, "vsn" => "2.0.0"}
[debug] MOUNT TempmailWeb.HomeLive
  Parameters: %{"locale" => "es"}
  Session: %{"_csrf_token" => "AYHk0iVwGgqu4m7Ug-3tbBfY"}
[debug] QUERY OK source="domains" db=0.4ms idle=1509.1ms
SELECT d0."id", d0."domain", d0."is_active", d0."is_default", d0."mailcow_id", d0."description", d0."inserted_at", d0."updated_at" FROM "domains" AS d0 WHERE (d0."is_active" = TRUE) ORDER BY d0."is_default" DESC, d0."domain" []
[90m↳ TempmailWeb.HomeLive.mount/3, at: lib/tempmail_web/live/home_live.ex:18[0m
[debug] QUERY OK source="domains" db=0.4ms idle=583.9ms
SELECT d0."id", d0."domain", d0."is_active", d0."is_default", d0."mailcow_id", d0."description", d0."inserted_at", d0."updated_at" FROM "domains" AS d0 WHERE (d0."is_active" = TRUE) ORDER BY d0."is_default" DESC, d0."domain" []
[90m↳ Tempmail.Mail.choose_domain/1, at: lib/tempmail/mail.ex:64[0m
[info] CONNECTED TO Phoenix.LiveView.Socket in 102µs
  Transport: :websocket
  Serializer: Phoenix.Socket.V2.JSONSerializer
  Parameters: %{"_csrf_token" => "AjZkIGV4AyIIURJAFjoISjZ4YS51EEJVTd4RSM1r87S4sOr3A4SOF_5f", "_live_referer" => "undefined", "_mount_attempts" => "0", "_mounts" => "0", "_track_static" => %{"0" => "http://localhost:4001/assets/app.css", "1" => "http://localhost:4001/assets/app.js"}, "vsn" => "2.0.0"}
[debug] MOUNT TempmailWeb.HomeLive
  Parameters: %{"locale" => "es"}
  Session: %{"_csrf_token" => "VRPr652P0fAteuzywL2a3Ow3"}
[debug] QUERY OK source="domains" db=0.4ms idle=657.2ms
SELECT d0."id", d0."domain", d0."is_active", d0."is_default", d0."mailcow_id", d0."description", d0."inserted_at", d0."updated_at" FROM "domains" AS d0 WHERE (d0."is_active" = TRUE) ORDER BY d0."is_default" DESC, d0."domain" []
[90m↳ TempmailWeb.HomeLive.mount/3, at: lib/tempmail_web/live/home_live.ex:18[0m
[debug] QUERY OK source="domains" db=0.4ms idle=653.3ms
SELECT d0."id", d0."domain", d0."is_active", d0."is_default", d0."mailcow_id", d0."description", d0."inserted_at", d0."updated_at" FROM "domains" AS d0 WHERE (d0."is_active" = TRUE) ORDER BY d0."is_default" DESC, d0."domain" []
[90m↳ Tempmail.Mail.choose_domain/1, at: lib/tempmail/mail.ex:64[0m
[info] CONNECTED TO Phoenix.LiveView.Socket in 0µs
  Transport: :websocket
  Serializer: Phoenix.Socket.V2.JSONSerializer
  Parameters: %{"_csrf_token" => "NCEZM0VsfhpSPhYdH1gTLhsbSxJiLR9VbsIAsYLJbXWiz-iWlWysQbhf", "_live_referer" => "undefined", "_mount_attempts" => "0", "_mounts" => "0", "_track_static" => %{"0" => "http://localhost:4001/assets/app.css", "1" => "http://localhost:4001/assets/app.js"}, "vsn" => "2.0.0"}
[debug] MOUNT TempmailWeb.HomeLive
  Parameters: %{}
  Session: %{"_csrf_token" => "VRPr652P0fAteuzywL2a3Ow3"}
[debug] QUERY OK source="domains" db=0.3ms idle=794.5ms
SELECT d0."id", d0."domain", d0."is_active", d0."is_default", d0."mailcow_id", d0."description", d0."inserted_at", d0."updated_at" FROM "domains" AS d0 WHERE (d0."is_active" = TRUE) ORDER BY d0."is_default" DESC, d0."domain" []
[90m↳ TempmailWeb.HomeLive.mount/3, at: lib/tempmail_web/live/home_live.ex:18[0m
[debug] QUERY OK source="domains" db=0.2ms queue=0.1ms idle=794.5ms
SELECT d0."id", d0."domain", d0."is_active", d0."is_default", d0."mailcow_id", d0."description", d0."inserted_at", d0."updated_at" FROM "domains" AS d0 WHERE (d0."is_active" = TRUE) ORDER BY d0."is_default" DESC, d0."domain" []
[90m↳ Tempmail.Mail.choose_domain/1, at: lib/tempmail/mail.ex:64[0m
[debug] Replied in 770ms
[debug] Replied in 1057ms
[debug] Replied in 981ms

Rebuilding...
[watch] build started (change: "js/app.js")

Done in 50ms.
[watch] build finished[debug] Live reload: priv/static/assets/app.js

[debug] Live reload: priv/static/assets/app.js
[debug] Live reload: priv/static/assets/app.js
[debug] Live reload: priv/static/assets/app.js
[debug] Live reload: priv/static/assets/app.js
[debug] Live reload: priv/static/assets/app.js
[info] GET /es
[debug] Processing with TempmailWeb.HomeLive.index/2
  Parameters: %{"locale" => "es"}
  Pipelines: [:browser]
[debug] QUERY OK source="domains" db=0.3ms decode=0.1ms idle=1958.3ms
SELECT d0."id", d0."domain", d0."is_active", d0."is_default", d0."mailcow_id", d0."description", d0."inserted_at", d0."updated_at" FROM "domains" AS d0 WHERE (d0."is_active" = TRUE) ORDER BY d0."is_default" DESC, d0."domain" []
[90m↳ TempmailWeb.HomeLive.mount/3, at: lib/tempmail_web/live/home_live.ex:18[0m
[info] Sent 200 in 1ms
[info] GET /es
[debug] Processing with TempmailWeb.HomeLive.index/2
  Parameters: %{"locale" => "es"}
  Pipelines: [:browser]
[debug] QUERY OK source="domains" db=0.3ms idle=69.5ms
SELECT d0."id", d0."domain", d0."is_active", d0."is_default", d0."mailcow_id", d0."description", d0."inserted_at", d0."updated_at" FROM "domains" AS d0 WHERE (d0."is_active" = TRUE) ORDER BY d0."is_default" DESC, d0."domain" []
[90m↳ TempmailWeb.HomeLive.mount/3, at: lib/tempmail_web/live/home_live.ex:18[0m
[info] Sent 200 in 1ms
[info] GET /
[debug] Processing with TempmailWeb.HomeLive.index/2
  Parameters: %{}
  Pipelines: [:browser]
[debug] QUERY OK source="domains" db=0.4ms idle=152.3ms
SELECT d0."id", d0."domain", d0."is_active", d0."is_default", d0."mailcow_id", d0."description", d0."inserted_at", d0."updated_at" FROM "domains" AS d0 WHERE (d0."is_active" = TRUE) ORDER BY d0."is_default" DESC, d0."domain" []
[90m↳ TempmailWeb.HomeLive.mount/3, at: lib/tempmail_web/live/home_live.ex:18[0m
[info] Sent 200 in 1ms
[info] CONNECTED TO Phoenix.LiveView.Socket in 0µs
  Transport: :websocket
  Serializer: Phoenix.Socket.V2.JSONSerializer
  Parameters: %{"_csrf_token" => "LjoPDHcNEzEiVCYaDBheGCgcChgLLCVtocGgGdEFe3Wo8uiMO19linC4", "_live_referer" => "undefined", "_mount_attempts" => "0", "_mounts" => "0", "_track_static" => %{"0" => "http://127.0.0.1:4001/assets/app.css", "1" => "http://127.0.0.1:4001/assets/app.js"}, "vsn" => "2.0.0"}
[debug] MOUNT TempmailWeb.HomeLive
  Parameters: %{"locale" => "es"}
  Session: %{"_csrf_token" => "AYHk0iVwGgqu4m7Ug-3tbBfY"}
[debug] QUERY OK source="domains" db=0.3ms queue=0.1ms idle=240.0ms
SELECT d0."id", d0."domain", d0."is_active", d0."is_default", d0."mailcow_id", d0."description", d0."inserted_at", d0."updated_at" FROM "domains" AS d0 WHERE (d0."is_active" = TRUE) ORDER BY d0."is_default" DESC, d0."domain" []
[90m↳ TempmailWeb.HomeLive.mount/3, at: lib/tempmail_web/live/home_live.ex:18[0m
[debug] QUERY OK source="domains" db=0.2ms queue=0.1ms idle=240.5ms
SELECT d0."id", d0."domain", d0."is_active", d0."is_default", d0."mailcow_id", d0."description", d0."inserted_at", d0."updated_at" FROM "domains" AS d0 WHERE (d0."is_active" = TRUE) ORDER BY d0."is_default" DESC, d0."domain" []
[90m↳ Tempmail.Mail.choose_domain/1, at: lib/tempmail/mail.ex:64[0m
[debug] Replied in 1ms
[info] CONNECTED TO Phoenix.LiveView.Socket in 102µs
  Transport: :websocket
  Serializer: Phoenix.Socket.V2.JSONSerializer
  Parameters: %{"_csrf_token" => "ATUZRxsAVBxHERkDLBBKFxEqbVByYjxmWgI5-5fLwwXwIe0nff_1A-KU", "_live_referer" => "undefined", "_mount_attempts" => "0", "_mounts" => "0", "_track_static" => %{"0" => "http://localhost:4001/assets/app.css", "1" => "http://localhost:4001/assets/app.js"}, "vsn" => "2.0.0"}
[debug] MOUNT TempmailWeb.HomeLive
  Parameters: %{"locale" => "es"}
  Session: %{"_csrf_token" => "VRPr652P0fAteuzywL2a3Ow3"}
[debug] QUERY OK source="domains" db=0.4ms idle=569.7ms
SELECT d0."id", d0."domain", d0."is_active", d0."is_default", d0."mailcow_id", d0."description", d0."inserted_at", d0."updated_at" FROM "domains" AS d0 WHERE (d0."is_active" = TRUE) ORDER BY d0."is_default" DESC, d0."domain" []
[90m↳ TempmailWeb.HomeLive.mount/3, at: lib/tempmail_web/live/home_live.ex:18[0m
[debug] QUERY OK source="domains" db=0.2ms idle=570.2ms
SELECT d0."id", d0."domain", d0."is_active", d0."is_default", d0."mailcow_id", d0."description", d0."inserted_at", d0."updated_at" FROM "domains" AS d0 WHERE (d0."is_active" = TRUE) ORDER BY d0."is_default" DESC, d0."domain" []
[90m↳ Tempmail.Mail.choose_domain/1, at: lib/tempmail/mail.ex:64[0m
[debug] Replied in 1ms
[info] CONNECTED TO Phoenix.LiveView.Socket in 0µs
  Transport: :websocket
  Serializer: Phoenix.Socket.V2.JSONSerializer
  Parameters: %{"_csrf_token" => "ZT8FB1lkVyljKhRGHxIWHzsfRCRdeQ523mUuoQeySLU2zglfLSvEn6yE", "_live_referer" => "undefined", "_mount_attempts" => "0", "_mounts" => "0", "_track_static" => %{"0" => "http://localhost:4001/assets/app.css", "1" => "http://localhost:4001/assets/app.js"}, "vsn" => "2.0.0"}
[debug] MOUNT TempmailWeb.HomeLive
  Parameters: %{}
  Session: %{"_csrf_token" => "VRPr652P0fAteuzywL2a3Ow3"}
[debug] QUERY OK source="domains" db=0.4ms queue=0.1ms idle=959.9ms
SELECT d0."id", d0."domain", d0."is_active", d0."is_default", d0."mailcow_id", d0."description", d0."inserted_at", d0."updated_at" FROM "domains" AS d0 WHERE (d0."is_active" = TRUE) ORDER BY d0."is_default" DESC, d0."domain" []
[90m↳ TempmailWeb.HomeLive.mount/3, at: lib/tempmail_web/live/home_live.ex:18[0m
[debug] QUERY OK source="domains" db=0.3ms idle=960.1ms
SELECT d0."id", d0."domain", d0."is_active", d0."is_default", d0."mailcow_id", d0."description", d0."inserted_at", d0."updated_at" FROM "domains" AS d0 WHERE (d0."is_active" = TRUE) ORDER BY d0."is_default" DESC, d0."domain" []
[90m↳ Tempmail.Mail.choose_domain/1, at: lib/tempmail/mail.ex:64[0m
[debug] Replied in 1ms
[debug] Live reload: lib/tempmail_web/components/layouts/app.html.heex
[debug] Live reload: lib/tempmail_web/components/layouts/app.html.heex
[debug] Live reload: lib/tempmail_web/components/layouts/app.html.heex
[debug] Live reload: lib/tempmail_web/components/layouts/app.html.heex
[debug] Live reload: lib/tempmail_web/components/layouts/app.html.heex
[debug] Live reload: lib/tempmail_web/components/layouts/app.html.heex

Rebuilding...

Done in 72ms.
[debug] Live reload: lib/tempmail_web/components/layouts.ex
[debug] Live reload: lib/tempmail_web/components/layouts.ex
[debug] Live reload: lib/tempmail_web/components/layouts.ex
Compiling 1 file (.ex)

Rebuilding...

Done in 51ms.
Generated tempmail app
[info] GET /es
[debug] Processing with TempmailWeb.HomeLive.index/2
  Parameters: %{"locale" => "es"}
  Pipelines: [:browser]
[debug] QUERY OK source="domains" db=0.4ms queue=0.1ms idle=1513.8ms
SELECT d0."id", d0."domain", d0."is_active", d0."is_default", d0."mailcow_id", d0."description", d0."inserted_at", d0."updated_at" FROM "domains" AS d0 WHERE (d0."is_active" = TRUE) ORDER BY d0."is_default" DESC, d0."domain" []
[90m↳ TempmailWeb.HomeLive.mount/3, at: lib/tempmail_web/live/home_live.ex:18[0m
[info] Sent 200 in 5ms
[debug] Live reload: lib/tempmail_web/components/layouts.ex
[debug] Live reload: lib/tempmail_web/components/layouts.ex
[info] GET /
[debug] Processing with TempmailWeb.HomeLive.index/2
  Parameters: %{}
  Pipelines: [:browser]
[info] GET /es
[debug] Processing with TempmailWeb.HomeLive.index/2
  Parameters: %{"locale" => "es"}
  Pipelines: [:browser]
[debug] QUERY OK source="domains" db=0.4ms queue=0.2ms idle=1611.2ms
SELECT d0."id", d0."domain", d0."is_active", d0."is_default", d0."mailcow_id", d0."description", d0."inserted_at", d0."updated_at" FROM "domains" AS d0 WHERE (d0."is_active" = TRUE) ORDER BY d0."is_default" DESC, d0."domain" []
[90m↳ TempmailWeb.HomeLive.mount/3, at: lib/tempmail_web/live/home_live.ex:18[0m
[debug] QUERY OK source="domains" db=0.3ms queue=0.1ms idle=1611.7ms
SELECT d0."id", d0."domain", d0."is_active", d0."is_default", d0."mailcow_id", d0."description", d0."inserted_at", d0."updated_at" FROM "domains" AS d0 WHERE (d0."is_active" = TRUE) ORDER BY d0."is_default" DESC, d0."domain" []
[90m↳ TempmailWeb.HomeLive.mount/3, at: lib/tempmail_web/live/home_live.ex:18[0m
[info] Sent 200 in 1ms
[info] Sent 200 in 1ms
[info] CONNECTED TO Phoenix.LiveView.Socket in 0µs
  Transport: :websocket
  Serializer: Phoenix.Socket.V2.JSONSerializer
  Parameters: %{"_csrf_token" => "Fm4RPUUKOAcUICUAflxSIzZ3eDJTIBdqW7YVucnpSGTuJ1evQZKF1bq3", "_live_referer" => "undefined", "_mount_attempts" => "0", "_mounts" => "0", "_track_static" => %{"0" => "http://127.0.0.1:4001/assets/app.css", "1" => "http://127.0.0.1:4001/assets/app.js"}, "vsn" => "2.0.0"}
[debug] MOUNT TempmailWeb.HomeLive
  Parameters: %{"locale" => "es"}
  Session: %{"_csrf_token" => "AYHk0iVwGgqu4m7Ug-3tbBfY"}
[debug] QUERY OK source="domains" db=0.4ms idle=1807.6ms
SELECT d0."id", d0."domain", d0."is_active", d0."is_default", d0."mailcow_id", d0."description", d0."inserted_at", d0."updated_at" FROM "domains" AS d0 WHERE (d0."is_active" = TRUE) ORDER BY d0."is_default" DESC, d0."domain" []
[90m↳ TempmailWeb.HomeLive.mount/3, at: lib/tempmail_web/live/home_live.ex:18[0m
[debug] QUERY OK source="domains" db=0.3ms idle=300.9ms
SELECT d0."id", d0."domain", d0."is_active", d0."is_default", d0."mailcow_id", d0."description", d0."inserted_at", d0."updated_at" FROM "domains" AS d0 WHERE (d0."is_active" = TRUE) ORDER BY d0."is_default" DESC, d0."domain" []
[90m↳ Tempmail.Mail.choose_domain/1, at: lib/tempmail/mail.ex:64[0m
[debug] Replied in 1ms

Rebuilding...

Done in 56ms.
[info] CONNECTED TO Phoenix.LiveView.Socket in 0µs
  Transport: :websocket
  Serializer: Phoenix.Socket.V2.JSONSerializer
  Parameters: %{"_csrf_token" => "G38SJEFsdxN7EDIgVDs9CzM9dFVZfE5wM-BVwYECKvsT1NGrDqF4j39C", "_live_referer" => "undefined", "_mount_attempts" => "0", "_mounts" => "0", "_track_static" => %{"0" => "http://localhost:4001/assets/app.css", "1" => "http://localhost:4001/assets/app.js"}, "vsn" => "2.0.0"}
[debug] MOUNT TempmailWeb.HomeLive
  Parameters: %{"locale" => "es"}
  Session: %{"_csrf_token" => "VRPr652P0fAteuzywL2a3Ow3"}
[debug] QUERY OK source="domains" db=0.5ms decode=0.1ms idle=766.5ms
SELECT d0."id", d0."domain", d0."is_active", d0."is_default", d0."mailcow_id", d0."description", d0."inserted_at", d0."updated_at" FROM "domains" AS d0 WHERE (d0."is_active" = TRUE) ORDER BY d0."is_default" DESC, d0."domain" []
[90m↳ TempmailWeb.HomeLive.mount/3, at: lib/tempmail_web/live/home_live.ex:18[0m
[debug] QUERY OK source="domains" db=0.3ms queue=0.1ms idle=762.5ms
SELECT d0."id", d0."domain", d0."is_active", d0."is_default", d0."mailcow_id", d0."description", d0."inserted_at", d0."updated_at" FROM "domains" AS d0 WHERE (d0."is_active" = TRUE) ORDER BY d0."is_default" DESC, d0."domain" []
[90m↳ Tempmail.Mail.choose_domain/1, at: lib/tempmail/mail.ex:64[0m
[debug] Replied in 1ms
[info] CONNECTED TO Phoenix.LiveView.Socket in 0µs
  Transport: :websocket
  Serializer: Phoenix.Socket.V2.JSONSerializer
  Parameters: %{"_csrf_token" => "GSgXGlldfwUHDxkuPEc1ICYNSBBRKhVJOzGhohMU7iXZY2OYQAzqbebz", "_live_referer" => "undefined", "_mount_attempts" => "0", "_mounts" => "0", "_track_static" => %{"0" => "http://localhost:4001/assets/app.css", "1" => "http://localhost:4001/assets/app.js"}, "vsn" => "2.0.0"}
[debug] MOUNT TempmailWeb.HomeLive
  Parameters: %{}
  Session: %{"_csrf_token" => "VRPr652P0fAteuzywL2a3Ow3"}
[debug] QUERY OK source="domains" db=0.4ms idle=1069.2ms
SELECT d0."id", d0."domain", d0."is_active", d0."is_default", d0."mailcow_id", d0."description", d0."inserted_at", d0."updated_at" FROM "domains" AS d0 WHERE (d0."is_active" = TRUE) ORDER BY d0."is_default" DESC, d0."domain" []
[90m↳ TempmailWeb.HomeLive.mount/3, at: lib/tempmail_web/live/home_live.ex:18[0m
[debug] QUERY OK source="domains" db=0.2ms queue=0.1ms idle=1069.7ms
SELECT d0."id", d0."domain", d0."is_active", d0."is_default", d0."mailcow_id", d0."description", d0."inserted_at", d0."updated_at" FROM "domains" AS d0 WHERE (d0."is_active" = TRUE) ORDER BY d0."is_default" DESC, d0."domain" []
[90m↳ Tempmail.Mail.choose_domain/1, at: lib/tempmail/mail.ex:64[0m
[debug] Replied in 1ms
[debug] HANDLE EVENT "generate" in TempmailWeb.HomeLive
  Parameters: %{"domain" => ""}
[debug] QUERY OK source="domains" db=0.4ms queue=0.1ms idle=1913.4ms
SELECT d0."id", d0."domain", d0."is_active", d0."is_default", d0."mailcow_id", d0."description", d0."inserted_at", d0."updated_at" FROM "domains" AS d0 WHERE (d0."is_active" = TRUE) ORDER BY d0."is_default" DESC, d0."domain" []
[90m↳ Tempmail.Mail.choose_domain/1, at: lib/tempmail/mail.ex:64[0m
[debug] Replied in 1ms
[debug] Live reload: lib/tempmail_web/live/home_live.html.heex
[debug] Live reload: lib/tempmail_web/live/home_live.html.heex
[debug] Live reload: lib/tempmail_web/live/home_live.html.heex
[debug] Live reload: lib/tempmail_web/live/home_live.html.heex
[debug] Live reload: lib/tempmail_web/live/home_live.html.heex
[debug] Live reload: lib/tempmail_web/live/home_live.html.heex
[debug] Live reload: lib/tempmail_web/live/home_live.ex
[debug] Live reload: lib/tempmail_web/live/home_live.ex
[debug] Live reload: lib/tempmail_web/live/home_live.ex
Compiling 1 file (.ex)
Generated tempmail app
[info] GET /es
[debug] Processing with TempmailWeb.HomeLive.index/2
  Parameters: %{"locale" => "es"}
  Pipelines: [:browser]
[debug] QUERY OK source="domains" db=0.3ms queue=0.1ms idle=1938.9ms
SELECT d0."id", d0."domain", d0."is_active", d0."is_default", d0."mailcow_id", d0."description", d0."inserted_at", d0."updated_at" FROM "domains" AS d0 WHERE (d0."is_active" = TRUE) ORDER BY d0."is_default" DESC, d0."domain" []
[90m↳ TempmailWeb.HomeLive.mount/3, at: lib/tempmail_web/live/home_live.ex:18[0m
[info] Sent 200 in 7ms
[info] GET /es
[debug] Processing with TempmailWeb.HomeLive.index/2
  Parameters: %{"locale" => "es"}
  Pipelines: [:browser]
[info] GET /
[debug] Processing with TempmailWeb.HomeLive.index/2
  Parameters: %{}
  Pipelines: [:browser]
[debug] QUERY OK source="domains" db=0.5ms queue=0.1ms idle=1039.9ms
SELECT d0."id", d0."domain", d0."is_active", d0."is_default", d0."mailcow_id", d0."description", d0."inserted_at", d0."updated_at" FROM "domains" AS d0 WHERE (d0."is_active" = TRUE) ORDER BY d0."is_default" DESC, d0."domain" []
[90m↳ TempmailWeb.HomeLive.mount/3, at: lib/tempmail_web/live/home_live.ex:18[0m
[debug] QUERY OK source="domains" db=0.5ms queue=0.4ms idle=120.9ms
SELECT d0."id", d0."domain", d0."is_active", d0."is_default", d0."mailcow_id", d0."description", d0."inserted_at", d0."updated_at" FROM "domains" AS d0 WHERE (d0."is_active" = TRUE) ORDER BY d0."is_default" DESC, d0."domain" []
[90m↳ TempmailWeb.HomeLive.mount/3, at: lib/tempmail_web/live/home_live.ex:18[0m
[info] Sent 200 in 2ms
[info] Sent 200 in 3ms

Rebuilding...

Done in 72ms.

Rebuilding...

Done in 50ms.
[info] CONNECTED TO Phoenix.LiveView.Socket in 0µs
  Transport: :websocket
  Serializer: Phoenix.Socket.V2.JSONSerializer
  Parameters: %{"_csrf_token" => "Kw5lJQEYLg8sHgAxVjpPLRRKSw0gbx49jW-N1qxxkyqDbWxxsgxyB-xd", "_live_referer" => "undefined", "_mount_attempts" => "0", "_mounts" => "0", "_track_static" => %{"0" => "http://127.0.0.1:4001/assets/app.css", "1" => "http://127.0.0.1:4001/assets/app.js"}, "vsn" => "2.0.0"}
[debug] MOUNT TempmailWeb.HomeLive
  Parameters: %{"locale" => "es"}
  Session: %{"_csrf_token" => "AYHk0iVwGgqu4m7Ug-3tbBfY"}
[debug] QUERY OK source="domains" db=0.4ms idle=688.2ms
SELECT d0."id", d0."domain", d0."is_active", d0."is_default", d0."mailcow_id", d0."description", d0."inserted_at", d0."updated_at" FROM "domains" AS d0 WHERE (d0."is_active" = TRUE) ORDER BY d0."is_default" DESC, d0."domain" []
[90m↳ TempmailWeb.HomeLive.mount/3, at: lib/tempmail_web/live/home_live.ex:18[0m
[debug] QUERY OK source="domains" db=0.2ms idle=682.4ms
SELECT d0."id", d0."domain", d0."is_active", d0."is_default", d0."mailcow_id", d0."description", d0."inserted_at", d0."updated_at" FROM "domains" AS d0 WHERE (d0."is_active" = TRUE) ORDER BY d0."is_default" DESC, d0."domain" []
[90m↳ Tempmail.Mail.choose_domain/1, at: lib/tempmail/mail.ex:64[0m
[debug] Replied in 1ms
[info] CONNECTED TO Phoenix.LiveView.Socket in 0µs
  Transport: :websocket
  Serializer: Phoenix.Socket.V2.JSONSerializer
  Parameters: %{"_csrf_token" => "CSY8X2UEYSJCUHEOVDg_LT8FHwplOidU_tl-S1Srr60z1METHI-kVuPg", "_live_referer" => "undefined", "_mount_attempts" => "0", "_mounts" => "0", "_track_static" => %{"0" => "http://localhost:4001/assets/app.css", "1" => "http://localhost:4001/assets/app.js"}, "vsn" => "2.0.0"}
[info] CONNECTED TO Phoenix.LiveView.Socket in 0µs
  Transport: :websocket
  Serializer: Phoenix.Socket.V2.JSONSerializer
  Parameters: %{"_csrf_token" => "OWA0AnQAQmcJAQgsIAcQIBkJZxRXJj5Ko2dpB5p79gIXErjYnEUudiIy", "_live_referer" => "undefined", "_mount_attempts" => "0", "_mounts" => "0", "_track_static" => %{"0" => "http://localhost:4001/assets/app.css", "1" => "http://localhost:4001/assets/app.js"}, "vsn" => "2.0.0"}
[debug] MOUNT TempmailWeb.HomeLive
  Parameters: %{"locale" => "es"}
  Session: %{"_csrf_token" => "VRPr652P0fAteuzywL2a3Ow3"}
[debug] QUERY OK source="domains" db=0.4ms idle=922.7ms
SELECT d0."id", d0."domain", d0."is_active", d0."is_default", d0."mailcow_id", d0."description", d0."inserted_at", d0."updated_at" FROM "domains" AS d0 WHERE (d0."is_active" = TRUE) ORDER BY d0."is_default" DESC, d0."domain" []
[90m↳ TempmailWeb.HomeLive.mount/3, at: lib/tempmail_web/live/home_live.ex:18[0m
[debug] QUERY OK source="domains" db=0.3ms idle=923.2ms
SELECT d0."id", d0."domain", d0."is_active", d0."is_default", d0."mailcow_id", d0."description", d0."inserted_at", d0."updated_at" FROM "domains" AS d0 WHERE (d0."is_active" = TRUE) ORDER BY d0."is_default" DESC, d0."domain" []
[90m↳ Tempmail.Mail.choose_domain/1, at: lib/tempmail/mail.ex:64[0m
[debug] Replied in 1ms
[debug] MOUNT TempmailWeb.HomeLive
  Parameters: %{}
  Session: %{"_csrf_token" => "VRPr652P0fAteuzywL2a3Ow3"}
[debug] QUERY OK source="domains" db=0.5ms idle=1086.3ms
SELECT d0."id", d0."domain", d0."is_active", d0."is_default", d0."mailcow_id", d0."description", d0."inserted_at", d0."updated_at" FROM "domains" AS d0 WHERE (d0."is_active" = TRUE) ORDER BY d0."is_default" DESC, d0."domain" []
[90m↳ TempmailWeb.HomeLive.mount/3, at: lib/tempmail_web/live/home_live.ex:18[0m
[debug] QUERY OK source="domains" db=0.3ms idle=1086.8ms
SELECT d0."id", d0."domain", d0."is_active", d0."is_default", d0."mailcow_id", d0."description", d0."inserted_at", d0."updated_at" FROM "domains" AS d0 WHERE (d0."is_active" = TRUE) ORDER BY d0."is_default" DESC, d0."domain" []
[90m↳ Tempmail.Mail.choose_domain/1, at: lib/tempmail/mail.ex:64[0m
[debug] Replied in 1ms
[debug] Live reload: lib/tempmail_web/live/home_live.html.heex
[debug] Live reload: lib/tempmail_web/live/home_live.html.heex
[debug] Live reload: lib/tempmail_web/live/home_live.html.heex
[debug] Live reload: lib/tempmail_web/live/home_live.html.heex
[debug] Live reload: lib/tempmail_web/live/home_live.html.heex
[debug] Live reload: lib/tempmail_web/live/home_live.html.heex
[debug] Live reload: lib/tempmail_web/live/home_live.ex
[debug] Live reload: lib/tempmail_web/live/home_live.ex
[debug] Live reload: lib/tempmail_web/live/home_live.ex
Compiling 1 file (.ex)
Generated tempmail app
[info] GET /es
[debug] Processing with TempmailWeb.HomeLive.index/2
  Parameters: %{"locale" => "es"}
  Pipelines: [:browser]
[debug] QUERY OK source="domains" db=0.4ms idle=1578.3ms
SELECT d0."id", d0."domain", d0."is_active", d0."is_default", d0."mailcow_id", d0."description", d0."inserted_at", d0."updated_at" FROM "domains" AS d0 WHERE (d0."is_active" = TRUE) ORDER BY d0."is_default" DESC, d0."domain" []
[90m↳ TempmailWeb.HomeLive.mount/3, at: lib/tempmail_web/live/home_live.ex:18[0m
[info] Sent 200 in 5ms
[info] GET /es
[debug] Processing with TempmailWeb.HomeLive.index/2
  Parameters: %{"locale" => "es"}
  Pipelines: [:browser]
[info] GET /
[debug] Processing with TempmailWeb.HomeLive.index/2
  Parameters: %{}
  Pipelines: [:browser]
[debug] QUERY OK source="domains" db=0.2ms idle=1672.8ms
SELECT d0."id", d0."domain", d0."is_active", d0."is_default", d0."mailcow_id", d0."description", d0."inserted_at", d0."updated_at" FROM "domains" AS d0 WHERE (d0."is_active" = TRUE) ORDER BY d0."is_default" DESC, d0."domain" []
[90m↳ TempmailWeb.HomeLive.mount/3, at: lib/tempmail_web/live/home_live.ex:18[0m
[debug] QUERY OK source="domains" db=0.2ms queue=0.1ms idle=670.5ms
SELECT d0."id", d0."domain", d0."is_active", d0."is_default", d0."mailcow_id", d0."description", d0."inserted_at", d0."updated_at" FROM "domains" AS d0 WHERE (d0."is_active" = TRUE) ORDER BY d0."is_default" DESC, d0."domain" []
[90m↳ TempmailWeb.HomeLive.mount/3, at: lib/tempmail_web/live/home_live.ex:18[0m
[info] Sent 200 in 1ms
[info] Sent 200 in 1ms
[info] CONNECTED TO Phoenix.LiveView.Socket in 0µs
  Transport: :websocket
  Serializer: Phoenix.Socket.V2.JSONSerializer
  Parameters: %{"_csrf_token" => "GGw_AV9cHBwFMzw6eigGH1VpUR8tDxM_Y5wjo5JkBTMONE1J2DbkOMuf", "_live_referer" => "undefined", "_mount_attempts" => "0", "_mounts" => "0", "_track_static" => %{"0" => "http://127.0.0.1:4001/assets/app.css", "1" => "http://127.0.0.1:4001/assets/app.js"}, "vsn" => "2.0.0"}
[debug] MOUNT TempmailWeb.HomeLive
  Parameters: %{"locale" => "es"}
  Session: %{"_csrf_token" => "AYHk0iVwGgqu4m7Ug-3tbBfY"}
[debug] QUERY OK source="domains" db=0.4ms decode=0.1ms queue=0.1ms idle=871.8ms
SELECT d0."id", d0."domain", d0."is_active", d0."is_default", d0."mailcow_id", d0."description", d0."inserted_at", d0."updated_at" FROM "domains" AS d0 WHERE (d0."is_active" = TRUE) ORDER BY d0."is_default" DESC, d0."domain" []
[90m↳ TempmailWeb.HomeLive.mount/3, at: lib/tempmail_web/live/home_live.ex:18[0m
[debug] QUERY OK source="domains" db=0.6ms idle=304.7ms
SELECT d0."id", d0."domain", d0."is_active", d0."is_default", d0."mailcow_id", d0."description", d0."inserted_at", d0."updated_at" FROM "domains" AS d0 WHERE (d0."is_active" = TRUE) ORDER BY d0."is_default" DESC, d0."domain" []
[90m↳ Tempmail.Mail.choose_domain/1, at: lib/tempmail/mail.ex:64[0m
[debug] Replied in 2ms

Rebuilding...

Done in 60ms.

Rebuilding...

Done in 50ms.
[info] CONNECTED TO Phoenix.LiveView.Socket in 102µs
  Transport: :websocket
  Serializer: Phoenix.Socket.V2.JSONSerializer
  Parameters: %{"_csrf_token" => "EBkZG0ZzZypiVjMfXCQzDycKYD5sGAdmFKIipFUzR0rk9QIvPFR__WpU", "_live_referer" => "undefined", "_mount_attempts" => "0", "_mounts" => "0", "_track_static" => %{"0" => "http://localhost:4001/assets/app.css", "1" => "http://localhost:4001/assets/app.js"}, "vsn" => "2.0.0"}
[info] CONNECTED TO Phoenix.LiveView.Socket in 102µs
  Transport: :websocket
  Serializer: Phoenix.Socket.V2.JSONSerializer
  Parameters: %{"_csrf_token" => "B2IXJERQCwBFVA8WJypPEy1heQ1UBihwQ0GVre9Pu2NbB_5jZ-KlgI_C", "_live_referer" => "undefined", "_mount_attempts" => "0", "_mounts" => "0", "_track_static" => %{"0" => "http://localhost:4001/assets/app.css", "1" => "http://localhost:4001/assets/app.js"}, "vsn" => "2.0.0"}
[debug] MOUNT TempmailWeb.HomeLive
  Parameters: %{"locale" => "es"}
  Session: %{"_csrf_token" => "VRPr652P0fAteuzywL2a3Ow3"}
[debug] QUERY OK source="domains" db=0.3ms queue=0.1ms idle=856.1ms
SELECT d0."id", d0."domain", d0."is_active", d0."is_default", d0."mailcow_id", d0."description", d0."inserted_at", d0."updated_at" FROM "domains" AS d0 WHERE (d0."is_active" = TRUE) ORDER BY d0."is_default" DESC, d0."domain" []
[90m↳ TempmailWeb.HomeLive.mount/3, at: lib/tempmail_web/live/home_live.ex:18[0m
[debug] QUERY OK source="domains" db=0.3ms idle=850.8ms
SELECT d0."id", d0."domain", d0."is_active", d0."is_default", d0."mailcow_id", d0."description", d0."inserted_at", d0."updated_at" FROM "domains" AS d0 WHERE (d0."is_active" = TRUE) ORDER BY d0."is_default" DESC, d0."domain" []
[90m↳ Tempmail.Mail.choose_domain/1, at: lib/tempmail/mail.ex:64[0m
[debug] Replied in 1ms
[debug] MOUNT TempmailWeb.HomeLive
  Parameters: %{}
  Session: %{"_csrf_token" => "VRPr652P0fAteuzywL2a3Ow3"}
[debug] QUERY OK source="domains" db=0.4ms idle=973.3ms
SELECT d0."id", d0."domain", d0."is_active", d0."is_default", d0."mailcow_id", d0."description", d0."inserted_at", d0."updated_at" FROM "domains" AS d0 WHERE (d0."is_active" = TRUE) ORDER BY d0."is_default" DESC, d0."domain" []
[90m↳ TempmailWeb.HomeLive.mount/3, at: lib/tempmail_web/live/home_live.ex:18[0m
[debug] QUERY OK source="domains" db=0.2ms decode=0.1ms idle=973.7ms
SELECT d0."id", d0."domain", d0."is_active", d0."is_default", d0."mailcow_id", d0."description", d0."inserted_at", d0."updated_at" FROM "domains" AS d0 WHERE (d0."is_active" = TRUE) ORDER BY d0."is_default" DESC, d0."domain" []
[90m↳ Tempmail.Mail.choose_domain/1, at: lib/tempmail/mail.ex:64[0m
[debug] Replied in 1ms
[info] GET /fr
[debug] Processing with TempmailWeb.HomeLive.index/2
  Parameters: %{"locale" => "fr"}
  Pipelines: [:browser]
[debug] QUERY OK source="domains" db=0.3ms idle=1196.1ms
SELECT d0."id", d0."domain", d0."is_active", d0."is_default", d0."mailcow_id", d0."description", d0."inserted_at", d0."updated_at" FROM "domains" AS d0 WHERE (d0."is_active" = TRUE) ORDER BY d0."is_default" DESC, d0."domain" []
[90m↳ TempmailWeb.HomeLive.mount/3, at: lib/tempmail_web/live/home_live.ex:18[0m
[info] Sent 200 in 1ms
[info] CONNECTED TO Phoenix.LiveView.Socket in 0µs
  Transport: :websocket
  Serializer: Phoenix.Socket.V2.JSONSerializer
  Parameters: %{"_csrf_token" => "L2pkNABjdwQAIzceEj8SIEJ9BSRJeR96y84F6VET0EvjwJhY517Ez6hI", "_live_referer" => "undefined", "_mount_attempts" => "0", "_mounts" => "0", "_track_static" => %{"0" => "http://localhost:4001/assets/app.css", "1" => "http://localhost:4001/assets/app.js"}, "vsn" => "2.0.0"}
[debug] MOUNT TempmailWeb.HomeLive
  Parameters: %{"locale" => "fr"}
  Session: %{"_csrf_token" => "VRPr652P0fAteuzywL2a3Ow3"}
[debug] QUERY OK source="domains" db=0.3ms idle=1699.5ms
SELECT d0."id", d0."domain", d0."is_active", d0."is_default", d0."mailcow_id", d0."description", d0."inserted_at", d0."updated_at" FROM "domains" AS d0 WHERE (d0."is_active" = TRUE) ORDER BY d0."is_default" DESC, d0."domain" []
[90m↳ TempmailWeb.HomeLive.mount/3, at: lib/tempmail_web/live/home_live.ex:18[0m
[debug] QUERY OK source="domains" db=0.2ms idle=688.2ms
SELECT d0."id", d0."domain", d0."is_active", d0."is_default", d0."mailcow_id", d0."description", d0."inserted_at", d0."updated_at" FROM "domains" AS d0 WHERE (d0."is_active" = TRUE) ORDER BY d0."is_default" DESC, d0."domain" []
[90m↳ Tempmail.Mail.choose_domain/1, at: lib/tempmail/mail.ex:64[0m
[debug] Replied in 921µs
[debug] Live reload: lib/tempmail_web/components/layouts/app.html.heex
[debug] Live reload: lib/tempmail_web/components/layouts/app.html.heex
[debug] Live reload: lib/tempmail_web/components/layouts/app.html.heex
[debug] Live reload: lib/tempmail_web/components/layouts/app.html.heex
[debug] Live reload: lib/tempmail_web/components/layouts/app.html.heex
[debug] Live reload: lib/tempmail_web/components/layouts/app.html.heex

Rebuilding...

Done in 62ms.
[debug] Live reload: lib/tempmail_web/components/layouts.ex
[debug] Live reload: lib/tempmail_web/components/layouts.ex
[debug] Live reload: lib/tempmail_web/components/layouts.ex
Compiling 1 file (.ex)

Rebuilding...

Done in 49ms.
Generated tempmail app
[info] GET /es
[debug] Processing with TempmailWeb.HomeLive.index/2
  Parameters: %{"locale" => "es"}
  Pipelines: [:browser]
[debug] QUERY OK source="domains" db=0.4ms idle=320.9ms
SELECT d0."id", d0."domain", d0."is_active", d0."is_default", d0."mailcow_id", d0."description", d0."inserted_at", d0."updated_at" FROM "domains" AS d0 WHERE (d0."is_active" = TRUE) ORDER BY d0."is_default" DESC, d0."domain" []
[90m↳ TempmailWeb.HomeLive.mount/3, at: lib/tempmail_web/live/home_live.ex:18[0m
[info] Sent 200 in 5ms
[info] GET /fr
[debug] Processing with TempmailWeb.HomeLive.index/2
  Parameters: %{"locale" => "fr"}
  Pipelines: [:browser]
[debug] QUERY OK source="domains" db=0.4ms idle=397.8ms
SELECT d0."id", d0."domain", d0."is_active", d0."is_default", d0."mailcow_id", d0."description", d0."inserted_at", d0."updated_at" FROM "domains" AS d0 WHERE (d0."is_active" = TRUE) ORDER BY d0."is_default" DESC, d0."domain" []
[90m↳ TempmailWeb.HomeLive.mount/3, at: lib/tempmail_web/live/home_live.ex:18[0m
[info] Sent 200 in 1ms
[info] GET /
[debug] Processing with TempmailWeb.HomeLive.index/2
  Parameters: %{}
  Pipelines: [:browser]
[debug] QUERY OK source="domains" db=0.5ms queue=0.1ms idle=473.9ms
SELECT d0."id", d0."domain", d0."is_active", d0."is_default", d0."mailcow_id", d0."description", d0."inserted_at", d0."updated_at" FROM "domains" AS d0 WHERE (d0."is_active" = TRUE) ORDER BY d0."is_default" DESC, d0."domain" []
[90m↳ TempmailWeb.HomeLive.mount/3, at: lib/tempmail_web/live/home_live.ex:18[0m
[info] Sent 200 in 2ms
[info] CONNECTED TO Phoenix.LiveView.Socket in 0µs
  Transport: :websocket
  Serializer: Phoenix.Socket.V2.JSONSerializer
  Parameters: %{"_csrf_token" => "AzwDDGcdPz4rNUAiTl1-OVYZZ0QDCBcbBeKgWtiIlR1Wz0Il14T0aJqB", "_live_referer" => "undefined", "_mount_attempts" => "0", "_mounts" => "0", "_track_static" => %{"0" => "http://127.0.0.1:4001/assets/app.css", "1" => "http://127.0.0.1:4001/assets/app.js"}, "vsn" => "2.0.0"}
[debug] MOUNT TempmailWeb.HomeLive
  Parameters: %{"locale" => "es"}
  Session: %{"_csrf_token" => "AYHk0iVwGgqu4m7Ug-3tbBfY"}
[debug] QUERY OK source="domains" db=0.4ms idle=587.6ms
SELECT d0."id", d0."domain", d0."is_active", d0."is_default", d0."mailcow_id", d0."description", d0."inserted_at", d0."updated_at" FROM "domains" AS d0 WHERE (d0."is_active" = TRUE) ORDER BY d0."is_default" DESC, d0."domain" []
[90m↳ TempmailWeb.HomeLive.mount/3, at: lib/tempmail_web/live/home_live.ex:18[0m
[debug] QUERY OK source="domains" db=0.3ms queue=0.1ms idle=274.4ms
SELECT d0."id", d0."domain", d0."is_active", d0."is_default", d0."mailcow_id", d0."description", d0."inserted_at", d0."updated_at" FROM "domains" AS d0 WHERE (d0."is_active" = TRUE) ORDER BY d0."is_default" DESC, d0."domain" []
[90m↳ Tempmail.Mail.choose_domain/1, at: lib/tempmail/mail.ex:64[0m
[debug] Replied in 1ms
[info] CONNECTED TO Phoenix.LiveView.Socket in 102µs
  Transport: :websocket
  Serializer: Phoenix.Socket.V2.JSONSerializer
  Parameters: %{"_csrf_token" => "LBwSSwNXZRJWLwgsOg9ICB07QS9hCjlQzNB95bWBfIIX_z2qjwsNRENc", "_live_referer" => "undefined", "_mount_attempts" => "0", "_mounts" => "0", "_track_static" => %{"0" => "http://localhost:4001/assets/app.css", "1" => "http://localhost:4001/assets/app.js"}, "vsn" => "2.0.0"}
[debug] MOUNT TempmailWeb.HomeLive
  Parameters: %{"locale" => "fr"}
  Session: %{"_csrf_token" => "VRPr652P0fAteuzywL2a3Ow3"}
[debug] QUERY OK source="domains" db=0.4ms idle=633.8ms
SELECT d0."id", d0."domain", d0."is_active", d0."is_default", d0."mailcow_id", d0."description", d0."inserted_at", d0."updated_at" FROM "domains" AS d0 WHERE (d0."is_active" = TRUE) ORDER BY d0."is_default" DESC, d0."domain" []
[90m↳ TempmailWeb.HomeLive.mount/3, at: lib/tempmail_web/live/home_live.ex:18[0m
[debug] QUERY OK source="domains" db=0.4ms idle=628.9ms
SELECT d0."id", d0."domain", d0."is_active", d0."is_default", d0."mailcow_id", d0."description", d0."inserted_at", d0."updated_at" FROM "domains" AS d0 WHERE (d0."is_active" = TRUE) ORDER BY d0."is_default" DESC, d0."domain" []
[90m↳ Tempmail.Mail.choose_domain/1, at: lib/tempmail/mail.ex:64[0m
[debug] Replied in 1ms
[info] CONNECTED TO Phoenix.LiveView.Socket in 0µs
  Transport: :websocket
  Serializer: Phoenix.Socket.V2.JSONSerializer
  Parameters: %{"_csrf_token" => "Dmo7J0VbZDxCUHYgH0FKOh8kBysEHzYFX8kUsnVlr67Tz40Chh5J7PA6", "_live_referer" => "undefined", "_mount_attempts" => "0", "_mounts" => "0", "_track_static" => %{"0" => "http://localhost:4001/assets/app.css", "1" => "http://localhost:4001/assets/app.js"}, "vsn" => "2.0.0"}
[debug] MOUNT TempmailWeb.HomeLive
  Parameters: %{}
  Session: %{"_csrf_token" => "VRPr652P0fAteuzywL2a3Ow3"}
[debug] QUERY OK source="domains" db=0.5ms idle=988.5ms
SELECT d0."id", d0."domain", d0."is_active", d0."is_default", d0."mailcow_id", d0."description", d0."inserted_at", d0."updated_at" FROM "domains" AS d0 WHERE (d0."is_active" = TRUE) ORDER BY d0."is_default" DESC, d0."domain" []
[90m↳ TempmailWeb.HomeLive.mount/3, at: lib/tempmail_web/live/home_live.ex:18[0m
[debug] QUERY OK source="domains" db=0.3ms queue=0.1ms idle=988.9ms
SELECT d0."id", d0."domain", d0."is_active", d0."is_default", d0."mailcow_id", d0."description", d0."inserted_at", d0."updated_at" FROM "domains" AS d0 WHERE (d0."is_active" = TRUE) ORDER BY d0."is_default" DESC, d0."domain" []
[90m↳ Tempmail.Mail.choose_domain/1, at: lib/tempmail/mail.ex:64[0m
[debug] Replied in 1ms
[info] GET /es
[debug] Processing with TempmailWeb.HomeLive.index/2
  Parameters: %{"locale" => "es"}
  Pipelines: [:browser]
[debug] QUERY OK source="domains" db=0.3ms idle=1215.1ms
SELECT d0."id", d0."domain", d0."is_active", d0."is_default", d0."mailcow_id", d0."description", d0."inserted_at", d0."updated_at" FROM "domains" AS d0 WHERE (d0."is_active" = TRUE) ORDER BY d0."is_default" DESC, d0."domain" []
[90m↳ TempmailWeb.HomeLive.mount/3, at: lib/tempmail_web/live/home_live.ex:18[0m
[info] Sent 200 in 1ms
[info] CONNECTED TO Phoenix.LiveView.Socket in 0µs
  Transport: :websocket
  Serializer: Phoenix.Socket.V2.JSONSerializer
  Parameters: %{"_csrf_token" => "DAEYOUZtQ2dFLXgxUkMCMT8VWFhZdyFnZSHKpXq7uK9E76xHHYj9j8VT", "_live_referer" => "undefined", "_mount_attempts" => "0", "_mounts" => "0", "_track_static" => %{"0" => "http://localhost:4001/assets/app.css", "1" => "http://localhost:4001/assets/app.js"}, "vsn" => "2.0.0"}
[debug] MOUNT TempmailWeb.HomeLive
  Parameters: %{"locale" => "es"}
  Session: %{"_csrf_token" => "VRPr652P0fAteuzywL2a3Ow3"}
[debug] QUERY OK source="domains" db=0.2ms queue=0.1ms idle=1699.8ms
SELECT d0."id", d0."domain", d0."is_active", d0."is_default", d0."mailcow_id", d0."description", d0."inserted_at", d0."updated_at" FROM "domains" AS d0 WHERE (d0."is_active" = TRUE) ORDER BY d0."is_default" DESC, d0."domain" []
[90m↳ TempmailWeb.HomeLive.mount/3, at: lib/tempmail_web/live/home_live.ex:18[0m
[debug] QUERY OK source="domains" db=0.2ms idle=1700.1ms
SELECT d0."id", d0."domain", d0."is_active", d0."is_default", d0."mailcow_id", d0."description", d0."inserted_at", d0."updated_at" FROM "domains" AS d0 WHERE (d0."is_active" = TRUE) ORDER BY d0."is_default" DESC, d0."domain" []
[90m↳ Tempmail.Mail.choose_domain/1, at: lib/tempmail/mail.ex:64[0m
[debug] Replied in 819µs
[debug] Live reload: lib/tempmail_web/live/home_live.html.heex
[debug] Live reload: lib/tempmail_web/live/home_live.html.heex
[debug] Live reload: lib/tempmail_web/live/home_live.html.heex
[debug] Live reload: lib/tempmail_web/live/home_live.html.heex
[debug] Live reload: lib/tempmail_web/live/home_live.html.heex
[debug] Live reload: lib/tempmail_web/live/home_live.html.heex
[debug] Live reload: lib/tempmail_web/live/home_live.ex
[debug] Live reload: lib/tempmail_web/live/home_live.ex
[debug] Live reload: lib/tempmail_web/live/home_live.ex
Compiling 1 file (.ex)
Generated tempmail app
[info] GET /es
[debug] Processing with TempmailWeb.HomeLive.index/2
  Parameters: %{"locale" => "es"}
  Pipelines: [:browser]
[debug] QUERY OK source="domains" db=0.4ms idle=1854.2ms
SELECT d0."id", d0."domain", d0."is_active", d0."is_default", d0."mailcow_id", d0."description", d0."inserted_at", d0."updated_at" FROM "domains" AS d0 WHERE (d0."is_active" = TRUE) ORDER BY d0."is_default" DESC, d0."domain" []
[90m↳ TempmailWeb.HomeLive.mount/3, at: lib/tempmail_web/live/home_live.ex:18[0m
[info] Sent 200 in 5ms
[info] GET /es
[debug] Processing with TempmailWeb.HomeLive.index/2
  Parameters: %{"locale" => "es"}
  Pipelines: [:browser]
[debug] QUERY OK source="domains" db=0.3ms queue=0.1ms idle=1972.7ms
SELECT d0."id", d0."domain", d0."is_active", d0."is_default", d0."mailcow_id", d0."description", d0."inserted_at", d0."updated_at" FROM "domains" AS d0 WHERE (d0."is_active" = TRUE) ORDER BY d0."is_default" DESC, d0."domain" []
[90m↳ TempmailWeb.HomeLive.mount/3, at: lib/tempmail_web/live/home_live.ex:18[0m
[info] Sent 200 in 1ms

Rebuilding...

Done in 70ms.

Rebuilding...
[info] GET /
[debug] Processing with TempmailWeb.HomeLive.index/2
  Parameters: %{}
  Pipelines: [:browser]
[debug] QUERY OK source="domains" db=0.5ms idle=1149.9ms
SELECT d0."id", d0."domain", d0."is_active", d0."is_default", d0."mailcow_id", d0."description", d0."inserted_at", d0."updated_at" FROM "domains" AS d0 WHERE (d0."is_active" = TRUE) ORDER BY d0."is_default" DESC, d0."domain" []
[90m↳ TempmailWeb.HomeLive.mount/3, at: lib/tempmail_web/live/home_live.ex:18[0m
[info] Sent 200 in 1ms

Done in 65ms.
[info] CONNECTED TO Phoenix.LiveView.Socket in 0µs
  Transport: :websocket
  Serializer: Phoenix.Socket.V2.JSONSerializer
  Parameters: %{"_csrf_token" => "ODV5M1slPwMAIRUwd1tVGAlOBTYVcCUfyl1XkLitGFdEC6bMnc6Bw2CF", "_live_referer" => "undefined", "_mount_attempts" => "0", "_mounts" => "0", "_track_static" => %{"0" => "http://127.0.0.1:4001/assets/app.css", "1" => "http://127.0.0.1:4001/assets/app.js"}, "vsn" => "2.0.0"}
[debug] MOUNT TempmailWeb.HomeLive
  Parameters: %{"locale" => "es"}
  Session: %{"_csrf_token" => "AYHk0iVwGgqu4m7Ug-3tbBfY"}
[debug] QUERY OK source="domains" db=0.5ms decode=0.1ms idle=452.4ms
SELECT d0."id", d0."domain", d0."is_active", d0."is_default", d0."mailcow_id", d0."description", d0."inserted_at", d0."updated_at" FROM "domains" AS d0 WHERE (d0."is_active" = TRUE) ORDER BY d0."is_default" DESC, d0."domain" []
[90m↳ TempmailWeb.HomeLive.mount/3, at: lib/tempmail_web/live/home_live.ex:18[0m
[debug] QUERY OK source="domains" db=0.4ms queue=0.1ms idle=451.0ms
SELECT d0."id", d0."domain", d0."is_active", d0."is_default", d0."mailcow_id", d0."description", d0."inserted_at", d0."updated_at" FROM "domains" AS d0 WHERE (d0."is_active" = TRUE) ORDER BY d0."is_default" DESC, d0."domain" []
[90m↳ Tempmail.Mail.choose_domain/1, at: lib/tempmail/mail.ex:64[0m
[debug] Replied in 1ms
[info] CONNECTED TO Phoenix.LiveView.Socket in 0µs
  Transport: :websocket
  Serializer: Phoenix.Socket.V2.JSONSerializer
  Parameters: %{"_csrf_token" => "NRcmOEZjHxlnLichPC8RPAECRQBaOxJkcEvJpV-IWHfUYZkEvNwaiteW", "_live_referer" => "undefined", "_mount_attempts" => "0", "_mounts" => "0", "_track_static" => %{"0" => "http://localhost:4001/assets/app.css", "1" => "http://localhost:4001/assets/app.js"}, "vsn" => "2.0.0"}
[debug] MOUNT TempmailWeb.HomeLive
  Parameters: %{"locale" => "es"}
  Session: %{"_csrf_token" => "VRPr652P0fAteuzywL2a3Ow3"}
[debug] QUERY OK source="domains" db=0.4ms queue=0.1ms idle=1126.7ms
SELECT d0."id", d0."domain", d0."is_active", d0."is_default", d0."mailcow_id", d0."description", d0."inserted_at", d0."updated_at" FROM "domains" AS d0 WHERE (d0."is_active" = TRUE) ORDER BY d0."is_default" DESC, d0."domain" []
[90m↳ TempmailWeb.HomeLive.mount/3, at: lib/tempmail_web/live/home_live.ex:18[0m
[debug] QUERY OK source="domains" db=0.3ms idle=982.4ms
SELECT d0."id", d0."domain", d0."is_active", d0."is_default", d0."mailcow_id", d0."description", d0."inserted_at", d0."updated_at" FROM "domains" AS d0 WHERE (d0."is_active" = TRUE) ORDER BY d0."is_default" DESC, d0."domain" []
[90m↳ Tempmail.Mail.choose_domain/1, at: lib/tempmail/mail.ex:64[0m
[debug] Replied in 1ms
[info] CONNECTED TO Phoenix.LiveView.Socket in 0µs
  Transport: :websocket
  Serializer: Phoenix.Socket.V2.JSONSerializer
  Parameters: %{"_csrf_token" => "Ph8VPm5PVT5-AyYAB0MfLE8BQyh9AgJ4hMELXzgnNegtb6eU8MqINMuK", "_live_referer" => "undefined", "_mount_attempts" => "0", "_mounts" => "0", "_track_static" => %{"0" => "http://localhost:4001/assets/app.css", "1" => "http://localhost:4001/assets/app.js"}, "vsn" => "2.0.0"}
[debug] MOUNT TempmailWeb.HomeLive
  Parameters: %{}
  Session: %{"_csrf_token" => "VRPr652P0fAteuzywL2a3Ow3"}
[debug] QUERY OK source="domains" db=0.5ms queue=0.1ms idle=1266.4ms
SELECT d0."id", d0."domain", d0."is_active", d0."is_default", d0."mailcow_id", d0."description", d0."inserted_at", d0."updated_at" FROM "domains" AS d0 WHERE (d0."is_active" = TRUE) ORDER BY d0."is_default" DESC, d0."domain" []
[90m↳ TempmailWeb.HomeLive.mount/3, at: lib/tempmail_web/live/home_live.ex:18[0m
[debug] QUERY OK source="domains" db=0.3ms idle=1262.0ms
SELECT d0."id", d0."domain", d0."is_active", d0."is_default", d0."mailcow_id", d0."description", d0."inserted_at", d0."updated_at" FROM "domains" AS d0 WHERE (d0."is_active" = TRUE) ORDER BY d0."is_default" DESC, d0."domain" []
[90m↳ Tempmail.Mail.choose_domain/1, at: lib/tempmail/mail.ex:64[0m
[debug] Replied in 1ms
[debug] Live reload: lib/tempmail_web/live/home_live.html.heex
[debug] Live reload: lib/tempmail_web/live/home_live.html.heex
[debug] Live reload: lib/tempmail_web/live/home_live.html.heex
[debug] Live reload: lib/tempmail_web/live/home_live.html.heex
[debug] Live reload: lib/tempmail_web/live/home_live.html.heex
[debug] Live reload: lib/tempmail_web/live/home_live.html.heex
[debug] Live reload: lib/tempmail_web/live/home_live.ex
[debug] Live reload: lib/tempmail_web/live/home_live.ex
[debug] Live reload: lib/tempmail_web/live/home_live.ex
Compiling 1 file (.ex)
Generated tempmail app
[info] GET /es
[debug] Processing with TempmailWeb.HomeLive.index/2
  Parameters: %{"locale" => "es"}
  Pipelines: [:browser]
[debug] QUERY OK source="domains" db=0.5ms decode=0.1ms idle=926.5ms
SELECT d0."id", d0."domain", d0."is_active", d0."is_default", d0."mailcow_id", d0."description", d0."inserted_at", d0."updated_at" FROM "domains" AS d0 WHERE (d0."is_active" = TRUE) ORDER BY d0."is_default" DESC, d0."domain" []
[90m↳ TempmailWeb.HomeLive.mount/3, at: lib/tempmail_web/live/home_live.ex:18[0m
[info] Sent 200 in 5ms

Rebuilding...
[info] GET /es
[debug] Processing with TempmailWeb.HomeLive.index/2
  Parameters: %{"locale" => "es"}
  Pipelines: [:browser]
[info] GET /
[debug] Processing with TempmailWeb.HomeLive.index/2
  Parameters: %{}
  Pipelines: [:browser]
[debug] QUERY OK source="domains" db=0.4ms idle=1029.8ms
SELECT d0."id", d0."domain", d0."is_active", d0."is_default", d0."mailcow_id", d0."description", d0."inserted_at", d0."updated_at" FROM "domains" AS d0 WHERE (d0."is_active" = TRUE) ORDER BY d0."is_default" DESC, d0."domain" []
[90m↳ TempmailWeb.HomeLive.mount/3, at: lib/tempmail_web/live/home_live.ex:18[0m
[debug] QUERY OK source="domains" db=0.4ms idle=1030.0ms
SELECT d0."id", d0."domain", d0."is_active", d0."is_default", d0."mailcow_id", d0."description", d0."inserted_at", d0."updated_at" FROM "domains" AS d0 WHERE (d0."is_active" = TRUE) ORDER BY d0."is_default" DESC, d0."domain" []
[90m↳ TempmailWeb.HomeLive.mount/3, at: lib/tempmail_web/live/home_live.ex:18[0m
[info] Sent 200 in 1ms
[info] Sent 200 in 1ms

Done in 52ms.

Rebuilding...

Done in 48ms.
[info] CONNECTED TO Phoenix.LiveView.Socket in 0µs
  Transport: :websocket
  Serializer: Phoenix.Socket.V2.JSONSerializer
  Parameters: %{"_csrf_token" => "FWkGOmM_Eyh3PUEgcFRzFDBseT8JJBxgT0NQSVE_0Z0UD9DAWAJKkfz9", "_live_referer" => "undefined", "_mount_attempts" => "0", "_mounts" => "0", "_track_static" => %{"0" => "http://127.0.0.1:4001/assets/app.css", "1" => "http://127.0.0.1:4001/assets/app.js"}, "vsn" => "2.0.0"}
[debug] MOUNT TempmailWeb.HomeLive
  Parameters: %{"locale" => "es"}
  Session: %{"_csrf_token" => "AYHk0iVwGgqu4m7Ug-3tbBfY"}
[debug] QUERY OK source="domains" db=0.3ms queue=0.1ms idle=1269.9ms
SELECT d0."id", d0."domain", d0."is_active", d0."is_default", d0."mailcow_id", d0."description", d0."inserted_at", d0."updated_at" FROM "domains" AS d0 WHERE (d0."is_active" = TRUE) ORDER BY d0."is_default" DESC, d0."domain" []
[90m↳ TempmailWeb.HomeLive.mount/3, at: lib/tempmail_web/live/home_live.ex:18[0m
[debug] QUERY OK source="domains" db=0.2ms idle=350.5ms
SELECT d0."id", d0."domain", d0."is_active", d0."is_default", d0."mailcow_id", d0."description", d0."inserted_at", d0."updated_at" FROM "domains" AS d0 WHERE (d0."is_active" = TRUE) ORDER BY d0."is_default" DESC, d0."domain" []
[90m↳ Tempmail.Mail.choose_domain/1, at: lib/tempmail/mail.ex:64[0m
[debug] Replied in 921µs
[info] CONNECTED TO Phoenix.LiveView.Socket in 102µs
  Transport: :websocket
  Serializer: Phoenix.Socket.V2.JSONSerializer
  Parameters: %{"_csrf_token" => "HQEyQ0BCYyoFXzdHISYMGEE6ajlQOTJ3KSb1vwQz59v3DSva6vXXcvED", "_live_referer" => "undefined", "_mount_attempts" => "0", "_mounts" => "0", "_track_static" => %{"0" => "http://localhost:4001/assets/app.css", "1" => "http://localhost:4001/assets/app.js"}, "vsn" => "2.0.0"}
[info] CONNECTED TO Phoenix.LiveView.Socket in 0µs
  Transport: :websocket
  Serializer: Phoenix.Socket.V2.JSONSerializer
  Parameters: %{"_csrf_token" => "NSoZKmddZgZREDY-CxILMCF4QxEHPSFncxIXQhTVavwJngqIV4qp4rVT", "_live_referer" => "undefined", "_mount_attempts" => "0", "_mounts" => "0", "_track_static" => %{"0" => "http://localhost:4001/assets/app.css", "1" => "http://localhost:4001/assets/app.js"}, "vsn" => "2.0.0"}
[debug] MOUNT TempmailWeb.HomeLive
  Parameters: %{"locale" => "es"}
  Session: %{"_csrf_token" => "VRPr652P0fAteuzywL2a3Ow3"}
[debug] QUERY OK source="domains" db=0.3ms idle=844.4ms
SELECT d0."id", d0."domain", d0."is_active", d0."is_default", d0."mailcow_id", d0."description", d0."inserted_at", d0."updated_at" FROM "domains" AS d0 WHERE (d0."is_active" = TRUE) ORDER BY d0."is_default" DESC, d0."domain" []
[90m↳ TempmailWeb.HomeLive.mount/3, at: lib/tempmail_web/live/home_live.ex:18[0m
[debug] QUERY OK source="domains" db=0.3ms idle=841.0ms
SELECT d0."id", d0."domain", d0."is_active", d0."is_default", d0."mailcow_id", d0."description", d0."inserted_at", d0."updated_at" FROM "domains" AS d0 WHERE (d0."is_active" = TRUE) ORDER BY d0."is_default" DESC, d0."domain" []
[90m↳ Tempmail.Mail.choose_domain/1, at: lib/tempmail/mail.ex:64[0m
[debug] Replied in 1ms
[debug] MOUNT TempmailWeb.HomeLive
  Parameters: %{}
  Session: %{"_csrf_token" => "VRPr652P0fAteuzywL2a3Ow3"}
[debug] QUERY OK source="domains" db=0.5ms queue=0.1ms idle=947.6ms
SELECT d0."id", d0."domain", d0."is_active", d0."is_default", d0."mailcow_id", d0."description", d0."inserted_at", d0."updated_at" FROM "domains" AS d0 WHERE (d0."is_active" = TRUE) ORDER BY d0."is_default" DESC, d0."domain" []
[90m↳ TempmailWeb.HomeLive.mount/3, at: lib/tempmail_web/live/home_live.ex:18[0m
[debug] QUERY OK source="domains" db=0.4ms idle=948.3ms
SELECT d0."id", d0."domain", d0."is_active", d0."is_default", d0."mailcow_id", d0."description", d0."inserted_at", d0."updated_at" FROM "domains" AS d0 WHERE (d0."is_active" = TRUE) ORDER BY d0."is_default" DESC, d0."domain" []
[90m↳ Tempmail.Mail.choose_domain/1, at: lib/tempmail/mail.ex:64[0m
[debug] Replied in 1ms
[debug] Live reload: priv/static/assets/app.css
[debug] Live reload: priv/static/assets/app.css
[debug] Live reload: priv/static/assets/app.css
[debug] Live reload: priv/static/assets/app.css
[debug] Live reload: priv/static/assets/app.css
[debug] Live reload: priv/static/assets/app.css
[debug] Live reload: priv/static/assets/app.js
[debug] Live reload: priv/static/assets/app.js
[debug] Live reload: priv/static/assets/app.js
[debug] Live reload: priv/static/assets/app.js
[debug] Live reload: priv/static/assets/app.js
[debug] Live reload: priv/static/assets/app.js
[info] GET /es
[debug] Processing with TempmailWeb.HomeLive.index/2
  Parameters: %{"locale" => "es"}
  Pipelines: [:browser]
[debug] QUERY OK source="domains" db=0.3ms idle=720.7ms
SELECT d0."id", d0."domain", d0."is_active", d0."is_default", d0."mailcow_id", d0."description", d0."inserted_at", d0."updated_at" FROM "domains" AS d0 WHERE (d0."is_active" = TRUE) ORDER BY d0."is_default" DESC, d0."domain" []
[90m↳ TempmailWeb.HomeLive.mount/3, at: lib/tempmail_web/live/home_live.ex:18[0m
[info] Sent 200 in 1ms
[info] GET /es
[debug] Processing with TempmailWeb.HomeLive.index/2
  Parameters: %{"locale" => "es"}
  Pipelines: [:browser]
[debug] QUERY OK source="domains" db=0.3ms idle=805.3ms
SELECT d0."id", d0."domain", d0."is_active", d0."is_default", d0."mailcow_id", d0."description", d0."inserted_at", d0."updated_at" FROM "domains" AS d0 WHERE (d0."is_active" = TRUE) ORDER BY d0."is_default" DESC, d0."domain" []
[90m↳ TempmailWeb.HomeLive.mount/3, at: lib/tempmail_web/live/home_live.ex:18[0m
[info] Sent 200 in 1ms
[info] GET /
[debug] Processing with TempmailWeb.HomeLive.index/2
  Parameters: %{}
  Pipelines: [:browser]
[debug] QUERY OK source="domains" db=0.3ms queue=0.1ms idle=950.4ms
SELECT d0."id", d0."domain", d0."is_active", d0."is_default", d0."mailcow_id", d0."description", d0."inserted_at", d0."updated_at" FROM "domains" AS d0 WHERE (d0."is_active" = TRUE) ORDER BY d0."is_default" DESC, d0."domain" []
[90m↳ TempmailWeb.HomeLive.mount/3, at: lib/tempmail_web/live/home_live.ex:18[0m
[info] Sent 200 in 1ms
[info] CONNECTED TO Phoenix.LiveView.Socket in 0µs
  Transport: :websocket
  Serializer: Phoenix.Socket.V2.JSONSerializer
  Parameters: %{"_csrf_token" => "DgwZIl0FBzE9SjM0RlUFJyN6UCBVbzQBOUQImlQFz-BAr82rDWcT7-RX", "_live_referer" => "undefined", "_mount_attempts" => "0", "_mounts" => "0", "_track_static" => %{"0" => "http://127.0.0.1:4001/assets/app.css", "1" => "http://127.0.0.1:4001/assets/app.js"}, "vsn" => "2.0.0"}
[debug] MOUNT TempmailWeb.HomeLive
  Parameters: %{"locale" => "es"}
  Session: %{"_csrf_token" => "AYHk0iVwGgqu4m7Ug-3tbBfY"}
[debug] QUERY OK source="domains" db=0.4ms idle=1039.5ms
SELECT d0."id", d0."domain", d0."is_active", d0."is_default", d0."mailcow_id", d0."description", d0."inserted_at", d0."updated_at" FROM "domains" AS d0 WHERE (d0."is_active" = TRUE) ORDER BY d0."is_default" DESC, d0."domain" []
[90m↳ TempmailWeb.HomeLive.mount/3, at: lib/tempmail_web/live/home_live.ex:18[0m
[debug] QUERY OK source="domains" db=0.3ms queue=0.1ms idle=323.2ms
SELECT d0."id", d0."domain", d0."is_active", d0."is_default", d0."mailcow_id", d0."description", d0."inserted_at", d0."updated_at" FROM "domains" AS d0 WHERE (d0."is_active" = TRUE) ORDER BY d0."is_default" DESC, d0."domain" []
[90m↳ Tempmail.Mail.choose_domain/1, at: lib/tempmail/mail.ex:64[0m
[debug] Replied in 1ms
[info] CONNECTED TO Phoenix.LiveView.Socket in 0µs
  Transport: :websocket
  Serializer: Phoenix.Socket.V2.JSONSerializer
  Parameters: %{"_csrf_token" => "MxEKKl59WR9HLBcyCB4uM04beCZiYjVFeCZXhHkOwJVFmkTJ9WJGQ-Bv", "_live_referer" => "undefined", "_mount_attempts" => "0", "_mounts" => "0", "_track_static" => %{"0" => "http://localhost:4001/assets/app.css", "1" => "http://localhost:4001/assets/app.js"}, "vsn" => "2.0.0"}
[debug] MOUNT TempmailWeb.HomeLive
  Parameters: %{"locale" => "es"}
  Session: %{"_csrf_token" => "VRPr652P0fAteuzywL2a3Ow3"}
[debug] QUERY OK source="domains" db=0.4ms idle=675.2ms
SELECT d0."id", d0."domain", d0."is_active", d0."is_default", d0."mailcow_id", d0."description", d0."inserted_at", d0."updated_at" FROM "domains" AS d0 WHERE (d0."is_active" = TRUE) ORDER BY d0."is_default" DESC, d0."domain" []
[90m↳ TempmailWeb.HomeLive.mount/3, at: lib/tempmail_web/live/home_live.ex:18[0m
[debug] QUERY OK source="domains" db=0.3ms queue=0.1ms idle=672.0ms
SELECT d0."id", d0."domain", d0."is_active", d0."is_default", d0."mailcow_id", d0."description", d0."inserted_at", d0."updated_at" FROM "domains" AS d0 WHERE (d0."is_active" = TRUE) ORDER BY d0."is_default" DESC, d0."domain" []
[90m↳ Tempmail.Mail.choose_domain/1, at: lib/tempmail/mail.ex:64[0m
[debug] Replied in 1ms
[info] CONNECTED TO Phoenix.LiveView.Socket in 0µs
  Transport: :websocket
  Serializer: Phoenix.Socket.V2.JSONSerializer
  Parameters: %{"_csrf_token" => "AwEeBWdhSmF7CHYlB0NNPAIEASJFLDVlUSNwQTx1Kn7Qb67EuH3CvcBV", "_live_referer" => "undefined", "_mount_attempts" => "0", "_mounts" => "0", "_track_static" => %{"0" => "http://localhost:4001/assets/app.css", "1" => "http://localhost:4001/assets/app.js"}, "vsn" => "2.0.0"}
[debug] MOUNT TempmailWeb.HomeLive
  Parameters: %{}
  Session: %{"_csrf_token" => "VRPr652P0fAteuzywL2a3Ow3"}
[debug] QUERY OK source="domains" db=0.4ms queue=0.1ms idle=1062.5ms
SELECT d0."id", d0."domain", d0."is_active", d0."is_default", d0."mailcow_id", d0."description", d0."inserted_at", d0."updated_at" FROM "domains" AS d0 WHERE (d0."is_active" = TRUE) ORDER BY d0."is_default" DESC, d0."domain" []
[90m↳ TempmailWeb.HomeLive.mount/3, at: lib/tempmail_web/live/home_live.ex:18[0m
[debug] QUERY OK source="domains" db=0.4ms queue=0.1ms idle=1062.9ms
SELECT d0."id", d0."domain", d0."is_active", d0."is_default", d0."mailcow_id", d0."description", d0."inserted_at", d0."updated_at" FROM "domains" AS d0 WHERE (d0."is_active" = TRUE) ORDER BY d0."is_default" DESC, d0."domain" []
[90m↳ Tempmail.Mail.choose_domain/1, at: lib/tempmail/mail.ex:64[0m
[debug] Replied in 1ms
[debug] Live reload: lib/tempmail_web/live/home_live.ex
[debug] Live reload: lib/tempmail_web/live/home_live.ex
[debug] Live reload: lib/tempmail_web/live/home_live.ex
[debug] Live reload: lib/tempmail_web/components/layouts.ex
[debug] Live reload: lib/tempmail_web/components/layouts.ex
[debug] Live reload: lib/tempmail_web/components/layouts.ex
[info] GET /es
[debug] Processing with TempmailWeb.HomeLive.index/2
  Parameters: %{"locale" => "es"}
  Pipelines: [:browser]
[debug] QUERY OK source="domains" db=0.4ms idle=1638.0ms
SELECT d0."id", d0."domain", d0."is_active", d0."is_default", d0."mailcow_id", d0."description", d0."inserted_at", d0."updated_at" FROM "domains" AS d0 WHERE (d0."is_active" = TRUE) ORDER BY d0."is_default" DESC, d0."domain" []
[90m↳ TempmailWeb.HomeLive.mount/3, at: lib/tempmail_web/live/home_live.ex:18[0m
[info] Sent 200 in 1ms
[info] GET /es
[debug] Processing with TempmailWeb.HomeLive.index/2
  Parameters: %{"locale" => "es"}
  Pipelines: [:browser]
[debug] QUERY OK source="domains" db=0.4ms idle=1746.2ms
SELECT d0."id", d0."domain", d0."is_active", d0."is_default", d0."mailcow_id", d0."description", d0."inserted_at", d0."updated_at" FROM "domains" AS d0 WHERE (d0."is_active" = TRUE) ORDER BY d0."is_default" DESC, d0."domain" []
[90m↳ TempmailWeb.HomeLive.mount/3, at: lib/tempmail_web/live/home_live.ex:18[0m
[info] Sent 200 in 1ms

Rebuilding...
[info] GET /
[debug] Processing with TempmailWeb.HomeLive.index/2
  Parameters: %{}
  Pipelines: [:browser]
[debug] QUERY OK source="domains" db=0.4ms idle=915.1ms
SELECT d0."id", d0."domain", d0."is_active", d0."is_default", d0."mailcow_id", d0."description", d0."inserted_at", d0."updated_at" FROM "domains" AS d0 WHERE (d0."is_active" = TRUE) ORDER BY d0."is_default" DESC, d0."domain" []
[90m↳ TempmailWeb.HomeLive.mount/3, at: lib/tempmail_web/live/home_live.ex:18[0m
[info] Sent 200 in 1ms

Done in 61ms.

Rebuilding...
[info] CONNECTED TO Phoenix.LiveView.Socket in 0µs
  Transport: :websocket
  Serializer: Phoenix.Socket.V2.JSONSerializer
  Parameters: %{"_csrf_token" => "BSshCX9cHR1yFCUbGQ5-PhRFADotKzIrDribO5Kj5sTn-cIksh3NOiTr", "_live_referer" => "undefined", "_mount_attempts" => "0", "_mounts" => "0", "_track_static" => %{"0" => "http://127.0.0.1:4001/assets/app.css", "1" => "http://127.0.0.1:4001/assets/app.js"}, "vsn" => "2.0.0"}
[debug] MOUNT TempmailWeb.HomeLive
  Parameters: %{"locale" => "es"}
  Session: %{"_csrf_token" => "AYHk0iVwGgqu4m7Ug-3tbBfY"}
[debug] QUERY OK source="domains" db=0.4ms idle=1017.3ms
SELECT d0."id", d0."domain", d0."is_active", d0."is_default", d0."mailcow_id", d0."description", d0."inserted_at", d0."updated_at" FROM "domains" AS d0 WHERE (d0."is_active" = TRUE) ORDER BY d0."is_default" DESC, d0."domain" []
[90m↳ TempmailWeb.HomeLive.mount/3, at: lib/tempmail_web/live/home_live.ex:18[0m
[debug] QUERY OK source="domains" db=0.5ms idle=398.9ms
SELECT d0."id", d0."domain", d0."is_active", d0."is_default", d0."mailcow_id", d0."description", d0."inserted_at", d0."updated_at" FROM "domains" AS d0 WHERE (d0."is_active" = TRUE) ORDER BY d0."is_default" DESC, d0."domain" []
[90m↳ Tempmail.Mail.choose_domain/1, at: lib/tempmail/mail.ex:64[0m
[debug] Replied in 1ms

Done in 54ms.
[info] CONNECTED TO Phoenix.LiveView.Socket in 0µs
  Transport: :websocket
  Serializer: Phoenix.Socket.V2.JSONSerializer
  Parameters: %{"_csrf_token" => "PgQIC2EYZjlzBAUsCEIOMkQ1WS1dHx91hVXyW-TiCbDXm7tK3ykLnPhF", "_live_referer" => "undefined", "_mount_attempts" => "0", "_mounts" => "0", "_track_static" => %{"0" => "http://localhost:4001/assets/app.css", "1" => "http://localhost:4001/assets/app.js"}, "vsn" => "2.0.0"}
[debug] MOUNT TempmailWeb.HomeLive
  Parameters: %{"locale" => "es"}
  Session: %{"_csrf_token" => "VRPr652P0fAteuzywL2a3Ow3"}
[debug] QUERY OK source="domains" db=0.5ms queue=0.1ms idle=781.3ms
SELECT d0."id", d0."domain", d0."is_active", d0."is_default", d0."mailcow_id", d0."description", d0."inserted_at", d0."updated_at" FROM "domains" AS d0 WHERE (d0."is_active" = TRUE) ORDER BY d0."is_default" DESC, d0."domain" []
[90m↳ TempmailWeb.HomeLive.mount/3, at: lib/tempmail_web/live/home_live.ex:18[0m
[debug] QUERY OK source="domains" db=0.4ms idle=775.9ms
SELECT d0."id", d0."domain", d0."is_active", d0."is_default", d0."mailcow_id", d0."description", d0."inserted_at", d0."updated_at" FROM "domains" AS d0 WHERE (d0."is_active" = TRUE) ORDER BY d0."is_default" DESC, d0."domain" []
[90m↳ Tempmail.Mail.choose_domain/1, at: lib/tempmail/mail.ex:64[0m
[debug] Replied in 1ms
[info] CONNECTED TO Phoenix.LiveView.Socket in 0µs
  Transport: :websocket
  Serializer: Phoenix.Socket.V2.JSONSerializer
  Parameters: %{"_csrf_token" => "LmZpBEJzRTVWUxkVCQ80TAYrdBQLOBB9x49vtFwef5XalzN5qgFu8wgN", "_live_referer" => "undefined", "_mount_attempts" => "0", "_mounts" => "0", "_track_static" => %{"0" => "http://localhost:4001/assets/app.css", "1" => "http://localhost:4001/assets/app.js"}, "vsn" => "2.0.0"}
[debug] MOUNT TempmailWeb.HomeLive
  Parameters: %{}
  Session: %{"_csrf_token" => "VRPr652P0fAteuzywL2a3Ow3"}
[debug] QUERY OK source="domains" db=0.4ms idle=813.4ms
SELECT d0."id", d0."domain", d0."is_active", d0."is_default", d0."mailcow_id", d0."description", d0."inserted_at", d0."updated_at" FROM "domains" AS d0 WHERE (d0."is_active" = TRUE) ORDER BY d0."is_default" DESC, d0."domain" []
[90m↳ TempmailWeb.HomeLive.mount/3, at: lib/tempmail_web/live/home_live.ex:18[0m
[debug] QUERY OK source="domains" db=0.3ms queue=0.1ms idle=813.5ms
SELECT d0."id", d0."domain", d0."is_active", d0."is_default", d0."mailcow_id", d0."description", d0."inserted_at", d0."updated_at" FROM "domains" AS d0 WHERE (d0."is_active" = TRUE) ORDER BY d0."is_default" DESC, d0."domain" []
[90m↳ Tempmail.Mail.choose_domain/1, at: lib/tempmail/mail.ex:64[0m
[debug] Replied in 1ms
[info] GET /es
[debug] Processing with TempmailWeb.HomeLive.index/2
  Parameters: %{"locale" => "es"}
  Pipelines: [:browser]
[debug] QUERY OK source="domains" db=0.4ms queue=0.1ms idle=1093.4ms
SELECT d0."id", d0."domain", d0."is_active", d0."is_default", d0."mailcow_id", d0."description", d0."inserted_at", d0."updated_at" FROM "domains" AS d0 WHERE (d0."is_active" = TRUE) ORDER BY d0."is_default" DESC, d0."domain" []
[90m↳ TempmailWeb.HomeLive.mount/3, at: lib/tempmail_web/live/home_live.ex:18[0m
[info] Sent 200 in 1ms
[info] CONNECTED TO Phoenix.LiveView.Socket in 0µs
  Transport: :websocket
  Serializer: Phoenix.Socket.V2.JSONSerializer
  Parameters: %{"_csrf_token" => "GywxEwQ8HkEhUwgyVQJlFgJoWD8Qe1A_Zuyx4UH6f4yGaoRCeEkKr96f", "_live_referer" => "undefined", "_mount_attempts" => "0", "_mounts" => "0", "_track_static" => %{"0" => "http://127.0.0.1:4001/assets/app.css", "1" => "http://127.0.0.1:4001/assets/app.js"}, "vsn" => "2.0.0"}
[debug] MOUNT TempmailWeb.HomeLive
  Parameters: %{"locale" => "es"}
  Session: %{"_csrf_token" => "AYHk0iVwGgqu4m7Ug-3tbBfY"}
[debug] QUERY OK source="domains" db=0.3ms queue=0.1ms idle=1377.5ms
SELECT d0."id", d0."domain", d0."is_active", d0."is_default", d0."mailcow_id", d0."description", d0."inserted_at", d0."updated_at" FROM "domains" AS d0 WHERE (d0."is_active" = TRUE) ORDER BY d0."is_default" DESC, d0."domain" []
[90m↳ TempmailWeb.HomeLive.mount/3, at: lib/tempmail_web/live/home_live.ex:18[0m
[debug] QUERY OK source="domains" db=0.2ms queue=0.1ms idle=1378.0ms
SELECT d0."id", d0."domain", d0."is_active", d0."is_default", d0."mailcow_id", d0."description", d0."inserted_at", d0."updated_at" FROM "domains" AS d0 WHERE (d0."is_active" = TRUE) ORDER BY d0."is_default" DESC, d0."domain" []
[90m↳ Tempmail.Mail.choose_domain/1, at: lib/tempmail/mail.ex:64[0m
[debug] Replied in 1ms
[debug] HANDLE EVENT "generate" in TempmailWeb.HomeLive
  Parameters: %{"domain" => ""}
[debug] QUERY OK source="domains" db=0.3ms queue=0.1ms idle=1221.8ms
SELECT d0."id", d0."domain", d0."is_active", d0."is_default", d0."mailcow_id", d0."description", d0."inserted_at", d0."updated_at" FROM "domains" AS d0 WHERE (d0."is_active" = TRUE) ORDER BY d0."is_default" DESC, d0."domain" []
[90m↳ Tempmail.Mail.choose_domain/1, at: lib/tempmail/mail.ex:64[0m
[debug] Replied in 716µs
[debug] Live reload: lib/tempmail_web/live/home_live.html.heex
[debug] Live reload: lib/tempmail_web/live/home_live.html.heex
[debug] Live reload: lib/tempmail_web/live/home_live.html.heex
[debug] Live reload: lib/tempmail_web/live/home_live.html.heex
[debug] Live reload: lib/tempmail_web/live/home_live.html.heex
[debug] Live reload: lib/tempmail_web/live/home_live.html.heex
[debug] Live reload: lib/tempmail_web/live/home_live.ex
[debug] Live reload: lib/tempmail_web/live/home_live.ex
[debug] Live reload: lib/tempmail_web/live/home_live.ex
Compiling 1 file (.ex)
Generated tempmail app
[info] GET /es
[debug] Processing with TempmailWeb.HomeLive.index/2
  Parameters: %{"locale" => "es"}
  Pipelines: [:browser]
[debug] QUERY OK source="domains" db=0.3ms idle=198.6ms
SELECT d0."id", d0."domain", d0."is_active", d0."is_default", d0."mailcow_id", d0."description", d0."inserted_at", d0."updated_at" FROM "domains" AS d0 WHERE (d0."is_active" = TRUE) ORDER BY d0."is_default" DESC, d0."domain" []
[90m↳ TempmailWeb.HomeLive.mount/3, at: lib/tempmail_web/live/home_live.ex:18[0m
[info] Sent 200 in 4ms

Rebuilding...

Done in 42ms.
[info] CONNECTED TO Phoenix.LiveView.Socket in 102µs
  Transport: :websocket
  Serializer: Phoenix.Socket.V2.JSONSerializer
  Parameters: %{"_csrf_token" => "Jz99KEoqAyRxN1wEehUaYSUeRCMoMC8Aff5CzCUS6P-qNx-4B3wWJrIY", "_live_referer" => "undefined", "_mount_attempts" => "0", "_mounts" => "0", "_track_static" => %{"0" => "http://127.0.0.1:4001/assets/app.css", "1" => "http://127.0.0.1:4001/assets/app.js"}, "vsn" => "2.0.0"}
[debug] MOUNT TempmailWeb.HomeLive
  Parameters: %{"locale" => "es"}
  Session: %{"_csrf_token" => "AYHk0iVwGgqu4m7Ug-3tbBfY"}
[debug] QUERY OK source="domains" db=0.4ms queue=0.1ms idle=488.7ms
SELECT d0."id", d0."domain", d0."is_active", d0."is_default", d0."mailcow_id", d0."description", d0."inserted_at", d0."updated_at" FROM "domains" AS d0 WHERE (d0."is_active" = TRUE) ORDER BY d0."is_default" DESC, d0."domain" []
[90m↳ TempmailWeb.HomeLive.mount/3, at: lib/tempmail_web/live/home_live.ex:18[0m
[debug] QUERY OK source="domains" db=0.3ms queue=0.1ms idle=489.3ms
SELECT d0."id", d0."domain", d0."is_active", d0."is_default", d0."mailcow_id", d0."description", d0."inserted_at", d0."updated_at" FROM "domains" AS d0 WHERE (d0."is_active" = TRUE) ORDER BY d0."is_default" DESC, d0."domain" []
[90m↳ Tempmail.Mail.choose_domain/1, at: lib/tempmail/mail.ex:64[0m
[debug] QUERY OK db=0.3ms idle=499.0ms
begin []
[90m↳ Tempmail.Mail.increment_stat/1, at: lib/tempmail/mail.ex:485[0m

Rebuilding...
[debug] QUERY OK source="email_stats" db=3.0ms
SELECT e0."id", e0."date", e0."generated", e0."received", e0."domain_id", e0."inserted_at" FROM "email_stats" AS e0 WHERE ((e0."date" = $1) AND (e0."domain_id" IS NULL)) LIMIT 1 [~D[2026-05-15]]
[90m↳ anonymous fn/3 in Ecto.Adapters.SQL.checkout_or_transaction/4, at: lib/ecto/adapters/sql.ex:1473[0m
[debug] QUERY OK source="email_stats" db=1.5ms
INSERT INTO "email_stats" ("date","generated","received","inserted_at","id") VALUES ($1,$2,$3,$4,$5) [~D[2026-05-15], 1, 0, ~U[2026-05-15 17:21:11Z], "343f06a0-8f2f-439d-8066-7f6f30b032e3"]
[90m↳ anonymous fn/3 in Ecto.Adapters.SQL.checkout_or_transaction/4, at: lib/ecto/adapters/sql.ex:1473[0m
[debug] QUERY OK db=0.7ms
commit []
[90m↳ Tempmail.Mail.increment_stat/1, at: lib/tempmail/mail.ex:485[0m
[debug] Replied in 38ms

Done in 39ms.
[info] GET /
[debug] Processing with TempmailWeb.HomeLive.index/2
  Parameters: %{}
  Pipelines: [:browser]
[info] GET /es
[debug] Processing with TempmailWeb.HomeLive.index/2
  Parameters: %{"locale" => "es"}
  Pipelines: [:browser]
[debug] QUERY OK source="domains" db=0.2ms idle=378.8ms
SELECT d0."id", d0."domain", d0."is_active", d0."is_default", d0."mailcow_id", d0."description", d0."inserted_at", d0."updated_at" FROM "domains" AS d0 WHERE (d0."is_active" = TRUE) ORDER BY d0."is_default" DESC, d0."domain" []
[90m↳ TempmailWeb.HomeLive.mount/3, at: lib/tempmail_web/live/home_live.ex:18[0m
[debug] QUERY OK source="domains" db=0.2ms idle=377.2ms
SELECT d0."id", d0."domain", d0."is_active", d0."is_default", d0."mailcow_id", d0."description", d0."inserted_at", d0."updated_at" FROM "domains" AS d0 WHERE (d0."is_active" = TRUE) ORDER BY d0."is_default" DESC, d0."domain" []
[90m↳ TempmailWeb.HomeLive.mount/3, at: lib/tempmail_web/live/home_live.ex:18[0m
[info] Sent 200 in 1ms
[info] Sent 200 in 1ms
[info] CONNECTED TO Phoenix.LiveView.Socket in 0µs
  Transport: :websocket
  Serializer: Phoenix.Socket.V2.JSONSerializer
  Parameters: %{"_csrf_token" => "FWQCCHpwYmVXUxE_VCNCFhZ_dj5kFQVlC6RzLEP5g5PK1V8oa3D_WZrV", "_live_referer" => "undefined", "_mount_attempts" => "0", "_mounts" => "0", "_track_static" => %{"0" => "http://localhost:4001/assets/app.css", "1" => "http://localhost:4001/assets/app.js"}, "vsn" => "2.0.0"}
[debug] MOUNT TempmailWeb.HomeLive
  Parameters: %{"locale" => "es"}
  Session: %{"_csrf_token" => "VRPr652P0fAteuzywL2a3Ow3"}
[debug] QUERY OK source="domains" db=0.4ms idle=1031.8ms
SELECT d0."id", d0."domain", d0."is_active", d0."is_default", d0."mailcow_id", d0."description", d0."inserted_at", d0."updated_at" FROM "domains" AS d0 WHERE (d0."is_active" = TRUE) ORDER BY d0."is_default" DESC, d0."domain" []
[90m↳ TempmailWeb.HomeLive.mount/3, at: lib/tempmail_web/live/home_live.ex:18[0m
[debug] QUERY OK source="domains" db=0.3ms idle=742.1ms
SELECT d0."id", d0."domain", d0."is_active", d0."is_default", d0."mailcow_id", d0."description", d0."inserted_at", d0."updated_at" FROM "domains" AS d0 WHERE (d0."is_active" = TRUE) ORDER BY d0."is_default" DESC, d0."domain" []
[90m↳ Tempmail.Mail.choose_domain/1, at: lib/tempmail/mail.ex:64[0m
[debug] QUERY OK db=0.1ms queue=0.1ms idle=745.0ms
begin []
[90m↳ Tempmail.Mail.increment_stat/1, at: lib/tempmail/mail.ex:485[0m
[debug] QUERY OK source="email_stats" db=1.2ms
SELECT e0."id", e0."date", e0."generated", e0."received", e0."domain_id", e0."inserted_at" FROM "email_stats" AS e0 WHERE ((e0."date" = $1) AND (e0."domain_id" IS NULL)) LIMIT 1 [~D[2026-05-15]]
[90m↳ anonymous fn/3 in Ecto.Adapters.SQL.checkout_or_transaction/4, at: lib/ecto/adapters/sql.ex:1473[0m
[debug] QUERY OK source="email_stats" db=0.5ms
UPDATE "email_stats" SET "generated" = $1 WHERE "id" = $2 [2, "343f06a0-8f2f-439d-8066-7f6f30b032e3"]
[90m↳ anonymous fn/3 in Ecto.Adapters.SQL.checkout_or_transaction/4, at: lib/ecto/adapters/sql.ex:1473[0m
[debug] QUERY OK db=1.2ms
commit []
[90m↳ Tempmail.Mail.increment_stat/1, at: lib/tempmail/mail.ex:485[0m
[debug] Replied in 8ms
[info] CONNECTED TO Phoenix.LiveView.Socket in 0µs
  Transport: :websocket
  Serializer: Phoenix.Socket.V2.JSONSerializer
  Parameters: %{"_csrf_token" => "JiAEOFcYSz1mAw5FKAUAKFoWeixQA0RBprTJa-ymVeO1MpzQ-ZHMcL3r", "_live_referer" => "undefined", "_mount_attempts" => "0", "_mounts" => "0", "_track_static" => %{"0" => "http://localhost:4001/assets/app.css", "1" => "http://localhost:4001/assets/app.js"}, "vsn" => "2.0.0"}
[debug] MOUNT TempmailWeb.HomeLive
  Parameters: %{}
  Session: %{"_csrf_token" => "VRPr652P0fAteuzywL2a3Ow3"}
[debug] QUERY OK source="domains" db=0.4ms queue=0.1ms idle=1111.9ms
SELECT d0."id", d0."domain", d0."is_active", d0."is_default", d0."mailcow_id", d0."description", d0."inserted_at", d0."updated_at" FROM "domains" AS d0 WHERE (d0."is_active" = TRUE) ORDER BY d0."is_default" DESC, d0."domain" []
[90m↳ TempmailWeb.HomeLive.mount/3, at: lib/tempmail_web/live/home_live.ex:18[0m
[debug] QUERY OK source="domains" db=0.4ms idle=1069.8ms
SELECT d0."id", d0."domain", d0."is_active", d0."is_default", d0."mailcow_id", d0."description", d0."inserted_at", d0."updated_at" FROM "domains" AS d0 WHERE (d0."is_active" = TRUE) ORDER BY d0."is_default" DESC, d0."domain" []
[90m↳ Tempmail.Mail.choose_domain/1, at: lib/tempmail/mail.ex:64[0m
[debug] QUERY OK db=0.2ms queue=0.1ms idle=1073.1ms
begin []
[90m↳ Tempmail.Mail.increment_stat/1, at: lib/tempmail/mail.ex:485[0m
[debug] QUERY OK source="email_stats" db=1.5ms
SELECT e0."id", e0."date", e0."generated", e0."received", e0."domain_id", e0."inserted_at" FROM "email_stats" AS e0 WHERE ((e0."date" = $1) AND (e0."domain_id" IS NULL)) LIMIT 1 [~D[2026-05-15]]
[90m↳ anonymous fn/3 in Ecto.Adapters.SQL.checkout_or_transaction/4, at: lib/ecto/adapters/sql.ex:1473[0m
[debug] QUERY OK source="email_stats" db=0.7ms
UPDATE "email_stats" SET "generated" = $1 WHERE "id" = $2 [3, "343f06a0-8f2f-439d-8066-7f6f30b032e3"]
[90m↳ anonymous fn/3 in Ecto.Adapters.SQL.checkout_or_transaction/4, at: lib/ecto/adapters/sql.ex:1473[0m
[debug] QUERY OK db=0.6ms
commit []
[90m↳ Tempmail.Mail.increment_stat/1, at: lib/tempmail/mail.ex:485[0m
[debug] Replied in 8ms
[debug] Live reload: lib/tempmail_web/live/home_live.html.heex
[debug] Live reload: lib/tempmail_web/live/home_live.html.heex
[debug] Live reload: lib/tempmail_web/live/home_live.html.heex
[debug] Live reload: lib/tempmail_web/live/home_live.html.heex
[debug] Live reload: lib/tempmail_web/live/home_live.html.heex
[debug] Live reload: lib/tempmail_web/live/home_live.html.heex
[debug] Live reload: lib/tempmail_web/live/home_live.ex
[debug] Live reload: lib/tempmail_web/live/home_live.ex
[debug] Live reload: lib/tempmail_web/live/home_live.ex
Compiling 1 file (.ex)
[debug] warning: undefined handle_info in TempmailWeb.HomeLive. Unhandled message: :tick
[debug] warning: undefined handle_info in TempmailWeb.HomeLive. Unhandled message: :tick
Generated tempmail app
[info] GET /es
[debug] Processing with TempmailWeb.HomeLive.index/2
  Parameters: %{"locale" => "es"}
  Pipelines: [:browser]
[debug] QUERY OK source="domains" db=0.3ms idle=1990.5ms
SELECT d0."id", d0."domain", d0."is_active", d0."is_default", d0."mailcow_id", d0."description", d0."inserted_at", d0."updated_at" FROM "domains" AS d0 WHERE (d0."is_active" = TRUE) ORDER BY d0."is_default" DESC, d0."domain" []
[90m↳ TempmailWeb.HomeLive.mount/3, at: lib/tempmail_web/live/home_live.ex:18[0m
[info] Sent 200 in 6ms
[info] GET /es
[debug] Processing with TempmailWeb.HomeLive.index/2
  Parameters: %{"locale" => "es"}
  Pipelines: [:browser]
[debug] QUERY OK source="domains" db=0.5ms idle=1215.2ms
SELECT d0."id", d0."domain", d0."is_active", d0."is_default", d0."mailcow_id", d0."description", d0."inserted_at", d0."updated_at" FROM "domains" AS d0 WHERE (d0."is_active" = TRUE) ORDER BY d0."is_default" DESC, d0."domain" []
[90m↳ TempmailWeb.HomeLive.mount/3, at: lib/tempmail_web/live/home_live.ex:18[0m
[info] Sent 200 in 1ms
[info] CONNECTED TO Phoenix.LiveView.Socket in 0µs
  Transport: :websocket
  Serializer: Phoenix.Socket.V2.JSONSerializer
  Parameters: %{"_csrf_token" => "ID8gDkMPB0QgJSIZXh9iEQNmakANIDUAafhesfQ3gBSljrUDdKY4obSY", "_live_referer" => "undefined", "_mount_attempts" => "0", "_mounts" => "0", "_track_static" => %{"0" => "http://127.0.0.1:4001/assets/app.css", "1" => "http://127.0.0.1:4001/assets/app.js"}, "vsn" => "2.0.0"}
[debug] MOUNT TempmailWeb.HomeLive
  Parameters: %{"locale" => "es"}
  Session: %{"_csrf_token" => "AYHk0iVwGgqu4m7Ug-3tbBfY"}
[debug] QUERY OK source="domains" db=0.3ms idle=1341.0ms
SELECT d0."id", d0."domain", d0."is_active", d0."is_default", d0."mailcow_id", d0."description", d0."inserted_at", d0."updated_at" FROM "domains" AS d0 WHERE (d0."is_active" = TRUE) ORDER BY d0."is_default" DESC, d0."domain" []
[90m↳ TempmailWeb.HomeLive.mount/3, at: lib/tempmail_web/live/home_live.ex:18[0m
[debug] QUERY OK source="domains" db=0.3ms idle=357.3ms
SELECT d0."id", d0."domain", d0."is_active", d0."is_default", d0."mailcow_id", d0."description", d0."inserted_at", d0."updated_at" FROM "domains" AS d0 WHERE (d0."is_active" = TRUE) ORDER BY d0."is_default" DESC, d0."domain" []
[90m↳ Tempmail.Mail.choose_domain/1, at: lib/tempmail/mail.ex:64[0m
[info] GET /
[debug] Processing with TempmailWeb.HomeLive.index/2
  Parameters: %{}
  Pipelines: [:browser]
[debug] QUERY OK source="domains" db=0.4ms idle=358.2ms
SELECT d0."id", d0."domain", d0."is_active", d0."is_default", d0."mailcow_id", d0."description", d0."inserted_at", d0."updated_at" FROM "domains" AS d0 WHERE (d0."is_active" = TRUE) ORDER BY d0."is_default" DESC, d0."domain" []
[90m↳ TempmailWeb.HomeLive.mount/3, at: lib/tempmail_web/live/home_live.ex:18[0m
[debug] QUERY OK db=0.3ms idle=355.8ms
begin []
[90m↳ Tempmail.Mail.increment_stat/1, at: lib/tempmail/mail.ex:485[0m
[info] Sent 200 in 1ms
[debug] QUERY OK source="email_stats" db=1.8ms decode=0.1ms
SELECT e0."id", e0."date", e0."generated", e0."received", e0."domain_id", e0."inserted_at" FROM "email_stats" AS e0 WHERE ((e0."date" = $1) AND (e0."domain_id" IS NULL)) LIMIT 1 [~D[2026-05-15]]
[90m↳ anonymous fn/3 in Ecto.Adapters.SQL.checkout_or_transaction/4, at: lib/ecto/adapters/sql.ex:1473[0m
[debug] QUERY OK source="email_stats" db=0.7ms
UPDATE "email_stats" SET "generated" = $1 WHERE "id" = $2 [4, "343f06a0-8f2f-439d-8066-7f6f30b032e3"]
[90m↳ anonymous fn/3 in Ecto.Adapters.SQL.checkout_or_transaction/4, at: lib/ecto/adapters/sql.ex:1473[0m
[debug] QUERY OK db=0.7ms
commit []
[90m↳ Tempmail.Mail.increment_stat/1, at: lib/tempmail/mail.ex:485[0m
[debug] Replied in 9ms
[info] CONNECTED TO Phoenix.LiveView.Socket in 0µs
  Transport: :websocket
  Serializer: Phoenix.Socket.V2.JSONSerializer
  Parameters: %{"_csrf_token" => "IjEVEH5cdDxZCQYAB0A-OjQHcTlGBwVqtcEbHiFlioGtb5DCCKCXuHrY", "_live_referer" => "undefined", "_mount_attempts" => "0", "_mounts" => "0", "_track_static" => %{"0" => "http://localhost:4001/assets/app.css", "1" => "http://localhost:4001/assets/app.js"}, "vsn" => "2.0.0"}
[debug] MOUNT TempmailWeb.HomeLive
  Parameters: %{"locale" => "es"}
  Session: %{"_csrf_token" => "VRPr652P0fAteuzywL2a3Ow3"}
[debug] QUERY OK source="domains" db=0.4ms queue=0.1ms idle=1279.4ms
SELECT d0."id", d0."domain", d0."is_active", d0."is_default", d0."mailcow_id", d0."description", d0."inserted_at", d0."updated_at" FROM "domains" AS d0 WHERE (d0."is_active" = TRUE) ORDER BY d0."is_default" DESC, d0."domain" []
[90m↳ TempmailWeb.HomeLive.mount/3, at: lib/tempmail_web/live/home_live.ex:18[0m
[debug] QUERY OK source="domains" db=0.3ms queue=0.1ms idle=1071.5ms
SELECT d0."id", d0."domain", d0."is_active", d0."is_default", d0."mailcow_id", d0."description", d0."inserted_at", d0."updated_at" FROM "domains" AS d0 WHERE (d0."is_active" = TRUE) ORDER BY d0."is_default" DESC, d0."domain" []
[90m↳ Tempmail.Mail.choose_domain/1, at: lib/tempmail/mail.ex:64[0m
[debug] QUERY OK db=0.2ms idle=1076.0ms
begin []
[90m↳ Tempmail.Mail.increment_stat/1, at: lib/tempmail/mail.ex:485[0m
[debug] QUERY OK source="email_stats" db=0.3ms
SELECT e0."id", e0."date", e0."generated", e0."received", e0."domain_id", e0."inserted_at" FROM "email_stats" AS e0 WHERE ((e0."date" = $1) AND (e0."domain_id" IS NULL)) LIMIT 1 [~D[2026-05-15]]
[90m↳ anonymous fn/3 in Ecto.Adapters.SQL.checkout_or_transaction/4, at: lib/ecto/adapters/sql.ex:1473[0m
[debug] QUERY OK source="email_stats" db=0.4ms
UPDATE "email_stats" SET "generated" = $1 WHERE "id" = $2 [5, "343f06a0-8f2f-439d-8066-7f6f30b032e3"]
[90m↳ anonymous fn/3 in Ecto.Adapters.SQL.checkout_or_transaction/4, at: lib/ecto/adapters/sql.ex:1473[0m
[debug] QUERY OK db=0.3ms
commit []
[90m↳ Tempmail.Mail.increment_stat/1, at: lib/tempmail/mail.ex:485[0m
[debug] Replied in 7ms
[info] CONNECTED TO Phoenix.LiveView.Socket in 0µs
  Transport: :websocket
  Serializer: Phoenix.Socket.V2.JSONSerializer
  Parameters: %{"_csrf_token" => "HTEoJFxgVTFZSyI9HRBCGkclUTVaDhJDKcxVjUgai-cIxe8c0icTiAep", "_live_referer" => "undefined", "_mount_attempts" => "0", "_mounts" => "0", "_track_static" => %{"0" => "http://localhost:4001/assets/app.css", "1" => "http://localhost:4001/assets/app.js"}, "vsn" => "2.0.0"}
[debug] MOUNT TempmailWeb.HomeLive
  Parameters: %{}
  Session: %{"_csrf_token" => "VRPr652P0fAteuzywL2a3Ow3"}
[debug] QUERY OK source="domains" db=0.3ms idle=1647.9ms
SELECT d0."id", d0."domain", d0."is_active", d0."is_default", d0."mailcow_id", d0."description", d0."inserted_at", d0."updated_at" FROM "domains" AS d0 WHERE (d0."is_active" = TRUE) ORDER BY d0."is_default" DESC, d0."domain" []
[90m↳ TempmailWeb.HomeLive.mount/3, at: lib/tempmail_web/live/home_live.ex:18[0m
[debug] QUERY OK source="domains" db=0.2ms idle=1523.8ms
SELECT d0."id", d0."domain", d0."is_active", d0."is_default", d0."mailcow_id", d0."description", d0."inserted_at", d0."updated_at" FROM "domains" AS d0 WHERE (d0."is_active" = TRUE) ORDER BY d0."is_default" DESC, d0."domain" []
[90m↳ Tempmail.Mail.choose_domain/1, at: lib/tempmail/mail.ex:64[0m
[debug] QUERY OK db=0.3ms idle=1527.9ms
begin []
[90m↳ Tempmail.Mail.increment_stat/1, at: lib/tempmail/mail.ex:485[0m
[debug] QUERY OK source="email_stats" db=2.7ms
SELECT e0."id", e0."date", e0."generated", e0."received", e0."domain_id", e0."inserted_at" FROM "email_stats" AS e0 WHERE ((e0."date" = $1) AND (e0."domain_id" IS NULL)) LIMIT 1 [~D[2026-05-15]]
[90m↳ anonymous fn/3 in Ecto.Adapters.SQL.checkout_or_transaction/4, at: lib/ecto/adapters/sql.ex:1473[0m
[debug] QUERY OK source="email_stats" db=1.1ms
UPDATE "email_stats" SET "generated" = $1 WHERE "id" = $2 [6, "343f06a0-8f2f-439d-8066-7f6f30b032e3"]
[90m↳ anonymous fn/3 in Ecto.Adapters.SQL.checkout_or_transaction/4, at: lib/ecto/adapters/sql.ex:1473[0m
[debug] QUERY OK db=1.0ms
commit []
[90m↳ Tempmail.Mail.increment_stat/1, at: lib/tempmail/mail.ex:485[0m
[debug] Replied in 12ms

Rebuilding...

Done in 45ms.

Rebuilding...

Done in 34ms.
[debug] Live reload: lib/tempmail_web/live/home_live.html.heex
[debug] Live reload: lib/tempmail_web/live/home_live.html.heex
[debug] Live reload: lib/tempmail_web/live/home_live.html.heex
[debug] Live reload: lib/tempmail_web/live/home_live.html.heex
[debug] Live reload: lib/tempmail_web/live/home_live.html.heex
[debug] Live reload: lib/tempmail_web/live/home_live.html.heex
[debug] Live reload: lib/tempmail_web/live/home_live.ex
[debug] Live reload: lib/tempmail_web/live/home_live.ex
[debug] Live reload: lib/tempmail_web/live/home_live.ex
Compiling 1 file (.ex)
[debug] warning: undefined handle_info in TempmailWeb.HomeLive. Unhandled message: :tick
[debug] warning: undefined handle_info in TempmailWeb.HomeLive. Unhandled message: :tick
Generated tempmail app
[info] GET /es
[debug] Processing with TempmailWeb.HomeLive.index/2
  Parameters: %{"locale" => "es"}
  Pipelines: [:browser]
[debug] QUERY OK source="domains" db=0.4ms queue=0.1ms idle=1782.4ms
SELECT d0."id", d0."domain", d0."is_active", d0."is_default", d0."mailcow_id", d0."description", d0."inserted_at", d0."updated_at" FROM "domains" AS d0 WHERE (d0."is_active" = TRUE) ORDER BY d0."is_default" DESC, d0."domain" []
[90m↳ TempmailWeb.HomeLive.mount/3, at: lib/tempmail_web/live/home_live.ex:18[0m
[info] Sent 200 in 7ms
[info] GET /es
[debug] Processing with TempmailWeb.HomeLive.index/2
  Parameters: %{"locale" => "es"}
  Pipelines: [:browser]
[info] GET /
[debug] Processing with TempmailWeb.HomeLive.index/2
  Parameters: %{}
  Pipelines: [:browser]
[debug] QUERY OK source="domains" db=0.7ms queue=0.1ms idle=903.1ms
SELECT d0."id", d0."domain", d0."is_active", d0."is_default", d0."mailcow_id", d0."description", d0."inserted_at", d0."updated_at" FROM "domains" AS d0 WHERE (d0."is_active" = TRUE) ORDER BY d0."is_default" DESC, d0."domain" []
[90m↳ TempmailWeb.HomeLive.mount/3, at: lib/tempmail_web/live/home_live.ex:18[0m
[debug] QUERY OK source="domains" db=0.7ms idle=903.8ms
SELECT d0."id", d0."domain", d0."is_active", d0."is_default", d0."mailcow_id", d0."description", d0."inserted_at", d0."updated_at" FROM "domains" AS d0 WHERE (d0."is_active" = TRUE) ORDER BY d0."is_default" DESC, d0."domain" []
[90m↳ TempmailWeb.HomeLive.mount/3, at: lib/tempmail_web/live/home_live.ex:18[0m
[info] Sent 200 in 2ms
[info] Sent 200 in 2ms

Rebuilding...

Done in 74ms.

Rebuilding...

Done in 57ms.
[info] CONNECTED TO Phoenix.LiveView.Socket in 0µs
  Transport: :websocket
  Serializer: Phoenix.Socket.V2.JSONSerializer
  Parameters: %{"_csrf_token" => "AgsPWlwxGhZ0LC4sBQBdbA5EXDEkNV8oCRG1lXLa3K_Y1mj9iioEFw9q", "_live_referer" => "undefined", "_mount_attempts" => "0", "_mounts" => "0", "_track_static" => %{"0" => "http://127.0.0.1:4001/assets/app.css", "1" => "http://127.0.0.1:4001/assets/app.js"}, "vsn" => "2.0.0"}
[debug] MOUNT TempmailWeb.HomeLive
  Parameters: %{"locale" => "es"}
  Session: %{"_csrf_token" => "AYHk0iVwGgqu4m7Ug-3tbBfY"}
[debug] QUERY OK source="domains" db=0.3ms queue=0.1ms idle=1100.7ms
SELECT d0."id", d0."domain", d0."is_active", d0."is_default", d0."mailcow_id", d0."description", d0."inserted_at", d0."updated_at" FROM "domains" AS d0 WHERE (d0."is_active" = TRUE) ORDER BY d0."is_default" DESC, d0."domain" []
[90m↳ TempmailWeb.HomeLive.mount/3, at: lib/tempmail_web/live/home_live.ex:18[0m
[debug] QUERY OK source="domains" db=0.3ms idle=328.8ms
SELECT d0."id", d0."domain", d0."is_active", d0."is_default", d0."mailcow_id", d0."description", d0."inserted_at", d0."updated_at" FROM "domains" AS d0 WHERE (d0."is_active" = TRUE) ORDER BY d0."is_default" DESC, d0."domain" []
[90m↳ Tempmail.Mail.choose_domain/1, at: lib/tempmail/mail.ex:64[0m
[debug] QUERY OK db=0.2ms queue=0.1ms idle=330.9ms
begin []
[90m↳ Tempmail.Mail.increment_stat/1, at: lib/tempmail/mail.ex:485[0m
[debug] QUERY OK source="email_stats" db=0.3ms
SELECT e0."id", e0."date", e0."generated", e0."received", e0."domain_id", e0."inserted_at" FROM "email_stats" AS e0 WHERE ((e0."date" = $1) AND (e0."domain_id" IS NULL)) LIMIT 1 [~D[2026-05-15]]
[90m↳ anonymous fn/3 in Ecto.Adapters.SQL.checkout_or_transaction/4, at: lib/ecto/adapters/sql.ex:1473[0m
[debug] QUERY OK source="email_stats" db=0.7ms
UPDATE "email_stats" SET "generated" = $1 WHERE "id" = $2 [7, "343f06a0-8f2f-439d-8066-7f6f30b032e3"]
[90m↳ anonymous fn/3 in Ecto.Adapters.SQL.checkout_or_transaction/4, at: lib/ecto/adapters/sql.ex:1473[0m
[debug] QUERY OK db=0.4ms
commit []
[90m↳ Tempmail.Mail.increment_stat/1, at: lib/tempmail/mail.ex:485[0m
[debug] Replied in 7ms
[info] CONNECTED TO Phoenix.LiveView.Socket in 0µs
  Transport: :websocket
  Serializer: Phoenix.Socket.V2.JSONSerializer
  Parameters: %{"_csrf_token" => "GBMREH9gZTpZPxFACRcjICglYylcJShlNAAbIUWjiYP4lbYY_iQHoj_V", "_live_referer" => "undefined", "_mount_attempts" => "0", "_mounts" => "0", "_track_static" => %{"0" => "http://localhost:4001/assets/app.css", "1" => "http://localhost:4001/assets/app.js"}, "vsn" => "2.0.0"}
[info] CONNECTED TO Phoenix.LiveView.Socket in 102µs
  Transport: :websocket
  Serializer: Phoenix.Socket.V2.JSONSerializer
  Parameters: %{"_csrf_token" => "eygPOnMNXzpZXwRDBwUOAUQcfylLfU5Q-z_HE8mji9E7bptx3PMHx29c", "_live_referer" => "undefined", "_mount_attempts" => "0", "_mounts" => "0", "_track_static" => %{"0" => "http://localhost:4001/assets/app.css", "1" => "http://localhost:4001/assets/app.js"}, "vsn" => "2.0.0"}
[debug] MOUNT TempmailWeb.HomeLive
  Parameters: %{"locale" => "es"}
  Session: %{"_csrf_token" => "VRPr652P0fAteuzywL2a3Ow3"}
[debug] QUERY OK source="domains" db=0.3ms queue=0.1ms idle=914.1ms
SELECT d0."id", d0."domain", d0."is_active", d0."is_default", d0."mailcow_id", d0."description", d0."inserted_at", d0."updated_at" FROM "domains" AS d0 WHERE (d0."is_active" = TRUE) ORDER BY d0."is_default" DESC, d0."domain" []
[90m↳ TempmailWeb.HomeLive.mount/3, at: lib/tempmail_web/live/home_live.ex:18[0m
[debug] QUERY OK source="domains" db=0.2ms idle=797.3ms
SELECT d0."id", d0."domain", d0."is_active", d0."is_default", d0."mailcow_id", d0."description", d0."inserted_at", d0."updated_at" FROM "domains" AS d0 WHERE (d0."is_active" = TRUE) ORDER BY d0."is_default" DESC, d0."domain" []
[90m↳ Tempmail.Mail.choose_domain/1, at: lib/tempmail/mail.ex:64[0m
[debug] QUERY OK db=0.3ms idle=800.0ms
begin []
[90m↳ Tempmail.Mail.increment_stat/1, at: lib/tempmail/mail.ex:485[0m
[debug] QUERY OK source="email_stats" db=1.7ms
SELECT e0."id", e0."date", e0."generated", e0."received", e0."domain_id", e0."inserted_at" FROM "email_stats" AS e0 WHERE ((e0."date" = $1) AND (e0."domain_id" IS NULL)) LIMIT 1 [~D[2026-05-15]]
[90m↳ anonymous fn/3 in Ecto.Adapters.SQL.checkout_or_transaction/4, at: lib/ecto/adapters/sql.ex:1473[0m
[debug] QUERY OK source="email_stats" db=0.6ms
UPDATE "email_stats" SET "generated" = $1 WHERE "id" = $2 [8, "343f06a0-8f2f-439d-8066-7f6f30b032e3"]
[90m↳ anonymous fn/3 in Ecto.Adapters.SQL.checkout_or_transaction/4, at: lib/ecto/adapters/sql.ex:1473[0m
[debug] QUERY OK db=0.4ms
commit []
[90m↳ Tempmail.Mail.increment_stat/1, at: lib/tempmail/mail.ex:485[0m
[debug] Replied in 7ms
[debug] MOUNT TempmailWeb.HomeLive
  Parameters: %{}
  Session: %{"_csrf_token" => "VRPr652P0fAteuzywL2a3Ow3"}
[debug] QUERY OK source="domains" db=0.4ms idle=1028.9ms
SELECT d0."id", d0."domain", d0."is_active", d0."is_default", d0."mailcow_id", d0."description", d0."inserted_at", d0."updated_at" FROM "domains" AS d0 WHERE (d0."is_active" = TRUE) ORDER BY d0."is_default" DESC, d0."domain" []
[90m↳ TempmailWeb.HomeLive.mount/3, at: lib/tempmail_web/live/home_live.ex:18[0m
[debug] QUERY OK source="domains" db=0.2ms queue=0.1ms idle=1029.2ms
SELECT d0."id", d0."domain", d0."is_active", d0."is_default", d0."mailcow_id", d0."description", d0."inserted_at", d0."updated_at" FROM "domains" AS d0 WHERE (d0."is_active" = TRUE) ORDER BY d0."is_default" DESC, d0."domain" []
[90m↳ Tempmail.Mail.choose_domain/1, at: lib/tempmail/mail.ex:64[0m
[debug] QUERY OK db=0.3ms idle=1028.5ms
begin []
[90m↳ Tempmail.Mail.increment_stat/1, at: lib/tempmail/mail.ex:485[0m
[debug] QUERY OK source="email_stats" db=0.4ms
SELECT e0."id", e0."date", e0."generated", e0."received", e0."domain_id", e0."inserted_at" FROM "email_stats" AS e0 WHERE ((e0."date" = $1) AND (e0."domain_id" IS NULL)) LIMIT 1 [~D[2026-05-15]]
[90m↳ anonymous fn/3 in Ecto.Adapters.SQL.checkout_or_transaction/4, at: lib/ecto/adapters/sql.ex:1473[0m
[debug] QUERY OK source="email_stats" db=0.4ms
UPDATE "email_stats" SET "generated" = $1 WHERE "id" = $2 [9, "343f06a0-8f2f-439d-8066-7f6f30b032e3"]
[90m↳ anonymous fn/3 in Ecto.Adapters.SQL.checkout_or_transaction/4, at: lib/ecto/adapters/sql.ex:1473[0m
[debug] QUERY OK db=0.3ms
commit []
[90m↳ Tempmail.Mail.increment_stat/1, at: lib/tempmail/mail.ex:485[0m
[debug] Replied in 6ms
[debug] Live reload: lib/tempmail_web/live/home_live.html.heex
[debug] Live reload: lib/tempmail_web/live/home_live.html.heex
[debug] Live reload: lib/tempmail_web/live/home_live.html.heex
[debug] Live reload: lib/tempmail_web/live/home_live.html.heex
[debug] Live reload: lib/tempmail_web/live/home_live.html.heex
[debug] Live reload: lib/tempmail_web/live/home_live.html.heex
[debug] Live reload: lib/tempmail_web/live/home_live.ex
[debug] Live reload: lib/tempmail_web/live/home_live.ex
[debug] Live reload: lib/tempmail_web/live/home_live.ex
Compiling 1 file (.ex)
[debug] warning: undefined handle_info in TempmailWeb.HomeLive. Unhandled message: :tick
Generated tempmail app
[info] GET /es
[debug] Processing with TempmailWeb.HomeLive.index/2
  Parameters: %{"locale" => "es"}
  Pipelines: [:browser]
[debug] QUERY OK source="domains" db=0.4ms idle=973.9ms
SELECT d0."id", d0."domain", d0."is_active", d0."is_default", d0."mailcow_id", d0."description", d0."inserted_at", d0."updated_at" FROM "domains" AS d0 WHERE (d0."is_active" = TRUE) ORDER BY d0."is_default" DESC, d0."domain" []
[90m↳ TempmailWeb.HomeLive.mount/3, at: lib/tempmail_web/live/home_live.ex:18[0m
[info] Sent 200 in 4ms
[info] GET /
[debug] Processing with TempmailWeb.HomeLive.index/2
  Parameters: %{}
  Pipelines: [:browser]
[info] GET /es
[debug] Processing with TempmailWeb.HomeLive.index/2
  Parameters: %{"locale" => "es"}
  Pipelines: [:browser]
[info] GET /es
[debug] Processing with TempmailWeb.HomeLive.index/2
  Parameters: %{"locale" => "es"}
  Pipelines: [:browser]
[debug] QUERY OK source="domains" db=0.3ms idle=1077.0ms
SELECT d0."id", d0."domain", d0."is_active", d0."is_default", d0."mailcow_id", d0."description", d0."inserted_at", d0."updated_at" FROM "domains" AS d0 WHERE (d0."is_active" = TRUE) ORDER BY d0."is_default" DESC, d0."domain" []
[90m↳ TempmailWeb.HomeLive.mount/3, at: lib/tempmail_web/live/home_live.ex:18[0m
[debug] QUERY OK source="domains" db=0.3ms queue=0.1ms idle=111.4ms
SELECT d0."id", d0."domain", d0."is_active", d0."is_default", d0."mailcow_id", d0."description", d0."inserted_at", d0."updated_at" FROM "domains" AS d0 WHERE (d0."is_active" = TRUE) ORDER BY d0."is_default" DESC, d0."domain" []
[90m↳ TempmailWeb.HomeLive.mount/3, at: lib/tempmail_web/live/home_live.ex:18[0m
[debug] QUERY OK source="domains" db=0.3ms idle=109.5ms
SELECT d0."id", d0."domain", d0."is_active", d0."is_default", d0."mailcow_id", d0."description", d0."inserted_at", d0."updated_at" FROM "domains" AS d0 WHERE (d0."is_active" = TRUE) ORDER BY d0."is_default" DESC, d0."domain" []
[90m↳ TempmailWeb.HomeLive.mount/3, at: lib/tempmail_web/live/home_live.ex:18[0m
[info] Sent 200 in 1ms
[info] Sent 200 in 1ms
[info] Sent 200 in 1ms
[error] GenServer #PID<0.5698.0> terminating
** (stop) :econnaborted
Process Label: {:thousand_island, :connection, {Bandit.DelegatingHandler, {{127, 0, 0, 1}, 51930}}}
Last message: {:tcp_error, #Port<0.1096>, :econnaborted}
State: {%ThousandIsland.Socket{socket: #Port<0.1096>, transport_module: ThousandIsland.Transports.TCP, read_timeout: 60000, silent_terminate_on_error: false, span: %ThousandIsland.Telemetry{span_name: :connection, telemetry_span_context: #Reference<0.1557660048.3216769026.233218>, start_time: -5764587438020459, start_metadata: %{handler: Bandit.DelegatingHandler, remote_port: 51930, remote_address: {127, 0, 0, 1}, telemetry_span_context: #Reference<0.1557660048.3216769026.233218>, parent_telemetry_span_context: #Reference<0.1557660048.3216769051.157647>}, handler: Bandit.DelegatingHandler, span_metadata: %{handler: Bandit.DelegatingHandler, telemetry_span_context: #Reference<0.1557660048.3216769026.233218>}}}, %{opts: %{http: [], websocket: [], http_1: [], http_2: []}, plug: {Phoenix.Endpoint.SyncCodeReloadPlug, {TempmailWeb.Endpoint, []}}, handler_module: Bandit.HTTP1.Handler, http_1_enabled: true, http_2_enabled: true, requests_processed: 6}}
[info] CONNECTED TO Phoenix.LiveView.Socket in 102µs
  Transport: :websocket
  Serializer: Phoenix.Socket.V2.JSONSerializer
  Parameters: %{"_csrf_token" => "LT0OKF4GDgECMz8bcxRGHC9FUD0jJREDldFCnoXvETNnGyqIHhcIAgwZ", "_live_referer" => "undefined", "_mount_attempts" => "0", "_mounts" => "0", "_track_static" => %{"0" => "http://127.0.0.1:4001/assets/app.css", "1" => "http://127.0.0.1:4001/assets/app.js"}, "vsn" => "2.0.0"}
[debug] MOUNT TempmailWeb.HomeLive
  Parameters: %{"locale" => "es"}
  Session: %{"_csrf_token" => "AYHk0iVwGgqu4m7Ug-3tbBfY"}
[debug] QUERY OK source="domains" db=0.4ms idle=302.4ms
SELECT d0."id", d0."domain", d0."is_active", d0."is_default", d0."mailcow_id", d0."description", d0."inserted_at", d0."updated_at" FROM "domains" AS d0 WHERE (d0."is_active" = TRUE) ORDER BY d0."is_default" DESC, d0."domain" []
[90m↳ TempmailWeb.HomeLive.mount/3, at: lib/tempmail_web/live/home_live.ex:18[0m
[debug] QUERY OK source="domains" db=0.3ms idle=206.4ms
SELECT d0."id", d0."domain", d0."is_active", d0."is_default", d0."mailcow_id", d0."description", d0."inserted_at", d0."updated_at" FROM "domains" AS d0 WHERE (d0."is_active" = TRUE) ORDER BY d0."is_default" DESC, d0."domain" []
[90m↳ Tempmail.Mail.choose_domain/1, at: lib/tempmail/mail.ex:64[0m
[debug] QUERY OK db=0.3ms idle=210.1ms
begin []
[90m↳ Tempmail.Mail.increment_stat/1, at: lib/tempmail/mail.ex:485[0m
[debug] QUERY OK source="email_stats" db=1.6ms
SELECT e0."id", e0."date", e0."generated", e0."received", e0."domain_id", e0."inserted_at" FROM "email_stats" AS e0 WHERE ((e0."date" = $1) AND (e0."domain_id" IS NULL)) LIMIT 1 [~D[2026-05-15]]
[90m↳ anonymous fn/3 in Ecto.Adapters.SQL.checkout_or_transaction/4, at: lib/ecto/adapters/sql.ex:1473[0m
[debug] QUERY OK source="email_stats" db=0.6ms
UPDATE "email_stats" SET "generated" = $1 WHERE "id" = $2 [10, "343f06a0-8f2f-439d-8066-7f6f30b032e3"]
[90m↳ anonymous fn/3 in Ecto.Adapters.SQL.checkout_or_transaction/4, at: lib/ecto/adapters/sql.ex:1473[0m
[debug] QUERY OK db=0.7ms
commit []
[90m↳ Tempmail.Mail.increment_stat/1, at: lib/tempmail/mail.ex:485[0m
[debug] Replied in 8ms

Rebuilding...

Done in 46ms.

Rebuilding...

Done in 61ms.
[info] CONNECTED TO Phoenix.LiveView.Socket in 0µs
  Transport: :websocket
  Serializer: Phoenix.Socket.V2.JSONSerializer
  Parameters: %{"_csrf_token" => "LBMBRlVzAiFHEhstLwNXFk8rADBAN05KzAQ4cF0qwtZYJv-o8g2Qsx9y", "_live_referer" => "undefined", "_mount_attempts" => "0", "_mounts" => "0", "_track_static" => %{"0" => "http://localhost:4001/assets/app.css", "1" => "http://localhost:4001/assets/app.js"}, "vsn" => "2.0.0"}
[info] CONNECTED TO Phoenix.LiveView.Socket in 0µs
  Transport: :websocket
  Serializer: Phoenix.Socket.V2.JSONSerializer
  Parameters: %{"_csrf_token" => "PWYPOH4GaD4FJDNDMzgXNEAmSjREAB5kk4_JH3Zn5Br7VMmM7jxUwOiW", "_live_referer" => "undefined", "_mount_attempts" => "0", "_mounts" => "0", "_track_static" => %{"0" => "http://localhost:4001/assets/app.css", "1" => "http://localhost:4001/assets/app.js"}, "vsn" => "2.0.0"}
[debug] MOUNT TempmailWeb.HomeLive
  Parameters: %{"locale" => "es"}
  Session: %{"_csrf_token" => "VRPr652P0fAteuzywL2a3Ow3"}
[debug] QUERY OK source="domains" db=0.3ms queue=0.1ms idle=697.4ms
SELECT d0."id", d0."domain", d0."is_active", d0."is_default", d0."mailcow_id", d0."description", d0."inserted_at", d0."updated_at" FROM "domains" AS d0 WHERE (d0."is_active" = TRUE) ORDER BY d0."is_default" DESC, d0."domain" []
[90m↳ TempmailWeb.HomeLive.mount/3, at: lib/tempmail_web/live/home_live.ex:18[0m
[debug] QUERY OK source="domains" db=0.3ms idle=697.6ms
SELECT d0."id", d0."domain", d0."is_active", d0."is_default", d0."mailcow_id", d0."description", d0."inserted_at", d0."updated_at" FROM "domains" AS d0 WHERE (d0."is_active" = TRUE) ORDER BY d0."is_default" DESC, d0."domain" []
[90m↳ Tempmail.Mail.choose_domain/1, at: lib/tempmail/mail.ex:64[0m
[debug] QUERY OK db=0.2ms idle=701.2ms
begin []
[90m↳ Tempmail.Mail.increment_stat/1, at: lib/tempmail/mail.ex:485[0m
[debug] QUERY OK source="email_stats" db=0.3ms
SELECT e0."id", e0."date", e0."generated", e0."received", e0."domain_id", e0."inserted_at" FROM "email_stats" AS e0 WHERE ((e0."date" = $1) AND (e0."domain_id" IS NULL)) LIMIT 1 [~D[2026-05-15]]
[90m↳ anonymous fn/3 in Ecto.Adapters.SQL.checkout_or_transaction/4, at: lib/ecto/adapters/sql.ex:1473[0m
[debug] QUERY OK source="email_stats" db=0.3ms
UPDATE "email_stats" SET "generated" = $1 WHERE "id" = $2 [11, "343f06a0-8f2f-439d-8066-7f6f30b032e3"]
[90m↳ anonymous fn/3 in Ecto.Adapters.SQL.checkout_or_transaction/4, at: lib/ecto/adapters/sql.ex:1473[0m
[debug] QUERY OK db=0.4ms
commit []
[90m↳ Tempmail.Mail.increment_stat/1, at: lib/tempmail/mail.ex:485[0m
[debug] Replied in 5ms
[debug] MOUNT TempmailWeb.HomeLive
  Parameters: %{}
  Session: %{"_csrf_token" => "VRPr652P0fAteuzywL2a3Ow3"}
[debug] QUERY OK source="domains" db=0.4ms queue=0.1ms idle=998.2ms
SELECT d0."id", d0."domain", d0."is_active", d0."is_default", d0."mailcow_id", d0."description", d0."inserted_at", d0."updated_at" FROM "domains" AS d0 WHERE (d0."is_active" = TRUE) ORDER BY d0."is_default" DESC, d0."domain" []
[90m↳ TempmailWeb.HomeLive.mount/3, at: lib/tempmail_web/live/home_live.ex:18[0m
[debug] QUERY OK source="domains" db=0.3ms idle=992.9ms
SELECT d0."id", d0."domain", d0."is_active", d0."is_default", d0."mailcow_id", d0."description", d0."inserted_at", d0."updated_at" FROM "domains" AS d0 WHERE (d0."is_active" = TRUE) ORDER BY d0."is_default" DESC, d0."domain" []
[90m↳ Tempmail.Mail.choose_domain/1, at: lib/tempmail/mail.ex:64[0m
[debug] QUERY OK db=0.3ms idle=996.4ms
begin []
[90m↳ Tempmail.Mail.increment_stat/1, at: lib/tempmail/mail.ex:485[0m
[debug] QUERY OK source="email_stats" db=0.4ms
SELECT e0."id", e0."date", e0."generated", e0."received", e0."domain_id", e0."inserted_at" FROM "email_stats" AS e0 WHERE ((e0."date" = $1) AND (e0."domain_id" IS NULL)) LIMIT 1 [~D[2026-05-15]]
[90m↳ anonymous fn/3 in Ecto.Adapters.SQL.checkout_or_transaction/4, at: lib/ecto/adapters/sql.ex:1473[0m
[debug] QUERY OK source="email_stats" db=0.4ms
UPDATE "email_stats" SET "generated" = $1 WHERE "id" = $2 [12, "343f06a0-8f2f-439d-8066-7f6f30b032e3"]
[90m↳ anonymous fn/3 in Ecto.Adapters.SQL.checkout_or_transaction/4, at: lib/ecto/adapters/sql.ex:1473[0m
[debug] QUERY OK db=0.4ms
commit []
[90m↳ Tempmail.Mail.increment_stat/1, at: lib/tempmail/mail.ex:485[0m
[debug] Replied in 6ms
[debug] HANDLE EVENT "extend" in TempmailWeb.HomeLive
  Parameters: %{"duration" => "hour", "value" => ""}
[debug] Replied in 4ms
[debug] HANDLE EVENT "generate" in TempmailWeb.HomeLive
  Parameters: %{"value" => ""}
[debug] QUERY OK source="domains" db=0.4ms idle=1139.7ms
SELECT d0."id", d0."domain", d0."is_active", d0."is_default", d0."mailcow_id", d0."description", d0."inserted_at", d0."updated_at" FROM "domains" AS d0 WHERE (d0."is_active" = TRUE) ORDER BY d0."is_default" DESC, d0."domain" []
[90m↳ Tempmail.Mail.choose_domain/1, at: lib/tempmail/mail.ex:64[0m
[debug] QUERY OK db=0.2ms idle=1142.7ms
begin []
[90m↳ Tempmail.Mail.increment_stat/1, at: lib/tempmail/mail.ex:485[0m
[debug] QUERY OK source="email_stats" db=0.3ms
SELECT e0."id", e0."date", e0."generated", e0."received", e0."domain_id", e0."inserted_at" FROM "email_stats" AS e0 WHERE ((e0."date" = $1) AND (e0."domain_id" IS NULL)) LIMIT 1 [~D[2026-05-15]]
[90m↳ anonymous fn/3 in Ecto.Adapters.SQL.checkout_or_transaction/4, at: lib/ecto/adapters/sql.ex:1473[0m
[debug] QUERY OK source="email_stats" db=0.2ms
UPDATE "email_stats" SET "generated" = $1 WHERE "id" = $2 [13, "343f06a0-8f2f-439d-8066-7f6f30b032e3"]
[90m↳ anonymous fn/3 in Ecto.Adapters.SQL.checkout_or_transaction/4, at: lib/ecto/adapters/sql.ex:1473[0m
[debug] QUERY OK db=0.4ms
commit []
[90m↳ Tempmail.Mail.increment_stat/1, at: lib/tempmail/mail.ex:485[0m
[debug] Replied in 5ms
[debug] HANDLE EVENT "generate" in TempmailWeb.HomeLive
  Parameters: %{"value" => ""}
[debug] QUERY OK source="domains" db=0.4ms queue=0.1ms idle=1695.2ms
SELECT d0."id", d0."domain", d0."is_active", d0."is_default", d0."mailcow_id", d0."description", d0."inserted_at", d0."updated_at" FROM "domains" AS d0 WHERE (d0."is_active" = TRUE) ORDER BY d0."is_default" DESC, d0."domain" []
[90m↳ Tempmail.Mail.choose_domain/1, at: lib/tempmail/mail.ex:64[0m
[debug] QUERY OK db=0.3ms idle=1699.4ms
begin []
[90m↳ Tempmail.Mail.increment_stat/1, at: lib/tempmail/mail.ex:485[0m
[debug] QUERY OK source="email_stats" db=0.4ms
SELECT e0."id", e0."date", e0."generated", e0."received", e0."domain_id", e0."inserted_at" FROM "email_stats" AS e0 WHERE ((e0."date" = $1) AND (e0."domain_id" IS NULL)) LIMIT 1 [~D[2026-05-15]]
[90m↳ anonymous fn/3 in Ecto.Adapters.SQL.checkout_or_transaction/4, at: lib/ecto/adapters/sql.ex:1473[0m
[debug] QUERY OK source="email_stats" db=0.4ms
UPDATE "email_stats" SET "generated" = $1 WHERE "id" = $2 [14, "343f06a0-8f2f-439d-8066-7f6f30b032e3"]
[90m↳ anonymous fn/3 in Ecto.Adapters.SQL.checkout_or_transaction/4, at: lib/ecto/adapters/sql.ex:1473[0m
[debug] QUERY OK db=0.3ms
commit []
[90m↳ Tempmail.Mail.increment_stat/1, at: lib/tempmail/mail.ex:485[0m
[debug] Replied in 6ms
[debug] MOUNT TempmailWeb.HomeLive
  Parameters: %{"locale" => "es"}
  Session: %{"_csrf_token" => "VRPr652P0fAteuzywL2a3Ow3"}
[debug] QUERY OK source="domains" db=0.4ms idle=1963.2ms
SELECT d0."id", d0."domain", d0."is_active", d0."is_default", d0."mailcow_id", d0."description", d0."inserted_at", d0."updated_at" FROM "domains" AS d0 WHERE (d0."is_active" = TRUE) ORDER BY d0."is_default" DESC, d0."domain" []
[90m↳ TempmailWeb.HomeLive.mount/3, at: lib/tempmail_web/live/home_live.ex:18[0m
[debug] QUERY OK source="domains" db=0.2ms idle=1963.6ms
SELECT d0."id", d0."domain", d0."is_active", d0."is_default", d0."mailcow_id", d0."description", d0."inserted_at", d0."updated_at" FROM "domains" AS d0 WHERE (d0."is_active" = TRUE) ORDER BY d0."is_default" DESC, d0."domain" []
[90m↳ Tempmail.Mail.choose_domain/1, at: lib/tempmail/mail.ex:64[0m
[debug] QUERY OK db=0.2ms idle=1967.3ms
begin []
[90m↳ Tempmail.Mail.increment_stat/1, at: lib/tempmail/mail.ex:485[0m
[debug] QUERY OK source="email_stats" db=1.2ms
SELECT e0."id", e0."date", e0."generated", e0."received", e0."domain_id", e0."inserted_at" FROM "email_stats" AS e0 WHERE ((e0."date" = $1) AND (e0."domain_id" IS NULL)) LIMIT 1 [~D[2026-05-15]]
[90m↳ anonymous fn/3 in Ecto.Adapters.SQL.checkout_or_transaction/4, at: lib/ecto/adapters/sql.ex:1473[0m
[debug] QUERY OK source="email_stats" db=0.5ms
UPDATE "email_stats" SET "generated" = $1 WHERE "id" = $2 [15, "343f06a0-8f2f-439d-8066-7f6f30b032e3"]
[90m↳ anonymous fn/3 in Ecto.Adapters.SQL.checkout_or_transaction/4, at: lib/ecto/adapters/sql.ex:1473[0m
[debug] QUERY OK db=0.4ms
commit []
[90m↳ Tempmail.Mail.increment_stat/1, at: lib/tempmail/mail.ex:485[0m
[debug] Replied in 7ms
[debug] Live reload: lib/tempmail_web/live/home_live.html.heex
[debug] Live reload: lib/tempmail_web/live/home_live.html.heex
[debug] Live reload: lib/tempmail_web/live/home_live.html.heex
[debug] Live reload: lib/tempmail_web/live/home_live.html.heex
[debug] Live reload: lib/tempmail_web/live/home_live.html.heex
[debug] Live reload: lib/tempmail_web/live/home_live.html.heex
[debug] Live reload: lib/tempmail_web/live/home_live.ex
[debug] Live reload: lib/tempmail_web/live/home_live.ex
[debug] Live reload: lib/tempmail_web/live/home_live.ex
[debug] warning: undefined handle_info in TempmailWeb.HomeLive. Unhandled message: :tick
Compiling 1 file (.ex)
[debug] warning: undefined handle_info in TempmailWeb.HomeLive. Unhandled message: :tick
Generated tempmail app
[info] GET /en
[debug] Processing with TempmailWeb.HomeLive.index/2
  Parameters: %{"locale" => "en"}
  Pipelines: [:browser]
[debug] QUERY OK source="domains" db=0.5ms queue=0.1ms idle=1926.3ms
SELECT d0."id", d0."domain", d0."is_active", d0."is_default", d0."mailcow_id", d0."description", d0."inserted_at", d0."updated_at" FROM "domains" AS d0 WHERE (d0."is_active" = TRUE) ORDER BY d0."is_default" DESC, d0."domain" []
[90m↳ TempmailWeb.HomeLive.mount/3, at: lib/tempmail_web/live/home_live.ex:18[0m
[info] Sent 200 in 5ms
[error] GenServer #PID<0.5699.0> terminating
** (stop) :econnaborted
Process Label: {:thousand_island, :connection, {Bandit.DelegatingHandler, {{127, 0, 0, 1}, 62753}}}
Last message: {:tcp_error, #Port<0.1097>, :econnaborted}
State: {%ThousandIsland.Socket{socket: #Port<0.1097>, transport_module: ThousandIsland.Transports.TCP, read_timeout: 60000, silent_terminate_on_error: false, span: %ThousandIsland.Telemetry{span_name: :connection, telemetry_span_context: #Reference<0.1557660048.3217031169.3651>, start_time: -5764587435555692, start_metadata: %{handler: Bandit.DelegatingHandler, remote_port: 62753, remote_address: {127, 0, 0, 1}, telemetry_span_context: #Reference<0.1557660048.3217031169.3651>, parent_telemetry_span_context: #Reference<0.1557660048.3216769053.157694>}, handler: Bandit.DelegatingHandler, span_metadata: %{handler: Bandit.DelegatingHandler, telemetry_span_context: #Reference<0.1557660048.3217031169.3651>}}}, %{opts: %{http: [], websocket: [], http_1: [], http_2: []}, plug: {Phoenix.Endpoint.SyncCodeReloadPlug, {TempmailWeb.Endpoint, []}}, handler_module: Bandit.HTTP1.Handler, http_1_enabled: true, http_2_enabled: true, requests_processed: 5}}

Rebuilding...
[info] GET /es/
[debug] Processing with TempmailWeb.HomeLive.index/2
  Parameters: %{"locale" => "es"}
  Pipelines: [:browser]
[info] GET /
[info] GET /es
[debug] Processing with TempmailWeb.HomeLive.index/2
  Parameters: %{}
  Pipelines: [:browser]
[debug] Processing with TempmailWeb.HomeLive.index/2
  Parameters: %{"locale" => "es"}
  Pipelines: [:browser]
[info] GET /en
[debug] QUERY OK source="domains" db=0.4ms idle=117.8ms
SELECT d0."id", d0."domain", d0."is_active", d0."is_default", d0."mailcow_id", d0."description", d0."inserted_at", d0."updated_at" FROM "domains" AS d0 WHERE (d0."is_active" = TRUE) ORDER BY d0."is_default" DESC, d0."domain" []
[90m↳ TempmailWeb.HomeLive.mount/3, at: lib/tempmail_web/live/home_live.ex:18[0m
[debug] Processing with TempmailWeb.HomeLive.index/2
  Parameters: %{"locale" => "en"}
  Pipelines: [:browser]
[debug] QUERY OK source="domains" db=0.4ms queue=0.1ms idle=40.3ms
SELECT d0."id", d0."domain", d0."is_active", d0."is_default", d0."mailcow_id", d0."description", d0."inserted_at", d0."updated_at" FROM "domains" AS d0 WHERE (d0."is_active" = TRUE) ORDER BY d0."is_default" DESC, d0."domain" []
[90m↳ TempmailWeb.HomeLive.mount/3, at: lib/tempmail_web/live/home_live.ex:18[0m
[debug] QUERY OK source="domains" db=0.4ms queue=0.1ms idle=6.9ms
SELECT d0."id", d0."domain", d0."is_active", d0."is_default", d0."mailcow_id", d0."description", d0."inserted_at", d0."updated_at" FROM "domains" AS d0 WHERE (d0."is_active" = TRUE) ORDER BY d0."is_default" DESC, d0."domain" []
[90m↳ TempmailWeb.HomeLive.mount/3, at: lib/tempmail_web/live/home_live.ex:18[0m
[debug] QUERY OK source="domains" db=0.3ms queue=0.2ms idle=7.1ms
SELECT d0."id", d0."domain", d0."is_active", d0."is_default", d0."mailcow_id", d0."description", d0."inserted_at", d0."updated_at" FROM "domains" AS d0 WHERE (d0."is_active" = TRUE) ORDER BY d0."is_default" DESC, d0."domain" []
[90m↳ TempmailWeb.HomeLive.mount/3, at: lib/tempmail_web/live/home_live.ex:18[0m
[info] Sent 200 in 1ms
[info] Sent 200 in 1ms
[info] Sent 200 in 1ms
[info] Sent 200 in 2ms
[error] GenServer #PID<0.5674.0> terminating
** (stop) :econnaborted
Process Label: {:thousand_island, :connection, {Bandit.DelegatingHandler, {{127, 0, 0, 1}, 49525}}}
Last message: {:tcp_error, #Port<0.1091>, :econnaborted}
State: {%ThousandIsland.Socket{socket: #Port<0.1091>, transport_module: ThousandIsland.Transports.TCP, read_timeout: 60000, silent_terminate_on_error: false, span: %ThousandIsland.Telemetry{span_name: :connection, telemetry_span_context: #Reference<0.1557660048.3217031169.2074>, start_time: -5764587440636778, start_metadata: %{handler: Bandit.DelegatingHandler, remote_port: 49525, remote_address: {127, 0, 0, 1}, telemetry_span_context: #Reference<0.1557660048.3217031169.2074>, parent_telemetry_span_context: #Reference<0.1557660048.3216769051.157649>}, handler: Bandit.DelegatingHandler, span_metadata: %{handler: Bandit.DelegatingHandler, telemetry_span_context: #Reference<0.1557660048.3217031169.2074>}}}, %{opts: %{http: [], websocket: [], http_1: [], http_2: []}, plug: {Phoenix.Endpoint.SyncCodeReloadPlug, {TempmailWeb.Endpoint, []}}, handler_module: Bandit.HTTP1.Handler, http_1_enabled: true, http_2_enabled: true, requests_processed: 13}}

Done in 65ms.

Rebuilding...

Done in 71ms.
[info] CONNECTED TO Phoenix.LiveView.Socket in 0µs
  Transport: :websocket
  Serializer: Phoenix.Socket.V2.JSONSerializer
  Parameters: %{"_csrf_token" => "GWsAEmYQbh4_KwACfBVBE1JbQDsOFAAsX2HyVy8ixLqwHxvF5vsOlVfu", "_live_referer" => "undefined", "_mount_attempts" => "0", "_mounts" => "0", "_track_static" => %{"0" => "http://127.0.0.1:4001/assets/app.css", "1" => "http://127.0.0.1:4001/assets/app.js"}, "vsn" => "2.0.0"}
[debug] MOUNT TempmailWeb.HomeLive
  Parameters: %{"locale" => "es"}
  Session: %{"_csrf_token" => "AYHk0iVwGgqu4m7Ug-3tbBfY"}
[debug] QUERY OK source="domains" db=0.4ms idle=278.8ms
SELECT d0."id", d0."domain", d0."is_active", d0."is_default", d0."mailcow_id", d0."description", d0."inserted_at", d0."updated_at" FROM "domains" AS d0 WHERE (d0."is_active" = TRUE) ORDER BY d0."is_default" DESC, d0."domain" []
[90m↳ TempmailWeb.HomeLive.mount/3, at: lib/tempmail_web/live/home_live.ex:18[0m
[debug] QUERY OK source="domains" db=0.3ms idle=279.3ms
SELECT d0."id", d0."domain", d0."is_active", d0."is_default", d0."mailcow_id", d0."description", d0."inserted_at", d0."updated_at" FROM "domains" AS d0 WHERE (d0."is_active" = TRUE) ORDER BY d0."is_default" DESC, d0."domain" []
[90m↳ Tempmail.Mail.choose_domain/1, at: lib/tempmail/mail.ex:64[0m
[debug] QUERY OK db=0.3ms idle=282.6ms
begin []
[90m↳ Tempmail.Mail.increment_stat/1, at: lib/tempmail/mail.ex:485[0m
[debug] QUERY OK source="email_stats" db=0.4ms
SELECT e0."id", e0."date", e0."generated", e0."received", e0."domain_id", e0."inserted_at" FROM "email_stats" AS e0 WHERE ((e0."date" = $1) AND (e0."domain_id" IS NULL)) LIMIT 1 [~D[2026-05-15]]
[90m↳ anonymous fn/3 in Ecto.Adapters.SQL.checkout_or_transaction/4, at: lib/ecto/adapters/sql.ex:1473[0m
[debug] QUERY OK source="email_stats" db=0.3ms
UPDATE "email_stats" SET "generated" = $1 WHERE "id" = $2 [16, "343f06a0-8f2f-439d-8066-7f6f30b032e3"]
[90m↳ anonymous fn/3 in Ecto.Adapters.SQL.checkout_or_transaction/4, at: lib/ecto/adapters/sql.ex:1473[0m
[debug] QUERY OK db=0.4ms
commit []
[90m↳ Tempmail.Mail.increment_stat/1, at: lib/tempmail/mail.ex:485[0m
[debug] Replied in 6ms
[info] CONNECTED TO Phoenix.LiveView.Socket in 0µs
  Transport: :websocket
  Serializer: Phoenix.Socket.V2.JSONSerializer
  Parameters: %{"_csrf_token" => "PwMPJHtgfhlbVRM9CkESOxAAYSxnGxBDiQ_VMULIk3RIo4hBgLSMTTgp", "_live_referer" => "undefined", "_mount_attempts" => "0", "_mounts" => "0", "_track_static" => %{"0" => "http://localhost:4001/assets/app.css", "1" => "http://localhost:4001/assets/app.js"}, "vsn" => "2.0.0"}
[info] CONNECTED TO Phoenix.LiveView.Socket in 0µs
  Transport: :websocket
  Serializer: Phoenix.Socket.V2.JSONSerializer
  Parameters: %{"_csrf_token" => "AWIbAH19dWhmUHlZKi0bDBUAWVJhFS93W0KrKHG8V68-OXaubLk3RZXD", "_live_referer" => "undefined", "_mount_attempts" => "0", "_mounts" => "0", "_track_static" => %{"0" => "http://localhost:4001/assets/app.css", "1" => "http://localhost:4001/assets/app.js"}, "vsn" => "2.0.0"}
[debug] MOUNT TempmailWeb.HomeLive
  Parameters: %{"locale" => "en"}
  Session: %{"_csrf_token" => "VRPr652P0fAteuzywL2a3Ow3"}
[debug] QUERY OK source="domains" db=0.4ms queue=0.1ms idle=779.1ms
SELECT d0."id", d0."domain", d0."is_active", d0."is_default", d0."mailcow_id", d0."description", d0."inserted_at", d0."updated_at" FROM "domains" AS d0 WHERE (d0."is_active" = TRUE) ORDER BY d0."is_default" DESC, d0."domain" []
[90m↳ TempmailWeb.HomeLive.mount/3, at: lib/tempmail_web/live/home_live.ex:18[0m
[debug] QUERY OK source="domains" db=0.4ms idle=779.9ms
SELECT d0."id", d0."domain", d0."is_active", d0."is_default", d0."mailcow_id", d0."description", d0."inserted_at", d0."updated_at" FROM "domains" AS d0 WHERE (d0."is_active" = TRUE) ORDER BY d0."is_default" DESC, d0."domain" []
[90m↳ Tempmail.Mail.choose_domain/1, at: lib/tempmail/mail.ex:64[0m
[debug] QUERY OK db=0.2ms idle=783.6ms
begin []
[90m↳ Tempmail.Mail.increment_stat/1, at: lib/tempmail/mail.ex:485[0m
[debug] QUERY OK source="email_stats" db=0.3ms
SELECT e0."id", e0."date", e0."generated", e0."received", e0."domain_id", e0."inserted_at" FROM "email_stats" AS e0 WHERE ((e0."date" = $1) AND (e0."domain_id" IS NULL)) LIMIT 1 [~D[2026-05-15]]
[90m↳ anonymous fn/3 in Ecto.Adapters.SQL.checkout_or_transaction/4, at: lib/ecto/adapters/sql.ex:1473[0m
[debug] QUERY OK source="email_stats" db=0.3ms
UPDATE "email_stats" SET "generated" = $1 WHERE "id" = $2 [17, "343f06a0-8f2f-439d-8066-7f6f30b032e3"]
[90m↳ anonymous fn/3 in Ecto.Adapters.SQL.checkout_or_transaction/4, at: lib/ecto/adapters/sql.ex:1473[0m
[debug] QUERY OK db=0.3ms
commit []
[90m↳ Tempmail.Mail.increment_stat/1, at: lib/tempmail/mail.ex:485[0m
[debug] Replied in 6ms
[debug] MOUNT TempmailWeb.HomeLive
  Parameters: %{}
  Session: %{"_csrf_token" => "VRPr652P0fAteuzywL2a3Ow3"}
[debug] QUERY OK source="domains" db=0.4ms idle=1051.5ms
SELECT d0."id", d0."domain", d0."is_active", d0."is_default", d0."mailcow_id", d0."description", d0."inserted_at", d0."updated_at" FROM "domains" AS d0 WHERE (d0."is_active" = TRUE) ORDER BY d0."is_default" DESC, d0."domain" []
[90m↳ TempmailWeb.HomeLive.mount/3, at: lib/tempmail_web/live/home_live.ex:18[0m
[debug] QUERY OK source="domains" db=0.4ms queue=0.1ms idle=1051.8ms
SELECT d0."id", d0."domain", d0."is_active", d0."is_default", d0."mailcow_id", d0."description", d0."inserted_at", d0."updated_at" FROM "domains" AS d0 WHERE (d0."is_active" = TRUE) ORDER BY d0."is_default" DESC, d0."domain" []
[90m↳ Tempmail.Mail.choose_domain/1, at: lib/tempmail/mail.ex:64[0m
[debug] QUERY OK db=0.2ms queue=0.1ms idle=1055.5ms
begin []
[90m↳ Tempmail.Mail.increment_stat/1, at: lib/tempmail/mail.ex:485[0m
[debug] QUERY OK source="email_stats" db=0.3ms
SELECT e0."id", e0."date", e0."generated", e0."received", e0."domain_id", e0."inserted_at" FROM "email_stats" AS e0 WHERE ((e0."date" = $1) AND (e0."domain_id" IS NULL)) LIMIT 1 [~D[2026-05-15]]
[90m↳ anonymous fn/3 in Ecto.Adapters.SQL.checkout_or_transaction/4, at: lib/ecto/adapters/sql.ex:1473[0m
[debug] QUERY OK source="email_stats" db=0.3ms
UPDATE "email_stats" SET "generated" = $1 WHERE "id" = $2 [18, "343f06a0-8f2f-439d-8066-7f6f30b032e3"]
[90m↳ anonymous fn/3 in Ecto.Adapters.SQL.checkout_or_transaction/4, at: lib/ecto/adapters/sql.ex:1473[0m
[debug] QUERY OK db=0.3ms
commit []
[90m↳ Tempmail.Mail.increment_stat/1, at: lib/tempmail/mail.ex:485[0m
[debug] Replied in 6ms
[debug] Live reload: lib/tempmail_web/live/home_live.html.heex
[debug] Live reload: lib/tempmail_web/live/home_live.html.heex
[debug] Live reload: lib/tempmail_web/live/home_live.html.heex
[debug] Live reload: lib/tempmail_web/live/home_live.html.heex
[debug] Live reload: lib/tempmail_web/live/home_live.html.heex
[debug] Live reload: lib/tempmail_web/live/home_live.html.heex
[debug] Live reload: lib/tempmail_web/live/home_live.ex
[debug] Live reload: lib/tempmail_web/live/home_live.ex
[debug] Live reload: lib/tempmail_web/live/home_live.ex
Compiling 1 file (.ex)
[debug] warning: undefined handle_info in TempmailWeb.HomeLive. Unhandled message: :tick
[debug] warning: undefined handle_info in TempmailWeb.HomeLive. Unhandled message: :tick
Generated tempmail app
[info] GET /es
[debug] Processing with TempmailWeb.HomeLive.index/2
  Parameters: %{"locale" => "es"}
  Pipelines: [:browser]
[debug] QUERY OK source="domains" db=0.3ms queue=0.1ms idle=1830.8ms
SELECT d0."id", d0."domain", d0."is_active", d0."is_default", d0."mailcow_id", d0."description", d0."inserted_at", d0."updated_at" FROM "domains" AS d0 WHERE (d0."is_active" = TRUE) ORDER BY d0."is_default" DESC, d0."domain" []
[90m↳ TempmailWeb.HomeLive.mount/3, at: lib/tempmail_web/live/home_live.ex:18[0m
[info] Sent 200 in 4ms
[info] GET /
[debug] Processing with TempmailWeb.HomeLive.index/2
  Parameters: %{}
  Pipelines: [:browser]
[info] GET /en
[debug] Processing with TempmailWeb.HomeLive.index/2
  Parameters: %{"locale" => "en"}
  Pipelines: [:browser]
[debug] QUERY OK source="domains" db=0.5ms idle=937.8ms
SELECT d0."id", d0."domain", d0."is_active", d0."is_default", d0."mailcow_id", d0."description", d0."inserted_at", d0."updated_at" FROM "domains" AS d0 WHERE (d0."is_active" = TRUE) ORDER BY d0."is_default" DESC, d0."domain" []
[90m↳ TempmailWeb.HomeLive.mount/3, at: lib/tempmail_web/live/home_live.ex:18[0m
[debug] QUERY OK source="domains" db=0.4ms queue=0.1ms idle=937.9ms
SELECT d0."id", d0."domain", d0."is_active", d0."is_default", d0."mailcow_id", d0."description", d0."inserted_at", d0."updated_at" FROM "domains" AS d0 WHERE (d0."is_active" = TRUE) ORDER BY d0."is_default" DESC, d0."domain" []
[90m↳ TempmailWeb.HomeLive.mount/3, at: lib/tempmail_web/live/home_live.ex:18[0m
[info] Sent 200 in 1ms
[info] Sent 200 in 2ms
[info] CONNECTED TO Phoenix.LiveView.Socket in 0µs
  Transport: :websocket
  Serializer: Phoenix.Socket.V2.JSONSerializer
  Parameters: %{"_csrf_token" => "ABMpAmc_HA4YOAcdYT8CPBEYfDkwby8qAJaiWVJy__vhUR5iv5OMR-Is", "_live_referer" => "undefined", "_mount_attempts" => "0", "_mounts" => "0", "_track_static" => %{"0" => "http://127.0.0.1:4001/assets/app.css", "1" => "http://127.0.0.1:4001/assets/app.js"}, "vsn" => "2.0.0"}
[debug] MOUNT TempmailWeb.HomeLive
  Parameters: %{"locale" => "es"}
  Session: %{"_csrf_token" => "AYHk0iVwGgqu4m7Ug-3tbBfY"}
[debug] QUERY OK source="domains" db=0.4ms queue=0.1ms idle=1119.2ms
SELECT d0."id", d0."domain", d0."is_active", d0."is_default", d0."mailcow_id", d0."description", d0."inserted_at", d0."updated_at" FROM "domains" AS d0 WHERE (d0."is_active" = TRUE) ORDER BY d0."is_default" DESC, d0."domain" []
[90m↳ TempmailWeb.HomeLive.mount/3, at: lib/tempmail_web/live/home_live.ex:18[0m
[debug] QUERY OK source="domains" db=0.5ms idle=295.3ms
SELECT d0."id", d0."domain", d0."is_active", d0."is_default", d0."mailcow_id", d0."description", d0."inserted_at", d0."updated_at" FROM "domains" AS d0 WHERE (d0."is_active" = TRUE) ORDER BY d0."is_default" DESC, d0."domain" []
[90m↳ Tempmail.Mail.choose_domain/1, at: lib/tempmail/mail.ex:64[0m
[debug] QUERY OK db=0.3ms idle=297.7ms
begin []
[90m↳ Tempmail.Mail.increment_stat/1, at: lib/tempmail/mail.ex:485[0m
[debug] QUERY OK source="email_stats" db=1.8ms
SELECT e0."id", e0."date", e0."generated", e0."received", e0."domain_id", e0."inserted_at" FROM "email_stats" AS e0 WHERE ((e0."date" = $1) AND (e0."domain_id" IS NULL)) LIMIT 1 [~D[2026-05-15]]
[90m↳ anonymous fn/3 in Ecto.Adapters.SQL.checkout_or_transaction/4, at: lib/ecto/adapters/sql.ex:1473[0m
[debug] QUERY OK source="email_stats" db=0.8ms
UPDATE "email_stats" SET "generated" = $1 WHERE "id" = $2 [19, "343f06a0-8f2f-439d-8066-7f6f30b032e3"]
[90m↳ anonymous fn/3 in Ecto.Adapters.SQL.checkout_or_transaction/4, at: lib/ecto/adapters/sql.ex:1473[0m
[debug] QUERY OK db=0.6ms
commit []
[90m↳ Tempmail.Mail.increment_stat/1, at: lib/tempmail/mail.ex:485[0m
[debug] Replied in 9ms

Rebuilding...

Done in 74ms.

Rebuilding...

Done in 53ms.
[info] CONNECTED TO Phoenix.LiveView.Socket in 0µs
  Transport: :websocket
  Serializer: Phoenix.Socket.V2.JSONSerializer
  Parameters: %{"_csrf_token" => "FyQRIEF-bTcGLHkdUhIUITo6ACpADjR9AvARwK_g6J8i7gnXMv2KsACN", "_live_referer" => "undefined", "_mount_attempts" => "0", "_mounts" => "0", "_track_static" => %{"0" => "http://localhost:4001/assets/app.css", "1" => "http://localhost:4001/assets/app.js"}, "vsn" => "2.0.0"}
[info] CONNECTED TO Phoenix.LiveView.Socket in 0µs
  Transport: :websocket
  Serializer: Phoenix.Socket.V2.JSONSerializer
  Parameters: %{"_csrf_token" => "GTQcNHNzdhF3CiwuXRkiFhNhUzVqGkYFOfLFEFDAGlmZ8lXod-aTYU16", "_live_referer" => "undefined", "_mount_attempts" => "0", "_mounts" => "0", "_track_static" => %{"0" => "http://localhost:4001/assets/app.css", "1" => "http://localhost:4001/assets/app.js"}, "vsn" => "2.0.0"}
[debug] MOUNT TempmailWeb.HomeLive
  Parameters: %{"locale" => "en"}
  Session: %{"_csrf_token" => "VRPr652P0fAteuzywL2a3Ow3"}
[debug] QUERY OK source="domains" db=0.3ms idle=837.3ms
SELECT d0."id", d0."domain", d0."is_active", d0."is_default", d0."mailcow_id", d0."description", d0."inserted_at", d0."updated_at" FROM "domains" AS d0 WHERE (d0."is_active" = TRUE) ORDER BY d0."is_default" DESC, d0."domain" []
[90m↳ TempmailWeb.HomeLive.mount/3, at: lib/tempmail_web/live/home_live.ex:18[0m
[debug] QUERY OK source="domains" db=0.1ms idle=736.9ms
SELECT d0."id", d0."domain", d0."is_active", d0."is_default", d0."mailcow_id", d0."description", d0."inserted_at", d0."updated_at" FROM "domains" AS d0 WHERE (d0."is_active" = TRUE) ORDER BY d0."is_default" DESC, d0."domain" []
[90m↳ Tempmail.Mail.choose_domain/1, at: lib/tempmail/mail.ex:64[0m
[debug] QUERY OK db=0.4ms idle=739.5ms
begin []
[90m↳ Tempmail.Mail.increment_stat/1, at: lib/tempmail/mail.ex:485[0m
[debug] QUERY OK source="email_stats" db=0.4ms
SELECT e0."id", e0."date", e0."generated", e0."received", e0."domain_id", e0."inserted_at" FROM "email_stats" AS e0 WHERE ((e0."date" = $1) AND (e0."domain_id" IS NULL)) LIMIT 1 [~D[2026-05-15]]
[90m↳ anonymous fn/3 in Ecto.Adapters.SQL.checkout_or_transaction/4, at: lib/ecto/adapters/sql.ex:1473[0m
[debug] QUERY OK source="email_stats" db=0.4ms
UPDATE "email_stats" SET "generated" = $1 WHERE "id" = $2 [20, "343f06a0-8f2f-439d-8066-7f6f30b032e3"]
[90m↳ anonymous fn/3 in Ecto.Adapters.SQL.checkout_or_transaction/4, at: lib/ecto/adapters/sql.ex:1473[0m
[debug] QUERY OK db=0.3ms
commit []
[90m↳ Tempmail.Mail.increment_stat/1, at: lib/tempmail/mail.ex:485[0m
[debug] Replied in 5ms
[debug] MOUNT TempmailWeb.HomeLive
  Parameters: %{}
  Session: %{"_csrf_token" => "VRPr652P0fAteuzywL2a3Ow3"}
[debug] QUERY OK source="domains" db=0.4ms idle=1049.9ms
SELECT d0."id", d0."domain", d0."is_active", d0."is_default", d0."mailcow_id", d0."description", d0."inserted_at", d0."updated_at" FROM "domains" AS d0 WHERE (d0."is_active" = TRUE) ORDER BY d0."is_default" DESC, d0."domain" []
[90m↳ TempmailWeb.HomeLive.mount/3, at: lib/tempmail_web/live/home_live.ex:18[0m
[debug] QUERY OK source="domains" db=0.3ms queue=0.1ms idle=1050.4ms
SELECT d0."id", d0."domain", d0."is_active", d0."is_default", d0."mailcow_id", d0."description", d0."inserted_at", d0."updated_at" FROM "domains" AS d0 WHERE (d0."is_active" = TRUE) ORDER BY d0."is_default" DESC, d0."domain" []
[90m↳ Tempmail.Mail.choose_domain/1, at: lib/tempmail/mail.ex:64[0m
[debug] QUERY OK db=0.1ms queue=0.1ms idle=1048.2ms
begin []
[90m↳ Tempmail.Mail.increment_stat/1, at: lib/tempmail/mail.ex:485[0m
[debug] QUERY OK source="email_stats" db=0.3ms
SELECT e0."id", e0."date", e0."generated", e0."received", e0."domain_id", e0."inserted_at" FROM "email_stats" AS e0 WHERE ((e0."date" = $1) AND (e0."domain_id" IS NULL)) LIMIT 1 [~D[2026-05-15]]
[90m↳ anonymous fn/3 in Ecto.Adapters.SQL.checkout_or_transaction/4, at: lib/ecto/adapters/sql.ex:1473[0m
[debug] QUERY OK source="email_stats" db=0.4ms
UPDATE "email_stats" SET "generated" = $1 WHERE "id" = $2 [21, "343f06a0-8f2f-439d-8066-7f6f30b032e3"]
[90m↳ anonymous fn/3 in Ecto.Adapters.SQL.checkout_or_transaction/4, at: lib/ecto/adapters/sql.ex:1473[0m
[debug] QUERY OK db=0.3ms
commit []
[90m↳ Tempmail.Mail.increment_stat/1, at: lib/tempmail/mail.ex:485[0m
[debug] Replied in 5ms
[debug] Live reload: lib/tempmail_web/live/home_live.html.heex
[debug] Live reload: lib/tempmail_web/live/home_live.html.heex
[debug] Live reload: lib/tempmail_web/live/home_live.html.heex
[debug] Live reload: lib/tempmail_web/live/home_live.html.heex
[debug] Live reload: lib/tempmail_web/live/home_live.html.heex
[debug] Live reload: lib/tempmail_web/live/home_live.html.heex
[debug] Live reload: lib/tempmail_web/live/home_live.ex
[debug] Live reload: lib/tempmail_web/live/home_live.ex
[debug] Live reload: lib/tempmail_web/live/home_live.ex
[debug] warning: undefined handle_info in TempmailWeb.HomeLive. Unhandled message: :tick
Compiling 1 file (.ex)
[debug] warning: undefined handle_info in TempmailWeb.HomeLive. Unhandled message: :tick
Generated tempmail app
[info] GET /es
[debug] Processing with TempmailWeb.HomeLive.index/2
  Parameters: %{"locale" => "es"}
  Pipelines: [:browser]
[debug] QUERY OK source="domains" db=0.4ms idle=35.1ms
SELECT d0."id", d0."domain", d0."is_active", d0."is_default", d0."mailcow_id", d0."description", d0."inserted_at", d0."updated_at" FROM "domains" AS d0 WHERE (d0."is_active" = TRUE) ORDER BY d0."is_default" DESC, d0."domain" []
[90m↳ TempmailWeb.HomeLive.mount/3, at: lib/tempmail_web/live/home_live.ex:18[0m
[info] Sent 200 in 3ms
[info] GET /
[debug] Processing with TempmailWeb.HomeLive.index/2
  Parameters: %{}
  Pipelines: [:browser]
[info] GET /en
[debug] Processing with TempmailWeb.HomeLive.index/2
  Parameters: %{"locale" => "en"}
  Pipelines: [:browser]
[debug] QUERY OK source="domains" db=0.3ms idle=165.2ms
SELECT d0."id", d0."domain", d0."is_active", d0."is_default", d0."mailcow_id", d0."description", d0."inserted_at", d0."updated_at" FROM "domains" AS d0 WHERE (d0."is_active" = TRUE) ORDER BY d0."is_default" DESC, d0."domain" []
[90m↳ TempmailWeb.HomeLive.mount/3, at: lib/tempmail_web/live/home_live.ex:18[0m
[debug] QUERY OK source="domains" db=0.3ms queue=0.1ms idle=165.3ms
SELECT d0."id", d0."domain", d0."is_active", d0."is_default", d0."mailcow_id", d0."description", d0."inserted_at", d0."updated_at" FROM "domains" AS d0 WHERE (d0."is_active" = TRUE) ORDER BY d0."is_default" DESC, d0."domain" []
[90m↳ TempmailWeb.HomeLive.mount/3, at: lib/tempmail_web/live/home_live.ex:18[0m
[info] Sent 200 in 1ms
[info] Sent 200 in 1ms

Rebuilding...

Done in 79ms.

Rebuilding...

Done in 64ms.
[info] CONNECTED TO Phoenix.LiveView.Socket in 0µs
  Transport: :websocket
  Serializer: Phoenix.Socket.V2.JSONSerializer
  Parameters: %{"_csrf_token" => "BzY8IXo-IRoDOCczVgZzOh9dd0UHCiAJFotJJWwmD_VFbkDoxpD1eHFP", "_live_referer" => "undefined", "_mount_attempts" => "0", "_mounts" => "0", "_track_static" => %{"0" => "http://127.0.0.1:4001/assets/app.css", "1" => "http://127.0.0.1:4001/assets/app.js"}, "vsn" => "2.0.0"}
[debug] MOUNT TempmailWeb.HomeLive
  Parameters: %{"locale" => "es"}
  Session: %{"_csrf_token" => "AYHk0iVwGgqu4m7Ug-3tbBfY"}
[debug] QUERY OK source="domains" db=0.4ms queue=0.1ms idle=333.6ms
SELECT d0."id", d0."domain", d0."is_active", d0."is_default", d0."mailcow_id", d0."description", d0."inserted_at", d0."updated_at" FROM "domains" AS d0 WHERE (d0."is_active" = TRUE) ORDER BY d0."is_default" DESC, d0."domain" []
[90m↳ TempmailWeb.HomeLive.mount/3, at: lib/tempmail_web/live/home_live.ex:18[0m
[debug] QUERY OK source="domains" db=0.4ms idle=306.2ms
SELECT d0."id", d0."domain", d0."is_active", d0."is_default", d0."mailcow_id", d0."description", d0."inserted_at", d0."updated_at" FROM "domains" AS d0 WHERE (d0."is_active" = TRUE) ORDER BY d0."is_default" DESC, d0."domain" []
[90m↳ Tempmail.Mail.choose_domain/1, at: lib/tempmail/mail.ex:64[0m
[debug] QUERY OK db=0.3ms idle=308.5ms
begin []
[90m↳ Tempmail.Mail.increment_stat/1, at: lib/tempmail/mail.ex:485[0m
[debug] QUERY OK source="email_stats" db=0.5ms
SELECT e0."id", e0."date", e0."generated", e0."received", e0."domain_id", e0."inserted_at" FROM "email_stats" AS e0 WHERE ((e0."date" = $1) AND (e0."domain_id" IS NULL)) LIMIT 1 [~D[2026-05-15]]
[90m↳ anonymous fn/3 in Ecto.Adapters.SQL.checkout_or_transaction/4, at: lib/ecto/adapters/sql.ex:1473[0m
[debug] QUERY OK source="email_stats" db=0.4ms
UPDATE "email_stats" SET "generated" = $1 WHERE "id" = $2 [22, "343f06a0-8f2f-439d-8066-7f6f30b032e3"]
[90m↳ anonymous fn/3 in Ecto.Adapters.SQL.checkout_or_transaction/4, at: lib/ecto/adapters/sql.ex:1473[0m
[debug] QUERY OK db=0.4ms
commit []
[90m↳ Tempmail.Mail.increment_stat/1, at: lib/tempmail/mail.ex:485[0m
[debug] Replied in 7ms
[info] CONNECTED TO Phoenix.LiveView.Socket in 0µs
  Transport: :websocket
  Serializer: Phoenix.Socket.V2.JSONSerializer
  Parameters: %{"_csrf_token" => "JyA9QnhqaBFCJXYmNAMsEjN8cDd7CTFbqrm0N_ZArC7RQvVkD0BVHFFh", "_live_referer" => "undefined", "_mount_attempts" => "0", "_mounts" => "0", "_track_static" => %{"0" => "http://localhost:4001/assets/app.css", "1" => "http://localhost:4001/assets/app.js"}, "vsn" => "2.0.0"}
[info] CONNECTED TO Phoenix.LiveView.Socket in 0µs
  Transport: :websocket
  Serializer: Phoenix.Socket.V2.JSONSerializer
  Parameters: %{"_csrf_token" => "ZRk4KmxxH31_NAZDPFg5NAQlZ1dsACVF3KhXZD--ORG7Y-CMsiU6_ORv", "_live_referer" => "undefined", "_mount_attempts" => "0", "_mounts" => "0", "_track_static" => %{"0" => "http://localhost:4001/assets/app.css", "1" => "http://localhost:4001/assets/app.js"}, "vsn" => "2.0.0"}
[debug] MOUNT TempmailWeb.HomeLive
  Parameters: %{"locale" => "en"}
  Session: %{"_csrf_token" => "VRPr652P0fAteuzywL2a3Ow3"}
[debug] QUERY OK source="domains" db=0.3ms decode=0.1ms queue=0.1ms idle=916.8ms
SELECT d0."id", d0."domain", d0."is_active", d0."is_default", d0."mailcow_id", d0."description", d0."inserted_at", d0."updated_at" FROM "domains" AS d0 WHERE (d0."is_active" = TRUE) ORDER BY d0."is_default" DESC, d0."domain" []
[90m↳ TempmailWeb.HomeLive.mount/3, at: lib/tempmail_web/live/home_live.ex:18[0m
[debug] QUERY OK source="domains" db=0.3ms idle=793.4ms
SELECT d0."id", d0."domain", d0."is_active", d0."is_default", d0."mailcow_id", d0."description", d0."inserted_at", d0."updated_at" FROM "domains" AS d0 WHERE (d0."is_active" = TRUE) ORDER BY d0."is_default" DESC, d0."domain" []
[90m↳ Tempmail.Mail.choose_domain/1, at: lib/tempmail/mail.ex:64[0m
[debug] QUERY OK db=0.2ms idle=797.0ms
begin []
[90m↳ Tempmail.Mail.increment_stat/1, at: lib/tempmail/mail.ex:485[0m
[debug] QUERY OK source="email_stats" db=0.4ms
SELECT e0."id", e0."date", e0."generated", e0."received", e0."domain_id", e0."inserted_at" FROM "email_stats" AS e0 WHERE ((e0."date" = $1) AND (e0."domain_id" IS NULL)) LIMIT 1 [~D[2026-05-15]]
[90m↳ anonymous fn/3 in Ecto.Adapters.SQL.checkout_or_transaction/4, at: lib/ecto/adapters/sql.ex:1473[0m
[debug] QUERY OK source="email_stats" db=0.4ms
UPDATE "email_stats" SET "generated" = $1 WHERE "id" = $2 [23, "343f06a0-8f2f-439d-8066-7f6f30b032e3"]
[90m↳ anonymous fn/3 in Ecto.Adapters.SQL.checkout_or_transaction/4, at: lib/ecto/adapters/sql.ex:1473[0m
[debug] QUERY OK db=0.4ms
commit []
[90m↳ Tempmail.Mail.increment_stat/1, at: lib/tempmail/mail.ex:485[0m
[debug] Replied in 6ms
[debug] MOUNT TempmailWeb.HomeLive
  Parameters: %{}
  Session: %{"_csrf_token" => "VRPr652P0fAteuzywL2a3Ow3"}
[debug] QUERY OK source="domains" db=0.3ms queue=0.1ms idle=1046.6ms
SELECT d0."id", d0."domain", d0."is_active", d0."is_default", d0."mailcow_id", d0."description", d0."inserted_at", d0."updated_at" FROM "domains" AS d0 WHERE (d0."is_active" = TRUE) ORDER BY d0."is_default" DESC, d0."domain" []
[90m↳ TempmailWeb.HomeLive.mount/3, at: lib/tempmail_web/live/home_live.ex:18[0m
[debug] QUERY OK source="domains" db=0.3ms queue=0.1ms idle=1047.1ms
SELECT d0."id", d0."domain", d0."is_active", d0."is_default", d0."mailcow_id", d0."description", d0."inserted_at", d0."updated_at" FROM "domains" AS d0 WHERE (d0."is_active" = TRUE) ORDER BY d0."is_default" DESC, d0."domain" []
[90m↳ Tempmail.Mail.choose_domain/1, at: lib/tempmail/mail.ex:64[0m
[debug] QUERY OK db=0.2ms queue=0.1ms idle=1044.7ms
begin []
[90m↳ Tempmail.Mail.increment_stat/1, at: lib/tempmail/mail.ex:485[0m
[debug] QUERY OK source="email_stats" db=1.5ms decode=0.1ms
SELECT e0."id", e0."date", e0."generated", e0."received", e0."domain_id", e0."inserted_at" FROM "email_stats" AS e0 WHERE ((e0."date" = $1) AND (e0."domain_id" IS NULL)) LIMIT 1 [~D[2026-05-15]]
[90m↳ anonymous fn/3 in Ecto.Adapters.SQL.checkout_or_transaction/4, at: lib/ecto/adapters/sql.ex:1473[0m
[debug] QUERY OK source="email_stats" db=0.6ms
UPDATE "email_stats" SET "generated" = $1 WHERE "id" = $2 [24, "343f06a0-8f2f-439d-8066-7f6f30b032e3"]
[90m↳ anonymous fn/3 in Ecto.Adapters.SQL.checkout_or_transaction/4, at: lib/ecto/adapters/sql.ex:1473[0m
[debug] QUERY OK db=0.6ms
commit []
[90m↳ Tempmail.Mail.increment_stat/1, at: lib/tempmail/mail.ex:485[0m
[debug] Replied in 8ms
[debug] Live reload: priv/static/assets/app.css
[debug] Live reload: priv/static/assets/app.css
[debug] Live reload: priv/static/assets/app.css
[debug] Live reload: priv/static/assets/app.css
[debug] Live reload: priv/static/assets/app.css
[debug] Live reload: priv/static/assets/app.css
[debug] Live reload: priv/static/assets/app.js
[debug] Live reload: priv/static/assets/app.js
[debug] Live reload: priv/static/assets/app.js
[debug] Live reload: priv/static/assets/app.js
[debug] Live reload: priv/static/assets/app.js
[debug] Live reload: priv/static/assets/app.js
[info] GET /es
[debug] Processing with TempmailWeb.HomeLive.index/2
  Parameters: %{"locale" => "es"}
  Pipelines: [:browser]
[debug] QUERY OK source="domains" db=0.3ms queue=0.1ms idle=1776.4ms
SELECT d0."id", d0."domain", d0."is_active", d0."is_default", d0."mailcow_id", d0."description", d0."inserted_at", d0."updated_at" FROM "domains" AS d0 WHERE (d0."is_active" = TRUE) ORDER BY d0."is_default" DESC, d0."domain" []
[90m↳ TempmailWeb.HomeLive.mount/3, at: lib/tempmail_web/live/home_live.ex:18[0m
[info] Sent 200 in 1ms
[info] GET /en
[debug] Processing with TempmailWeb.HomeLive.index/2
  Parameters: %{"locale" => "en"}
  Pipelines: [:browser]
[debug] QUERY OK source="domains" db=0.4ms idle=1070.7ms
SELECT d0."id", d0."domain", d0."is_active", d0."is_default", d0."mailcow_id", d0."description", d0."inserted_at", d0."updated_at" FROM "domains" AS d0 WHERE (d0."is_active" = TRUE) ORDER BY d0."is_default" DESC, d0."domain" []
[90m↳ TempmailWeb.HomeLive.mount/3, at: lib/tempmail_web/live/home_live.ex:18[0m
[info] Sent 200 in 1ms
[info] GET /
[debug] Processing with TempmailWeb.HomeLive.index/2
  Parameters: %{}
  Pipelines: [:browser]
[debug] QUERY OK source="domains" db=0.4ms idle=1205.5ms
SELECT d0."id", d0."domain", d0."is_active", d0."is_default", d0."mailcow_id", d0."description", d0."inserted_at", d0."updated_at" FROM "domains" AS d0 WHERE (d0."is_active" = TRUE) ORDER BY d0."is_default" DESC, d0."domain" []
[90m↳ TempmailWeb.HomeLive.mount/3, at: lib/tempmail_web/live/home_live.ex:18[0m
[info] Sent 200 in 1ms
[info] CONNECTED TO Phoenix.LiveView.Socket in 102µs
  Transport: :websocket
  Serializer: Phoenix.Socket.V2.JSONSerializer
  Parameters: %{"_csrf_token" => "cx0GB1onBAQuCDxBBAZtAS1GXAE1FQMV2DNljNRsioM40kZTJkouWWeL", "_live_referer" => "undefined", "_mount_attempts" => "0", "_mounts" => "0", "_track_static" => %{"0" => "http://127.0.0.1:4001/assets/app.css", "1" => "http://127.0.0.1:4001/assets/app.js"}, "vsn" => "2.0.0"}
[debug] MOUNT TempmailWeb.HomeLive
  Parameters: %{"locale" => "es"}
  Session: %{"_csrf_token" => "AYHk0iVwGgqu4m7Ug-3tbBfY"}
[debug] QUERY OK source="domains" db=0.4ms idle=1292.0ms
SELECT d0."id", d0."domain", d0."is_active", d0."is_default", d0."mailcow_id", d0."description", d0."inserted_at", d0."updated_at" FROM "domains" AS d0 WHERE (d0."is_active" = TRUE) ORDER BY d0."is_default" DESC, d0."domain" []
[90m↳ TempmailWeb.HomeLive.mount/3, at: lib/tempmail_web/live/home_live.ex:18[0m
[debug] QUERY OK source="domains" db=0.3ms idle=308.5ms
SELECT d0."id", d0."domain", d0."is_active", d0."is_default", d0."mailcow_id", d0."description", d0."inserted_at", d0."updated_at" FROM "domains" AS d0 WHERE (d0."is_active" = TRUE) ORDER BY d0."is_default" DESC, d0."domain" []
[90m↳ Tempmail.Mail.choose_domain/1, at: lib/tempmail/mail.ex:64[0m
[debug] QUERY OK db=0.3ms idle=312.7ms
begin []
[90m↳ Tempmail.Mail.increment_stat/1, at: lib/tempmail/mail.ex:485[0m
[debug] QUERY OK source="email_stats" db=0.4ms
SELECT e0."id", e0."date", e0."generated", e0."received", e0."domain_id", e0."inserted_at" FROM "email_stats" AS e0 WHERE ((e0."date" = $1) AND (e0."domain_id" IS NULL)) LIMIT 1 [~D[2026-05-15]]
[90m↳ anonymous fn/3 in Ecto.Adapters.SQL.checkout_or_transaction/4, at: lib/ecto/adapters/sql.ex:1473[0m
[debug] QUERY OK source="email_stats" db=0.4ms
UPDATE "email_stats" SET "generated" = $1 WHERE "id" = $2 [25, "343f06a0-8f2f-439d-8066-7f6f30b032e3"]
[90m↳ anonymous fn/3 in Ecto.Adapters.SQL.checkout_or_transaction/4, at: lib/ecto/adapters/sql.ex:1473[0m
[debug] QUERY OK db=0.3ms
commit []
[90m↳ Tempmail.Mail.increment_stat/1, at: lib/tempmail/mail.ex:485[0m
[debug] Replied in 7ms
[info] CONNECTED TO Phoenix.LiveView.Socket in 0µs
  Transport: :websocket
  Serializer: Phoenix.Socket.V2.JSONSerializer
  Parameters: %{"_csrf_token" => "FAtgRwAGWT18UQknLQE9LTojZzVpegFZBY0563kmL7HSHtGTMoUTZ5vj", "_live_referer" => "undefined", "_mount_attempts" => "0", "_mounts" => "0", "_track_static" => %{"0" => "http://localhost:4001/assets/app.css", "1" => "http://localhost:4001/assets/app.js"}, "vsn" => "2.0.0"}
[debug] MOUNT TempmailWeb.HomeLive
  Parameters: %{"locale" => "en"}
  Session: %{"_csrf_token" => "VRPr652P0fAteuzywL2a3Ow3"}
[debug] QUERY OK source="domains" db=0.4ms idle=637.3ms
SELECT d0."id", d0."domain", d0."is_active", d0."is_default", d0."mailcow_id", d0."description", d0."inserted_at", d0."updated_at" FROM "domains" AS d0 WHERE (d0."is_active" = TRUE) ORDER BY d0."is_default" DESC, d0."domain" []
[90m↳ TempmailWeb.HomeLive.mount/3, at: lib/tempmail_web/live/home_live.ex:18[0m
[debug] QUERY OK source="domains" db=0.2ms idle=559.2ms
SELECT d0."id", d0."domain", d0."is_active", d0."is_default", d0."mailcow_id", d0."description", d0."inserted_at", d0."updated_at" FROM "domains" AS d0 WHERE (d0."is_active" = TRUE) ORDER BY d0."is_default" DESC, d0."domain" []
[90m↳ Tempmail.Mail.choose_domain/1, at: lib/tempmail/mail.ex:64[0m
[debug] QUERY OK db=0.2ms queue=0.1ms idle=562.1ms
begin []
[90m↳ Tempmail.Mail.increment_stat/1, at: lib/tempmail/mail.ex:485[0m
[debug] QUERY OK source="email_stats" db=0.4ms
SELECT e0."id", e0."date", e0."generated", e0."received", e0."domain_id", e0."inserted_at" FROM "email_stats" AS e0 WHERE ((e0."date" = $1) AND (e0."domain_id" IS NULL)) LIMIT 1 [~D[2026-05-15]]
[90m↳ anonymous fn/3 in Ecto.Adapters.SQL.checkout_or_transaction/4, at: lib/ecto/adapters/sql.ex:1473[0m
[debug] QUERY OK source="email_stats" db=0.4ms
UPDATE "email_stats" SET "generated" = $1 WHERE "id" = $2 [26, "343f06a0-8f2f-439d-8066-7f6f30b032e3"]
[90m↳ anonymous fn/3 in Ecto.Adapters.SQL.checkout_or_transaction/4, at: lib/ecto/adapters/sql.ex:1473[0m
[debug] QUERY OK db=0.3ms
commit []
[90m↳ Tempmail.Mail.increment_stat/1, at: lib/tempmail/mail.ex:485[0m
[debug] Replied in 6ms
[info] CONNECTED TO Phoenix.LiveView.Socket in 102µs
  Transport: :websocket
  Serializer: Phoenix.Socket.V2.JSONSerializer
  Parameters: %{"_csrf_token" => "Yis1HFlBcAQELw1GVDYCMRMTWDhHeBJQ4yenotBT4IL21CxHd_jYt7ec", "_live_referer" => "undefined", "_mount_attempts" => "0", "_mounts" => "0", "_track_static" => %{"0" => "http://localhost:4001/assets/app.css", "1" => "http://localhost:4001/assets/app.js"}, "vsn" => "2.0.0"}
[debug] MOUNT TempmailWeb.HomeLive
  Parameters: %{}
  Session: %{"_csrf_token" => "VRPr652P0fAteuzywL2a3Ow3"}
[debug] QUERY OK source="domains" db=0.5ms idle=948.4ms
SELECT d0."id", d0."domain", d0."is_active", d0."is_default", d0."mailcow_id", d0."description", d0."inserted_at", d0."updated_at" FROM "domains" AS d0 WHERE (d0."is_active" = TRUE) ORDER BY d0."is_default" DESC, d0."domain" []
[90m↳ TempmailWeb.HomeLive.mount/3, at: lib/tempmail_web/live/home_live.ex:18[0m
[debug] QUERY OK source="domains" db=0.5ms idle=819.3ms
SELECT d0."id", d0."domain", d0."is_active", d0."is_default", d0."mailcow_id", d0."description", d0."inserted_at", d0."updated_at" FROM "domains" AS d0 WHERE (d0."is_active" = TRUE) ORDER BY d0."is_default" DESC, d0."domain" []
[90m↳ Tempmail.Mail.choose_domain/1, at: lib/tempmail/mail.ex:64[0m
[debug] QUERY OK db=0.3ms idle=822.6ms
begin []
[90m↳ Tempmail.Mail.increment_stat/1, at: lib/tempmail/mail.ex:485[0m
[debug] QUERY OK source="email_stats" db=0.4ms
SELECT e0."id", e0."date", e0."generated", e0."received", e0."domain_id", e0."inserted_at" FROM "email_stats" AS e0 WHERE ((e0."date" = $1) AND (e0."domain_id" IS NULL)) LIMIT 1 [~D[2026-05-15]]
[90m↳ anonymous fn/3 in Ecto.Adapters.SQL.checkout_or_transaction/4, at: lib/ecto/adapters/sql.ex:1473[0m
[debug] QUERY OK source="email_stats" db=0.4ms
UPDATE "email_stats" SET "generated" = $1 WHERE "id" = $2 [27, "343f06a0-8f2f-439d-8066-7f6f30b032e3"]
[90m↳ anonymous fn/3 in Ecto.Adapters.SQL.checkout_or_transaction/4, at: lib/ecto/adapters/sql.ex:1473[0m
[debug] QUERY OK db=0.4ms
commit []
[90m↳ Tempmail.Mail.increment_stat/1, at: lib/tempmail/mail.ex:485[0m
[debug] Replied in 6ms
[info] GET /es
[debug] Processing with TempmailWeb.HomeLive.index/2
  Parameters: %{"locale" => "es"}
  Pipelines: [:browser]
[debug] QUERY OK source="domains" db=0.2ms queue=0.1ms idle=1132.6ms
SELECT d0."id", d0."domain", d0."is_active", d0."is_default", d0."mailcow_id", d0."description", d0."inserted_at", d0."updated_at" FROM "domains" AS d0 WHERE (d0."is_active" = TRUE) ORDER BY d0."is_default" DESC, d0."domain" []
[90m↳ TempmailWeb.HomeLive.mount/3, at: lib/tempmail_web/live/home_live.ex:18[0m
[info] Sent 200 in 1ms
[info] CONNECTED TO Phoenix.LiveView.Socket in 0µs
  Transport: :websocket
  Serializer: Phoenix.Socket.V2.JSONSerializer
  Parameters: %{"_csrf_token" => "FR8dJV8PHTA9UhsAWkBmDR8YXzkDLikeTFUNofKGz5jun-QXx5lMalOG", "_live_referer" => "undefined", "_mount_attempts" => "0", "_mounts" => "0", "_track_static" => %{"0" => "http://127.0.0.1:4001/assets/app.css", "1" => "http://127.0.0.1:4001/assets/app.js"}, "vsn" => "2.0.0"}
[debug] MOUNT TempmailWeb.HomeLive
  Parameters: %{"locale" => "es"}
  Session: %{"_csrf_token" => "AYHk0iVwGgqu4m7Ug-3tbBfY"}
[debug] QUERY OK source="domains" db=0.3ms idle=353.3ms
SELECT d0."id", d0."domain", d0."is_active", d0."is_default", d0."mailcow_id", d0."description", d0."inserted_at", d0."updated_at" FROM "domains" AS d0 WHERE (d0."is_active" = TRUE) ORDER BY d0."is_default" DESC, d0."domain" []
[90m↳ TempmailWeb.HomeLive.mount/3, at: lib/tempmail_web/live/home_live.ex:18[0m
[debug] QUERY OK source="domains" db=0.3ms idle=353.7ms
SELECT d0."id", d0."domain", d0."is_active", d0."is_default", d0."mailcow_id", d0."description", d0."inserted_at", d0."updated_at" FROM "domains" AS d0 WHERE (d0."is_active" = TRUE) ORDER BY d0."is_default" DESC, d0."domain" []
[90m↳ Tempmail.Mail.choose_domain/1, at: lib/tempmail/mail.ex:64[0m
[debug] QUERY OK db=0.5ms idle=356.6ms
begin []
[90m↳ Tempmail.Mail.increment_stat/1, at: lib/tempmail/mail.ex:485[0m
[debug] QUERY OK source="email_stats" db=0.6ms
SELECT e0."id", e0."date", e0."generated", e0."received", e0."domain_id", e0."inserted_at" FROM "email_stats" AS e0 WHERE ((e0."date" = $1) AND (e0."domain_id" IS NULL)) LIMIT 1 [~D[2026-05-15]]
[90m↳ anonymous fn/3 in Ecto.Adapters.SQL.checkout_or_transaction/4, at: lib/ecto/adapters/sql.ex:1473[0m
[debug] QUERY OK source="email_stats" db=0.3ms
UPDATE "email_stats" SET "generated" = $1 WHERE "id" = $2 [28, "343f06a0-8f2f-439d-8066-7f6f30b032e3"]
[90m↳ anonymous fn/3 in Ecto.Adapters.SQL.checkout_or_transaction/4, at: lib/ecto/adapters/sql.ex:1473[0m
[debug] QUERY OK db=0.3ms
commit []
[90m↳ Tempmail.Mail.increment_stat/1, at: lib/tempmail/mail.ex:485[0m
[debug] Replied in 5ms
[warning] navigate event to "http://localhost:4001/users/log_in" failed because you are redirecting across live_sessions. A full page reload will be performed instead
[info] GET /users/log_in
[debug] Processing with TempmailWeb.UserLoginLive.new/2
  Parameters: %{}
  Pipelines: [:browser, :redirect_if_user_is_authenticated]
[info] Sent 200 in 716µs
[info] CONNECTED TO Phoenix.LiveView.Socket in 102µs
  Transport: :websocket
  Serializer: Phoenix.Socket.V2.JSONSerializer
  Parameters: %{"_csrf_token" => "BiIBJEVqX31DAQZBIgUpH0cgVD54AjVSPpQVs_m-sgG5GpSf0lf_KMBa", "_live_referer" => "undefined", "_mount_attempts" => "0", "_mounts" => "0", "_track_static" => %{"0" => "http://localhost:4001/assets/app.css", "1" => "http://localhost:4001/assets/app.js"}, "vsn" => "2.0.0"}
[debug] MOUNT TempmailWeb.UserLoginLive
  Parameters: %{}
  Session: %{"_csrf_token" => "VRPr652P0fAteuzywL2a3Ow3"}
[debug] Replied in 102µs
[info] GET /en
[debug] Processing with TempmailWeb.HomeLive.index/2
  Parameters: %{"locale" => "en"}
  Pipelines: [:browser]
[debug] QUERY OK source="domains" db=0.4ms idle=1846.3ms
SELECT d0."id", d0."domain", d0."is_active", d0."is_default", d0."mailcow_id", d0."description", d0."inserted_at", d0."updated_at" FROM "domains" AS d0 WHERE (d0."is_active" = TRUE) ORDER BY d0."is_default" DESC, d0."domain" []
[90m↳ TempmailWeb.HomeLive.mount/3, at: lib/tempmail_web/live/home_live.ex:18[0m
[info] Sent 200 in 1ms
[info] CONNECTED TO Phoenix.LiveView.Socket in 102µs
  Transport: :longpoll
  Serializer: Phoenix.Socket.V2.JSONSerializer
  Parameters: %{"_csrf_token" => "FAtgRwAGWT18UQknLQE9LTojZzVpegFZBY0563kmL7HSHtGTMoUTZ5vj", "_live_referer" => "http://localhost:4001/en", "_mount_attempts" => "0", "_mounts" => "0", "_track_static" => %{"0" => "http://localhost:4001/assets/app.css", "1" => "http://localhost:4001/assets/app.js"}, "vsn" => "2.0.0"}
[info] CONNECTED TO Phoenix.LiveView.Socket in 0µs
  Transport: :longpoll
  Serializer: Phoenix.Socket.V2.JSONSerializer
  Parameters: %{"_csrf_token" => "FAtgRwAGWT18UQknLQE9LTojZzVpegFZBY0563kmL7HSHtGTMoUTZ5vj", "_live_referer" => "http://localhost:4001/en", "_mount_attempts" => "0", "_mounts" => "0", "_track_static" => %{"0" => "http://localhost:4001/assets/app.css", "1" => "http://localhost:4001/assets/app.js"}, "vsn" => "2.0.0"}
[error] GenServer #PID<0.5991.0> terminating
** (stop) :econnaborted
Process Label: {:thousand_island, :connection, {Bandit.DelegatingHandler, {{127, 0, 0, 1}, 50151}}}
Last message: {:tcp_error, #Port<0.1159>, :econnaborted}
State: {%ThousandIsland.Socket{socket: #Port<0.1159>, transport_module: ThousandIsland.Transports.TCP, read_timeout: 60000, silent_terminate_on_error: false, span: %ThousandIsland.Telemetry{span_name: :connection, telemetry_span_context: #Reference<0.1557660048.3216769026.245148>, start_time: -5764586791979117, start_metadata: %{handler: Bandit.DelegatingHandler, remote_port: 50151, remote_address: {127, 0, 0, 1}, telemetry_span_context: #Reference<0.1557660048.3216769026.245148>, parent_telemetry_span_context: #Reference<0.1557660048.3216769052.157706>}, handler: Bandit.DelegatingHandler, span_metadata: %{handler: Bandit.DelegatingHandler, telemetry_span_context: #Reference<0.1557660048.3216769026.245148>}}}, %{opts: %{http: [], websocket: [], http_1: [], http_2: []}, plug: {Phoenix.Endpoint.SyncCodeReloadPlug, {TempmailWeb.Endpoint, []}}, handler_module: Bandit.HTTP1.Handler, http_1_enabled: true, http_2_enabled: true, requests_processed: 22}}
[error] GenServer #PID<0.5673.0> terminating
** (stop) :econnaborted
Process Label: {:thousand_island, :connection, {Bandit.DelegatingHandler, {{127, 0, 0, 1}, 62299}}}
Last message: {:tcp_error, #Port<0.1090>, :econnaborted}
State: {%ThousandIsland.Socket{socket: #Port<0.1090>, transport_module: ThousandIsland.Transports.TCP, read_timeout: 60000, silent_terminate_on_error: false, span: %ThousandIsland.Telemetry{span_name: :connection, telemetry_span_context: #Reference<0.1557660048.3217031169.2069>, start_time: -5764587440639850, start_metadata: %{handler: Bandit.DelegatingHandler, remote_port: 62299, remote_address: {127, 0, 0, 1}, telemetry_span_context: #Reference<0.1557660048.3217031169.2069>, parent_telemetry_span_context: #Reference<0.1557660048.3216769053.157690>}, handler: Bandit.DelegatingHandler, span_metadata: %{handler: Bandit.DelegatingHandler, telemetry_span_context: #Reference<0.1557660048.3217031169.2069>}}}, %{opts: %{http: [], websocket: [], http_1: [], http_2: []}, plug: {Phoenix.Endpoint.SyncCodeReloadPlug, {TempmailWeb.Endpoint, []}}, handler_module: Bandit.HTTP1.Handler, http_1_enabled: true, http_2_enabled: true, requests_processed: 34}}
[info] CONNECTED TO Phoenix.LiveView.Socket in 102µs
  Transport: :websocket
  Serializer: Phoenix.Socket.V2.JSONSerializer
  Parameters: %{"_csrf_token" => "BwIFBX4GXBdDORAsMBEyVC0heipVDS51QPUwH3nGs_QXUdH-ZmHKfBYF", "_live_referer" => "undefined", "_mount_attempts" => "0", "_mounts" => "0", "_track_static" => %{"0" => "http://localhost:4001/assets/app.css", "1" => "http://localhost:4001/assets/app.js"}, "vsn" => "2.0.0"}
[debug] MOUNT TempmailWeb.HomeLive
  Parameters: %{"locale" => "en"}
  Session: %{"_csrf_token" => "VRPr652P0fAteuzywL2a3Ow3"}
[debug] QUERY OK source="domains" db=0.3ms idle=534.3ms
SELECT d0."id", d0."domain", d0."is_active", d0."is_default", d0."mailcow_id", d0."description", d0."inserted_at", d0."updated_at" FROM "domains" AS d0 WHERE (d0."is_active" = TRUE) ORDER BY d0."is_default" DESC, d0."domain" []
[90m↳ TempmailWeb.HomeLive.mount/3, at: lib/tempmail_web/live/home_live.ex:18[0m
[debug] QUERY OK source="domains" db=0.3ms idle=534.5ms
SELECT d0."id", d0."domain", d0."is_active", d0."is_default", d0."mailcow_id", d0."description", d0."inserted_at", d0."updated_at" FROM "domains" AS d0 WHERE (d0."is_active" = TRUE) ORDER BY d0."is_default" DESC, d0."domain" []
[90m↳ Tempmail.Mail.choose_domain/1, at: lib/tempmail/mail.ex:64[0m
[debug] QUERY OK db=0.1ms queue=0.1ms idle=534.4ms
begin []
[90m↳ Tempmail.Mail.increment_stat/1, at: lib/tempmail/mail.ex:485[0m
[debug] QUERY OK source="email_stats" db=0.3ms
SELECT e0."id", e0."date", e0."generated", e0."received", e0."domain_id", e0."inserted_at" FROM "email_stats" AS e0 WHERE ((e0."date" = $1) AND (e0."domain_id" IS NULL)) LIMIT 1 [~D[2026-05-15]]
[90m↳ anonymous fn/3 in Ecto.Adapters.SQL.checkout_or_transaction/4, at: lib/ecto/adapters/sql.ex:1473[0m
[debug] QUERY OK source="email_stats" db=0.3ms
UPDATE "email_stats" SET "generated" = $1 WHERE "id" = $2 [29, "343f06a0-8f2f-439d-8066-7f6f30b032e3"]
[90m↳ anonymous fn/3 in Ecto.Adapters.SQL.checkout_or_transaction/4, at: lib/ecto/adapters/sql.ex:1473[0m
[debug] QUERY OK db=0.3ms
commit []
[90m↳ Tempmail.Mail.increment_stat/1, at: lib/tempmail/mail.ex:485[0m
[debug] Replied in 5ms
[info] GET /en
[debug] Processing with TempmailWeb.HomeLive.index/2
  Parameters: %{"locale" => "en"}
  Pipelines: [:browser]
[debug] QUERY OK source="domains" db=0.2ms queue=0.1ms idle=839.2ms
SELECT d0."id", d0."domain", d0."is_active", d0."is_default", d0."mailcow_id", d0."description", d0."inserted_at", d0."updated_at" FROM "domains" AS d0 WHERE (d0."is_active" = TRUE) ORDER BY d0."is_default" DESC, d0."domain" []
[90m↳ TempmailWeb.HomeLive.mount/3, at: lib/tempmail_web/live/home_live.ex:18[0m
[info] Sent 200 in 1ms
[info] CONNECTED TO Phoenix.LiveView.Socket in 0µs
  Transport: :websocket
  Serializer: Phoenix.Socket.V2.JSONSerializer
  Parameters: %{"_csrf_token" => "ZxEVRRtveR1YVxYkKhYfLjovbSp5LjgL1CE7-ZKMh1WPOceWMc_KJaO8", "_live_referer" => "undefined", "_mount_attempts" => "0", "_mounts" => "0", "_track_static" => %{"0" => "http://localhost:4001/assets/app.css", "1" => "http://localhost:4001/assets/app.js"}, "vsn" => "2.0.0"}
[debug] MOUNT TempmailWeb.HomeLive
  Parameters: %{"locale" => "en"}
  Session: %{"_csrf_token" => "VRPr652P0fAteuzywL2a3Ow3"}
[debug] QUERY OK source="domains" db=0.3ms idle=1344.7ms
SELECT d0."id", d0."domain", d0."is_active", d0."is_default", d0."mailcow_id", d0."description", d0."inserted_at", d0."updated_at" FROM "domains" AS d0 WHERE (d0."is_active" = TRUE) ORDER BY d0."is_default" DESC, d0."domain" []
[90m↳ TempmailWeb.HomeLive.mount/3, at: lib/tempmail_web/live/home_live.ex:18[0m
[debug] QUERY OK source="domains" db=0.4ms idle=1345.1ms
SELECT d0."id", d0."domain", d0."is_active", d0."is_default", d0."mailcow_id", d0."description", d0."inserted_at", d0."updated_at" FROM "domains" AS d0 WHERE (d0."is_active" = TRUE) ORDER BY d0."is_default" DESC, d0."domain" []
[90m↳ Tempmail.Mail.choose_domain/1, at: lib/tempmail/mail.ex:64[0m
[debug] QUERY OK db=0.2ms queue=0.1ms idle=1349.1ms
begin []
[90m↳ Tempmail.Mail.increment_stat/1, at: lib/tempmail/mail.ex:485[0m
[debug] QUERY OK source="email_stats" db=0.3ms
SELECT e0."id", e0."date", e0."generated", e0."received", e0."domain_id", e0."inserted_at" FROM "email_stats" AS e0 WHERE ((e0."date" = $1) AND (e0."domain_id" IS NULL)) LIMIT 1 [~D[2026-05-15]]
[90m↳ anonymous fn/3 in Ecto.Adapters.SQL.checkout_or_transaction/4, at: lib/ecto/adapters/sql.ex:1473[0m
[debug] QUERY OK source="email_stats" db=0.3ms
UPDATE "email_stats" SET "generated" = $1 WHERE "id" = $2 [30, "343f06a0-8f2f-439d-8066-7f6f30b032e3"]
[90m↳ anonymous fn/3 in Ecto.Adapters.SQL.checkout_or_transaction/4, at: lib/ecto/adapters/sql.ex:1473[0m
[debug] QUERY OK db=0.3ms
commit []
[90m↳ Tempmail.Mail.increment_stat/1, at: lib/tempmail/mail.ex:485[0m
[debug] Replied in 6ms
[info] GET /en
[debug] Processing with TempmailWeb.HomeLive.index/2
  Parameters: %{"locale" => "en"}
  Pipelines: [:browser]
[debug] QUERY OK source="domains" db=0.2ms idle=691.8ms
SELECT d0."id", d0."domain", d0."is_active", d0."is_default", d0."mailcow_id", d0."description", d0."inserted_at", d0."updated_at" FROM "domains" AS d0 WHERE (d0."is_active" = TRUE) ORDER BY d0."is_default" DESC, d0."domain" []
[90m↳ TempmailWeb.HomeLive.mount/3, at: lib/tempmail_web/live/home_live.ex:18[0m
[info] Sent 200 in 1ms
[info] CONNECTED TO Phoenix.LiveView.Socket in 0µs
  Transport: :websocket
  Serializer: Phoenix.Socket.V2.JSONSerializer
  Parameters: %{"_csrf_token" => "L2tiHVJZCyl8PgUHVw8TDxUYVjtkFj9_y92odl9yLXDs2zivbTdZWYHL", "_live_referer" => "undefined", "_mount_attempts" => "0", "_mounts" => "0", "_track_static" => %{"0" => "http://localhost:4001/assets/app.css", "1" => "http://localhost:4001/assets/app.js"}, "vsn" => "2.0.0"}
[debug] MOUNT TempmailWeb.HomeLive
  Parameters: %{"locale" => "en"}
  Session: %{"_csrf_token" => "VRPr652P0fAteuzywL2a3Ow3"}
[debug] QUERY OK source="domains" db=0.3ms idle=517.0ms
SELECT d0."id", d0."domain", d0."is_active", d0."is_default", d0."mailcow_id", d0."description", d0."inserted_at", d0."updated_at" FROM "domains" AS d0 WHERE (d0."is_active" = TRUE) ORDER BY d0."is_default" DESC, d0."domain" []
[90m↳ TempmailWeb.HomeLive.mount/3, at: lib/tempmail_web/live/home_live.ex:18[0m
[debug] QUERY OK source="domains" db=0.2ms queue=0.1ms idle=517.4ms
SELECT d0."id", d0."domain", d0."is_active", d0."is_default", d0."mailcow_id", d0."description", d0."inserted_at", d0."updated_at" FROM "domains" AS d0 WHERE (d0."is_active" = TRUE) ORDER BY d0."is_default" DESC, d0."domain" []
[90m↳ Tempmail.Mail.choose_domain/1, at: lib/tempmail/mail.ex:64[0m
[debug] QUERY OK db=0.1ms queue=0.1ms idle=521.1ms
begin []
[90m↳ Tempmail.Mail.increment_stat/1, at: lib/tempmail/mail.ex:485[0m
[debug] QUERY OK source="email_stats" db=0.3ms
SELECT e0."id", e0."date", e0."generated", e0."received", e0."domain_id", e0."inserted_at" FROM "email_stats" AS e0 WHERE ((e0."date" = $1) AND (e0."domain_id" IS NULL)) LIMIT 1 [~D[2026-05-15]]
[90m↳ anonymous fn/3 in Ecto.Adapters.SQL.checkout_or_transaction/4, at: lib/ecto/adapters/sql.ex:1473[0m
[debug] QUERY OK source="email_stats" db=0.3ms
UPDATE "email_stats" SET "generated" = $1 WHERE "id" = $2 [31, "343f06a0-8f2f-439d-8066-7f6f30b032e3"]
[90m↳ anonymous fn/3 in Ecto.Adapters.SQL.checkout_or_transaction/4, at: lib/ecto/adapters/sql.ex:1473[0m
[debug] QUERY OK db=0.3ms
commit []
[90m↳ Tempmail.Mail.increment_stat/1, at: lib/tempmail/mail.ex:485[0m
[debug] Replied in 5ms
[info] GET /en
[debug] Processing with TempmailWeb.HomeLive.index/2
  Parameters: %{"locale" => "en"}
  Pipelines: [:browser]
[debug] QUERY OK source="domains" db=0.3ms idle=836.8ms
SELECT d0."id", d0."domain", d0."is_active", d0."is_default", d0."mailcow_id", d0."description", d0."inserted_at", d0."updated_at" FROM "domains" AS d0 WHERE (d0."is_active" = TRUE) ORDER BY d0."is_default" DESC, d0."domain" []
[90m↳ TempmailWeb.HomeLive.mount/3, at: lib/tempmail_web/live/home_live.ex:18[0m
[info] Sent 200 in 1ms
[info] CONNECTED TO Phoenix.LiveView.Socket in 102µs
  Transport: :websocket
  Serializer: Phoenix.Socket.V2.JSONSerializer
  Parameters: %{"_csrf_token" => "Exc1EHFDRAh3X3kwExEtGhwIYil3CUNDEEebGvvXG98DvdWckDPHDF4p", "_live_referer" => "undefined", "_mount_attempts" => "0", "_mounts" => "0", "_track_static" => %{"0" => "http://localhost:4001/assets/app.css", "1" => "http://localhost:4001/assets/app.js"}, "vsn" => "2.0.0"}
[debug] MOUNT TempmailWeb.HomeLive
  Parameters: %{"locale" => "en"}
  Session: %{"_csrf_token" => "VRPr652P0fAteuzywL2a3Ow3"}
[debug] QUERY OK source="domains" db=0.4ms queue=0.1ms idle=1377.6ms
SELECT d0."id", d0."domain", d0."is_active", d0."is_default", d0."mailcow_id", d0."description", d0."inserted_at", d0."updated_at" FROM "domains" AS d0 WHERE (d0."is_active" = TRUE) ORDER BY d0."is_default" DESC, d0."domain" []
[90m↳ TempmailWeb.HomeLive.mount/3, at: lib/tempmail_web/live/home_live.ex:18[0m
[debug] QUERY OK source="domains" db=0.3ms idle=1359.9ms
SELECT d0."id", d0."domain", d0."is_active", d0."is_default", d0."mailcow_id", d0."description", d0."inserted_at", d0."updated_at" FROM "domains" AS d0 WHERE (d0."is_active" = TRUE) ORDER BY d0."is_default" DESC, d0."domain" []
[90m↳ Tempmail.Mail.choose_domain/1, at: lib/tempmail/mail.ex:64[0m
[debug] QUERY OK db=0.2ms queue=0.1ms idle=1363.8ms
begin []
[90m↳ Tempmail.Mail.increment_stat/1, at: lib/tempmail/mail.ex:485[0m
[debug] QUERY OK source="email_stats" db=0.4ms
SELECT e0."id", e0."date", e0."generated", e0."received", e0."domain_id", e0."inserted_at" FROM "email_stats" AS e0 WHERE ((e0."date" = $1) AND (e0."domain_id" IS NULL)) LIMIT 1 [~D[2026-05-15]]
[90m↳ anonymous fn/3 in Ecto.Adapters.SQL.checkout_or_transaction/4, at: lib/ecto/adapters/sql.ex:1473[0m
[debug] QUERY OK source="email_stats" db=0.4ms
UPDATE "email_stats" SET "generated" = $1 WHERE "id" = $2 [32, "343f06a0-8f2f-439d-8066-7f6f30b032e3"]
[90m↳ anonymous fn/3 in Ecto.Adapters.SQL.checkout_or_transaction/4, at: lib/ecto/adapters/sql.ex:1473[0m
[debug] QUERY OK db=0.4ms
commit []
[90m↳ Tempmail.Mail.increment_stat/1, at: lib/tempmail/mail.ex:485[0m
[debug] Replied in 7ms
[info] GET /en
[debug] Processing with TempmailWeb.HomeLive.index/2
  Parameters: %{"locale" => "en"}
  Pipelines: [:browser]
[debug] QUERY OK source="domains" db=0.4ms idle=1027.2ms
SELECT d0."id", d0."domain", d0."is_active", d0."is_default", d0."mailcow_id", d0."description", d0."inserted_at", d0."updated_at" FROM "domains" AS d0 WHERE (d0."is_active" = TRUE) ORDER BY d0."is_default" DESC, d0."domain" []
[90m↳ TempmailWeb.HomeLive.mount/3, at: lib/tempmail_web/live/home_live.ex:18[0m
[info] Sent 200 in 1ms
[info] CONNECTED TO Phoenix.LiveView.Socket in 0µs
  Transport: :websocket
  Serializer: Phoenix.Socket.V2.JSONSerializer
  Parameters: %{"_csrf_token" => "ZigYGHJRCxhqNHQwCQYgKgEJfipnPxlS0zHjDd9HZR5DlsZSvELKTpna", "_live_referer" => "undefined", "_mount_attempts" => "0", "_mounts" => "0", "_track_static" => %{"0" => "http://localhost:4001/assets/app.css", "1" => "http://localhost:4001/assets/app.js"}, "vsn" => "2.0.0"}
[debug] MOUNT TempmailWeb.HomeLive
  Parameters: %{"locale" => "en"}
  Session: %{"_csrf_token" => "VRPr652P0fAteuzywL2a3Ow3"}
[debug] QUERY OK source="domains" db=0.3ms queue=0.1ms idle=901.5ms
SELECT d0."id", d0."domain", d0."is_active", d0."is_default", d0."mailcow_id", d0."description", d0."inserted_at", d0."updated_at" FROM "domains" AS d0 WHERE (d0."is_active" = TRUE) ORDER BY d0."is_default" DESC, d0."domain" []
[90m↳ TempmailWeb.HomeLive.mount/3, at: lib/tempmail_web/live/home_live.ex:18[0m
[debug] QUERY OK source="domains" db=0.2ms idle=902.0ms
SELECT d0."id", d0."domain", d0."is_active", d0."is_default", d0."mailcow_id", d0."description", d0."inserted_at", d0."updated_at" FROM "domains" AS d0 WHERE (d0."is_active" = TRUE) ORDER BY d0."is_default" DESC, d0."domain" []
[90m↳ Tempmail.Mail.choose_domain/1, at: lib/tempmail/mail.ex:64[0m
[debug] QUERY OK db=0.3ms idle=904.9ms
begin []
[90m↳ Tempmail.Mail.increment_stat/1, at: lib/tempmail/mail.ex:485[0m
[debug] QUERY OK source="email_stats" db=0.5ms
SELECT e0."id", e0."date", e0."generated", e0."received", e0."domain_id", e0."inserted_at" FROM "email_stats" AS e0 WHERE ((e0."date" = $1) AND (e0."domain_id" IS NULL)) LIMIT 1 [~D[2026-05-15]]
[90m↳ anonymous fn/3 in Ecto.Adapters.SQL.checkout_or_transaction/4, at: lib/ecto/adapters/sql.ex:1473[0m
[debug] QUERY OK source="email_stats" db=0.4ms
UPDATE "email_stats" SET "generated" = $1 WHERE "id" = $2 [33, "343f06a0-8f2f-439d-8066-7f6f30b032e3"]
[90m↳ anonymous fn/3 in Ecto.Adapters.SQL.checkout_or_transaction/4, at: lib/ecto/adapters/sql.ex:1473[0m
[debug] QUERY OK db=0.3ms
commit []
[90m↳ Tempmail.Mail.increment_stat/1, at: lib/tempmail/mail.ex:485[0m
[debug] Replied in 5ms
[info] GET /es
[debug] Processing with TempmailWeb.HomeLive.index/2
  Parameters: %{"locale" => "es"}
  Pipelines: [:browser]
[debug] QUERY OK source="domains" db=0.3ms idle=1511.9ms
SELECT d0."id", d0."domain", d0."is_active", d0."is_default", d0."mailcow_id", d0."description", d0."inserted_at", d0."updated_at" FROM "domains" AS d0 WHERE (d0."is_active" = TRUE) ORDER BY d0."is_default" DESC, d0."domain" []
[90m↳ TempmailWeb.HomeLive.mount/3, at: lib/tempmail_web/live/home_live.ex:18[0m
[info] Sent 200 in 1ms
[info] CONNECTED TO Phoenix.LiveView.Socket in 0µs
  Transport: :websocket
  Serializer: Phoenix.Socket.V2.JSONSerializer
  Parameters: %{"_csrf_token" => "BG8tI3gHIycuKzkQQBpFBAFufwxaBhALE6eHHnuPiLHetwrQfCLx8DvR", "_live_referer" => "undefined", "_mount_attempts" => "0", "_mounts" => "0", "_track_static" => %{"0" => "http://127.0.0.1:4001/assets/app.css", "1" => "http://127.0.0.1:4001/assets/app.js"}, "vsn" => "2.0.0"}
[debug] MOUNT TempmailWeb.HomeLive
  Parameters: %{"locale" => "es"}
  Session: %{"_csrf_token" => "AYHk0iVwGgqu4m7Ug-3tbBfY"}
[debug] QUERY OK source="domains" db=0.4ms idle=1753.8ms
SELECT d0."id", d0."domain", d0."is_active", d0."is_default", d0."mailcow_id", d0."description", d0."inserted_at", d0."updated_at" FROM "domains" AS d0 WHERE (d0."is_active" = TRUE) ORDER BY d0."is_default" DESC, d0."domain" []
[90m↳ TempmailWeb.HomeLive.mount/3, at: lib/tempmail_web/live/home_live.ex:18[0m
[debug] QUERY OK source="domains" db=0.3ms idle=1754.4ms
SELECT d0."id", d0."domain", d0."is_active", d0."is_default", d0."mailcow_id", d0."description", d0."inserted_at", d0."updated_at" FROM "domains" AS d0 WHERE (d0."is_active" = TRUE) ORDER BY d0."is_default" DESC, d0."domain" []
[90m↳ Tempmail.Mail.choose_domain/1, at: lib/tempmail/mail.ex:64[0m
[debug] QUERY OK db=0.2ms idle=1758.6ms
begin []
[90m↳ Tempmail.Mail.increment_stat/1, at: lib/tempmail/mail.ex:485[0m
[debug] QUERY OK source="email_stats" db=0.4ms
SELECT e0."id", e0."date", e0."generated", e0."received", e0."domain_id", e0."inserted_at" FROM "email_stats" AS e0 WHERE ((e0."date" = $1) AND (e0."domain_id" IS NULL)) LIMIT 1 [~D[2026-05-15]]
[90m↳ anonymous fn/3 in Ecto.Adapters.SQL.checkout_or_transaction/4, at: lib/ecto/adapters/sql.ex:1473[0m
[debug] QUERY OK source="email_stats" db=0.4ms
UPDATE "email_stats" SET "generated" = $1 WHERE "id" = $2 [34, "343f06a0-8f2f-439d-8066-7f6f30b032e3"]
[90m↳ anonymous fn/3 in Ecto.Adapters.SQL.checkout_or_transaction/4, at: lib/ecto/adapters/sql.ex:1473[0m
[debug] QUERY OK db=0.3ms
commit []
[90m↳ Tempmail.Mail.increment_stat/1, at: lib/tempmail/mail.ex:485[0m
[debug] Replied in 6ms
[debug] Live reload: lib/tempmail_web/live/home_live.ex
[debug] Live reload: lib/tempmail_web/live/home_live.ex
[debug] Live reload: lib/tempmail_web/live/home_live.ex
[debug] Live reload: lib/tempmail_web/live/home_live.ex
[debug] Live reload: lib/tempmail_web/live/home_live.ex
[debug] Live reload: lib/tempmail_web/live/home_live.ex
[info] GET /es
[debug] Processing with TempmailWeb.HomeLive.index/2
  Parameters: %{"locale" => "es"}
  Pipelines: [:browser]
[debug] QUERY OK source="domains" db=0.4ms idle=1527.5ms
SELECT d0."id", d0."domain", d0."is_active", d0."is_default", d0."mailcow_id", d0."description", d0."inserted_at", d0."updated_at" FROM "domains" AS d0 WHERE (d0."is_active" = TRUE) ORDER BY d0."is_default" DESC, d0."domain" []
[90m↳ TempmailWeb.HomeLive.mount/3, at: lib/tempmail_web/live/home_live.ex:18[0m
[info] Sent 200 in 1ms
[info] GET /en
[debug] Processing with TempmailWeb.HomeLive.index/2
  Parameters: %{"locale" => "en"}
  Pipelines: [:browser]
[debug] QUERY OK source="domains" db=0.4ms decode=0.1ms idle=615.5ms
SELECT d0."id", d0."domain", d0."is_active", d0."is_default", d0."mailcow_id", d0."description", d0."inserted_at", d0."updated_at" FROM "domains" AS d0 WHERE (d0."is_active" = TRUE) ORDER BY d0."is_default" DESC, d0."domain" []
[90m↳ TempmailWeb.HomeLive.mount/3, at: lib/tempmail_web/live/home_live.ex:18[0m
[info] Sent 200 in 1ms
[info] CONNECTED TO Phoenix.LiveView.Socket in 0µs
  Transport: :websocket
  Serializer: Phoenix.Socket.V2.JSONSerializer
  Parameters: %{"_csrf_token" => "LTUlA3IoJS02LggUdhpZZQpARAAlLRVhllmhBAsZqIyaBwn0mmwtGos8", "_live_referer" => "undefined", "_mount_attempts" => "0", "_mounts" => "0", "_track_static" => %{"0" => "http://127.0.0.1:4001/assets/app.css", "1" => "http://127.0.0.1:4001/assets/app.js"}, "vsn" => "2.0.0"}
[debug] MOUNT TempmailWeb.HomeLive
  Parameters: %{"locale" => "es"}
  Session: %{"_csrf_token" => "AYHk0iVwGgqu4m7Ug-3tbBfY"}
[debug] QUERY OK source="domains" db=0.4ms idle=884.2ms
SELECT d0."id", d0."domain", d0."is_active", d0."is_default", d0."mailcow_id", d0."description", d0."inserted_at", d0."updated_at" FROM "domains" AS d0 WHERE (d0."is_active" = TRUE) ORDER BY d0."is_default" DESC, d0."domain" []
[90m↳ TempmailWeb.HomeLive.mount/3, at: lib/tempmail_web/live/home_live.ex:18[0m
[debug] QUERY OK source="domains" db=0.4ms idle=884.8ms
SELECT d0."id", d0."domain", d0."is_active", d0."is_default", d0."mailcow_id", d0."description", d0."inserted_at", d0."updated_at" FROM "domains" AS d0 WHERE (d0."is_active" = TRUE) ORDER BY d0."is_default" DESC, d0."domain" []
[90m↳ Tempmail.Mail.choose_domain/1, at: lib/tempmail/mail.ex:64[0m
[debug] QUERY OK db=0.2ms queue=0.1ms idle=889.2ms
begin []
[90m↳ Tempmail.Mail.increment_stat/1, at: lib/tempmail/mail.ex:485[0m
[debug] QUERY OK source="email_stats" db=0.6ms
SELECT e0."id", e0."date", e0."generated", e0."received", e0."domain_id", e0."inserted_at" FROM "email_stats" AS e0 WHERE ((e0."date" = $1) AND (e0."domain_id" IS NULL)) LIMIT 1 [~D[2026-05-15]]
[90m↳ anonymous fn/3 in Ecto.Adapters.SQL.checkout_or_transaction/4, at: lib/ecto/adapters/sql.ex:1473[0m
[debug] QUERY OK source="email_stats" db=0.5ms
UPDATE "email_stats" SET "generated" = $1 WHERE "id" = $2 [35, "343f06a0-8f2f-439d-8066-7f6f30b032e3"]
[90m↳ anonymous fn/3 in Ecto.Adapters.SQL.checkout_or_transaction/4, at: lib/ecto/adapters/sql.ex:1473[0m
[debug] QUERY OK db=0.4ms
commit []
[90m↳ Tempmail.Mail.increment_stat/1, at: lib/tempmail/mail.ex:485[0m
[debug] Replied in 7ms
[info] GET /
[debug] Processing with TempmailWeb.HomeLive.index/2
  Parameters: %{}
  Pipelines: [:browser]
[debug] QUERY OK source="domains" db=0.4ms idle=488.8ms
SELECT d0."id", d0."domain", d0."is_active", d0."is_default", d0."mailcow_id", d0."description", d0."inserted_at", d0."updated_at" FROM "domains" AS d0 WHERE (d0."is_active" = TRUE) ORDER BY d0."is_default" DESC, d0."domain" []
[90m↳ TempmailWeb.HomeLive.mount/3, at: lib/tempmail_web/live/home_live.ex:18[0m
[info] Sent 200 in 1ms

Rebuilding...
[debug] Live reload: priv/static/assets/app.css
[debug] Live reload: priv/static/assets/app.css

Done in 64ms.
[debug] Live reload: priv/static/assets/app.css
[debug] Live reload: priv/static/assets/app.css

Rebuilding...
[info] CONNECTED TO Phoenix.LiveView.Socket in 102µs
  Transport: :websocket
  Serializer: Phoenix.Socket.V2.JSONSerializer
  Parameters: %{"_csrf_token" => "L2EIFWlwBhVcAyw2NDEoAxAGBi9YeRZFy3Xg_E4ElemBQDRzgJ4Nk6av", "_live_referer" => "undefined", "_mount_attempts" => "0", "_mounts" => "0", "_track_static" => %{"0" => "http://localhost:4001/assets/app.css", "1" => "http://localhost:4001/assets/app.js"}, "vsn" => "2.0.0"}
[debug] MOUNT TempmailWeb.HomeLive
  Parameters: %{"locale" => "en"}
  Session: %{"_csrf_token" => "VRPr652P0fAteuzywL2a3Ow3"}
[debug] QUERY OK source="domains" db=0.3ms idle=679.6ms
SELECT d0."id", d0."domain", d0."is_active", d0."is_default", d0."mailcow_id", d0."description", d0."inserted_at", d0."updated_at" FROM "domains" AS d0 WHERE (d0."is_active" = TRUE) ORDER BY d0."is_default" DESC, d0."domain" []
[90m↳ TempmailWeb.HomeLive.mount/3, at: lib/tempmail_web/live/home_live.ex:18[0m
[debug] QUERY OK source="domains" db=0.2ms idle=582.7ms
SELECT d0."id", d0."domain", d0."is_active", d0."is_default", d0."mailcow_id", d0."description", d0."inserted_at", d0."updated_at" FROM "domains" AS d0 WHERE (d0."is_active" = TRUE) ORDER BY d0."is_default" DESC, d0."domain" []
[90m↳ Tempmail.Mail.choose_domain/1, at: lib/tempmail/mail.ex:64[0m
[debug] QUERY OK db=0.2ms queue=0.1ms idle=586.2ms
begin []
[90m↳ Tempmail.Mail.increment_stat/1, at: lib/tempmail/mail.ex:485[0m
[debug] QUERY OK source="email_stats" db=0.4ms
SELECT e0."id", e0."date", e0."generated", e0."received", e0."domain_id", e0."inserted_at" FROM "email_stats" AS e0 WHERE ((e0."date" = $1) AND (e0."domain_id" IS NULL)) LIMIT 1 [~D[2026-05-15]]
[90m↳ anonymous fn/3 in Ecto.Adapters.SQL.checkout_or_transaction/4, at: lib/ecto/adapters/sql.ex:1473[0m
[debug] QUERY OK source="email_stats" db=0.4ms
UPDATE "email_stats" SET "generated" = $1 WHERE "id" = $2 [36, "343f06a0-8f2f-439d-8066-7f6f30b032e3"]
[90m↳ anonymous fn/3 in Ecto.Adapters.SQL.checkout_or_transaction/4, at: lib/ecto/adapters/sql.ex:1473[0m
[debug] QUERY OK db=0.4ms
commit []
[90m↳ Tempmail.Mail.increment_stat/1, at: lib/tempmail/mail.ex:485[0m
[debug] Replied in 6ms

Done in 56ms.
[info] CONNECTED TO Phoenix.LiveView.Socket in 0µs
  Transport: :websocket
  Serializer: Phoenix.Socket.V2.JSONSerializer
  Parameters: %{"_csrf_token" => "YzkxBXttAGBqASw_CDkVKxEedQ97FiRB5kawMX20ZgmKmLoRfRGnHYSr", "_live_referer" => "undefined", "_mount_attempts" => "0", "_mounts" => "0", "_track_static" => %{"0" => "http://localhost:4001/assets/app.css", "1" => "http://localhost:4001/assets/app.js"}, "vsn" => "2.0.0"}
[debug] MOUNT TempmailWeb.HomeLive
  Parameters: %{}
  Session: %{"_csrf_token" => "VRPr652P0fAteuzywL2a3Ow3"}
[debug] QUERY OK source="domains" db=0.3ms queue=0.1ms idle=880.6ms
SELECT d0."id", d0."domain", d0."is_active", d0."is_default", d0."mailcow_id", d0."description", d0."inserted_at", d0."updated_at" FROM "domains" AS d0 WHERE (d0."is_active" = TRUE) ORDER BY d0."is_default" DESC, d0."domain" []
[90m↳ TempmailWeb.HomeLive.mount/3, at: lib/tempmail_web/live/home_live.ex:18[0m
[debug] QUERY OK source="domains" db=0.4ms idle=612.5ms
SELECT d0."id", d0."domain", d0."is_active", d0."is_default", d0."mailcow_id", d0."description", d0."inserted_at", d0."updated_at" FROM "domains" AS d0 WHERE (d0."is_active" = TRUE) ORDER BY d0."is_default" DESC, d0."domain" []
[90m↳ Tempmail.Mail.choose_domain/1, at: lib/tempmail/mail.ex:64[0m
[debug] QUERY OK db=0.2ms idle=615.9ms
begin []
[90m↳ Tempmail.Mail.increment_stat/1, at: lib/tempmail/mail.ex:485[0m
[debug] QUERY OK source="email_stats" db=0.3ms
SELECT e0."id", e0."date", e0."generated", e0."received", e0."domain_id", e0."inserted_at" FROM "email_stats" AS e0 WHERE ((e0."date" = $1) AND (e0."domain_id" IS NULL)) LIMIT 1 [~D[2026-05-15]]
[90m↳ anonymous fn/3 in Ecto.Adapters.SQL.checkout_or_transaction/4, at: lib/ecto/adapters/sql.ex:1473[0m
[debug] QUERY OK source="email_stats" db=0.3ms
UPDATE "email_stats" SET "generated" = $1 WHERE "id" = $2 [37, "343f06a0-8f2f-439d-8066-7f6f30b032e3"]
[90m↳ anonymous fn/3 in Ecto.Adapters.SQL.checkout_or_transaction/4, at: lib/ecto/adapters/sql.ex:1473[0m
[debug] QUERY OK db=0.3ms
commit []
[90m↳ Tempmail.Mail.increment_stat/1, at: lib/tempmail/mail.ex:485[0m
[debug] Replied in 6ms
[debug] HANDLE EVENT "generate" in TempmailWeb.HomeLive
  Parameters: %{"value" => ""}
[debug] QUERY OK source="domains" db=0.3ms queue=0.1ms idle=1961.9ms
SELECT d0."id", d0."domain", d0."is_active", d0."is_default", d0."mailcow_id", d0."description", d0."inserted_at", d0."updated_at" FROM "domains" AS d0 WHERE (d0."is_active" = TRUE) ORDER BY d0."is_default" DESC, d0."domain" []
[90m↳ Tempmail.Mail.choose_domain/1, at: lib/tempmail/mail.ex:64[0m
[debug] QUERY OK db=0.3ms idle=1965.6ms
begin []
[90m↳ Tempmail.Mail.increment_stat/1, at: lib/tempmail/mail.ex:485[0m
[debug] QUERY OK source="email_stats" db=0.3ms
SELECT e0."id", e0."date", e0."generated", e0."received", e0."domain_id", e0."inserted_at" FROM "email_stats" AS e0 WHERE ((e0."date" = $1) AND (e0."domain_id" IS NULL)) LIMIT 1 [~D[2026-05-15]]
[90m↳ anonymous fn/3 in Ecto.Adapters.SQL.checkout_or_transaction/4, at: lib/ecto/adapters/sql.ex:1473[0m
[debug] QUERY OK source="email_stats" db=0.3ms
UPDATE "email_stats" SET "generated" = $1 WHERE "id" = $2 [38, "343f06a0-8f2f-439d-8066-7f6f30b032e3"]
[90m↳ anonymous fn/3 in Ecto.Adapters.SQL.checkout_or_transaction/4, at: lib/ecto/adapters/sql.ex:1473[0m
[debug] QUERY OK db=0.3ms
commit []
[90m↳ Tempmail.Mail.increment_stat/1, at: lib/tempmail/mail.ex:485[0m
[debug] Replied in 5ms
[info] GET /en
[debug] Processing with TempmailWeb.HomeLive.index/2
  Parameters: %{"locale" => "en"}
  Pipelines: [:browser]
[debug] QUERY OK source="domains" db=0.3ms queue=0.1ms idle=1073.3ms
SELECT d0."id", d0."domain", d0."is_active", d0."is_default", d0."mailcow_id", d0."description", d0."inserted_at", d0."updated_at" FROM "domains" AS d0 WHERE (d0."is_active" = TRUE) ORDER BY d0."is_default" DESC, d0."domain" []
[90m↳ TempmailWeb.HomeLive.mount/3, at: lib/tempmail_web/live/home_live.ex:18[0m
[info] Sent 200 in 1ms
[info] CONNECTED TO Phoenix.LiveView.Socket in 0µs
  Transport: :websocket
  Serializer: Phoenix.Socket.V2.JSONSerializer
  Parameters: %{"_csrf_token" => "MRdgNG9-ZQgICg8wDzM9ID90XhJCDi5qgE0FYKWX8lNDjFGYH8lsqAYY", "_live_referer" => "undefined", "_mount_attempts" => "0", "_mounts" => "0", "_track_static" => %{"0" => "http://localhost:4001/assets/app.css", "1" => "http://localhost:4001/assets/app.js"}, "vsn" => "2.0.0"}
[debug] MOUNT TempmailWeb.HomeLive
  Parameters: %{"locale" => "en"}
  Session: %{"_csrf_token" => "VRPr652P0fAteuzywL2a3Ow3"}
[debug] QUERY OK source="domains" db=0.3ms queue=0.1ms idle=1607.4ms
SELECT d0."id", d0."domain", d0."is_active", d0."is_default", d0."mailcow_id", d0."description", d0."inserted_at", d0."updated_at" FROM "domains" AS d0 WHERE (d0."is_active" = TRUE) ORDER BY d0."is_default" DESC, d0."domain" []
[90m↳ TempmailWeb.HomeLive.mount/3, at: lib/tempmail_web/live/home_live.ex:18[0m
[debug] QUERY OK source="domains" db=0.3ms idle=1607.9ms
SELECT d0."id", d0."domain", d0."is_active", d0."is_default", d0."mailcow_id", d0."description", d0."inserted_at", d0."updated_at" FROM "domains" AS d0 WHERE (d0."is_active" = TRUE) ORDER BY d0."is_default" DESC, d0."domain" []
[90m↳ Tempmail.Mail.choose_domain/1, at: lib/tempmail/mail.ex:64[0m
[debug] QUERY OK db=0.3ms idle=1612.4ms
begin []
[90m↳ Tempmail.Mail.increment_stat/1, at: lib/tempmail/mail.ex:485[0m
[debug] QUERY OK source="email_stats" db=0.4ms
SELECT e0."id", e0."date", e0."generated", e0."received", e0."domain_id", e0."inserted_at" FROM "email_stats" AS e0 WHERE ((e0."date" = $1) AND (e0."domain_id" IS NULL)) LIMIT 1 [~D[2026-05-15]]
[90m↳ anonymous fn/3 in Ecto.Adapters.SQL.checkout_or_transaction/4, at: lib/ecto/adapters/sql.ex:1473[0m
[debug] QUERY OK source="email_stats" db=0.4ms
UPDATE "email_stats" SET "generated" = $1 WHERE "id" = $2 [39, "343f06a0-8f2f-439d-8066-7f6f30b032e3"]
[90m↳ anonymous fn/3 in Ecto.Adapters.SQL.checkout_or_transaction/4, at: lib/ecto/adapters/sql.ex:1473[0m
[debug] QUERY OK db=0.4ms
commit []
[90m↳ Tempmail.Mail.increment_stat/1, at: lib/tempmail/mail.ex:485[0m
[debug] Replied in 7ms
[watch] build started (change: "js/app.js")

Rebuilding...
[debug] Live reload: priv/static/assets/app.js
[watch] build finished[debug] Live reload: priv/static/assets/app.js

[debug] Live reload: priv/static/assets/app.js
[debug] Live reload: priv/static/assets/app.js
[debug] Live reload: priv/static/assets/app.js
[debug] Live reload: priv/static/assets/app.js

Done in 55ms.
[info] GET /es
[debug] Processing with TempmailWeb.HomeLive.index/2
  Parameters: %{"locale" => "es"}
  Pipelines: [:browser]
[debug] QUERY OK source="domains" db=0.3ms queue=0.1ms idle=1308.9ms
SELECT d0."id", d0."domain", d0."is_active", d0."is_default", d0."mailcow_id", d0."description", d0."inserted_at", d0."updated_at" FROM "domains" AS d0 WHERE (d0."is_active" = TRUE) ORDER BY d0."is_default" DESC, d0."domain" []
[90m↳ TempmailWeb.HomeLive.mount/3, at: lib/tempmail_web/live/home_live.ex:18[0m
[info] Sent 200 in 1ms
[info] GET /en
[debug] Processing with TempmailWeb.HomeLive.index/2
  Parameters: %{"locale" => "en"}
  Pipelines: [:browser]
[debug] QUERY OK source="domains" db=0.4ms idle=1396.9ms
SELECT d0."id", d0."domain", d0."is_active", d0."is_default", d0."mailcow_id", d0."description", d0."inserted_at", d0."updated_at" FROM "domains" AS d0 WHERE (d0."is_active" = TRUE) ORDER BY d0."is_default" DESC, d0."domain" []
[90m↳ TempmailWeb.HomeLive.mount/3, at: lib/tempmail_web/live/home_live.ex:18[0m
[info] Sent 200 in 2ms
[info] GET /
[debug] Processing with TempmailWeb.HomeLive.index/2
  Parameters: %{}
  Pipelines: [:browser]
[debug] QUERY OK source="domains" db=0.3ms idle=1588.4ms
SELECT d0."id", d0."domain", d0."is_active", d0."is_default", d0."mailcow_id", d0."description", d0."inserted_at", d0."updated_at" FROM "domains" AS d0 WHERE (d0."is_active" = TRUE) ORDER BY d0."is_default" DESC, d0."domain" []
[90m↳ TempmailWeb.HomeLive.mount/3, at: lib/tempmail_web/live/home_live.ex:18[0m
[info] Sent 200 in 1ms
[info] CONNECTED TO Phoenix.LiveView.Socket in 0µs
  Transport: :websocket
  Serializer: Phoenix.Socket.V2.JSONSerializer
  Parameters: %{"_csrf_token" => "PwcnAHd9YTgdHiRAMycKMEEfYxUBBwdqiUwrAHSh-xe4VRpI6SQt2HpY", "_live_referer" => "undefined", "_mount_attempts" => "0", "_mounts" => "0", "_track_static" => %{"0" => "http://localhost:4001/assets/app.css", "1" => "http://localhost:4001/assets/app.js"}, "vsn" => "2.0.0"}
[debug] MOUNT TempmailWeb.HomeLive
  Parameters: %{"locale" => "en"}
  Session: %{"_csrf_token" => "VRPr652P0fAteuzywL2a3Ow3"}
[debug] QUERY OK source="domains" db=0.3ms queue=0.1ms idle=1926.3ms
SELECT d0."id", d0."domain", d0."is_active", d0."is_default", d0."mailcow_id", d0."description", d0."inserted_at", d0."updated_at" FROM "domains" AS d0 WHERE (d0."is_active" = TRUE) ORDER BY d0."is_default" DESC, d0."domain" []
[90m↳ TempmailWeb.HomeLive.mount/3, at: lib/tempmail_web/live/home_live.ex:18[0m
[debug] QUERY OK source="domains" db=0.2ms idle=621.7ms
SELECT d0."id", d0."domain", d0."is_active", d0."is_default", d0."mailcow_id", d0."description", d0."inserted_at", d0."updated_at" FROM "domains" AS d0 WHERE (d0."is_active" = TRUE) ORDER BY d0."is_default" DESC, d0."domain" []
[90m↳ Tempmail.Mail.choose_domain/1, at: lib/tempmail/mail.ex:64[0m
[debug] QUERY OK db=0.4ms idle=624.2ms
begin []
[90m↳ Tempmail.Mail.increment_stat/1, at: lib/tempmail/mail.ex:485[0m
[debug] QUERY OK source="email_stats" db=0.5ms
SELECT e0."id", e0."date", e0."generated", e0."received", e0."domain_id", e0."inserted_at" FROM "email_stats" AS e0 WHERE ((e0."date" = $1) AND (e0."domain_id" IS NULL)) LIMIT 1 [~D[2026-05-15]]
[90m↳ anonymous fn/3 in Ecto.Adapters.SQL.checkout_or_transaction/4, at: lib/ecto/adapters/sql.ex:1473[0m
[debug] QUERY OK source="email_stats" db=0.4ms
UPDATE "email_stats" SET "generated" = $1 WHERE "id" = $2 [40, "343f06a0-8f2f-439d-8066-7f6f30b032e3"]
[90m↳ anonymous fn/3 in Ecto.Adapters.SQL.checkout_or_transaction/4, at: lib/ecto/adapters/sql.ex:1473[0m
[debug] QUERY OK db=0.4ms
commit []
[90m↳ Tempmail.Mail.increment_stat/1, at: lib/tempmail/mail.ex:485[0m
[debug] Replied in 5ms
[info] CONNECTED TO Phoenix.LiveView.Socket in 0µs
  Transport: :websocket
  Serializer: Phoenix.Socket.V2.JSONSerializer
  Parameters: %{"_csrf_token" => "LB0hHAkwAEYJDDU2diBzIh9fZwRWdQQ_mDiw9YV1NkDCBMDwxrTp47bf", "_live_referer" => "undefined", "_mount_attempts" => "0", "_mounts" => "0", "_track_static" => %{"0" => "http://127.0.0.1:4001/assets/app.css", "1" => "http://127.0.0.1:4001/assets/app.js"}, "vsn" => "2.0.0"}
[debug] MOUNT TempmailWeb.HomeLive
  Parameters: %{"locale" => "es"}
  Session: %{"_csrf_token" => "AYHk0iVwGgqu4m7Ug-3tbBfY"}
[debug] QUERY OK source="domains" db=0.3ms queue=0.1ms idle=698.1ms
SELECT d0."id", d0."domain", d0."is_active", d0."is_default", d0."mailcow_id", d0."description", d0."inserted_at", d0."updated_at" FROM "domains" AS d0 WHERE (d0."is_active" = TRUE) ORDER BY d0."is_default" DESC, d0."domain" []
[90m↳ TempmailWeb.HomeLive.mount/3, at: lib/tempmail_web/live/home_live.ex:18[0m
[debug] QUERY OK source="domains" db=0.2ms queue=0.1ms idle=614.1ms
SELECT d0."id", d0."domain", d0."is_active", d0."is_default", d0."mailcow_id", d0."description", d0."inserted_at", d0."updated_at" FROM "domains" AS d0 WHERE (d0."is_active" = TRUE) ORDER BY d0."is_default" DESC, d0."domain" []
[90m↳ Tempmail.Mail.choose_domain/1, at: lib/tempmail/mail.ex:64[0m
[debug] QUERY OK db=0.2ms idle=617.7ms
begin []
[90m↳ Tempmail.Mail.increment_stat/1, at: lib/tempmail/mail.ex:485[0m
[debug] QUERY OK source="email_stats" db=0.3ms
SELECT e0."id", e0."date", e0."generated", e0."received", e0."domain_id", e0."inserted_at" FROM "email_stats" AS e0 WHERE ((e0."date" = $1) AND (e0."domain_id" IS NULL)) LIMIT 1 [~D[2026-05-15]]
[90m↳ anonymous fn/3 in Ecto.Adapters.SQL.checkout_or_transaction/4, at: lib/ecto/adapters/sql.ex:1473[0m
[debug] QUERY OK source="email_stats" db=0.4ms
UPDATE "email_stats" SET "generated" = $1 WHERE "id" = $2 [41, "343f06a0-8f2f-439d-8066-7f6f30b032e3"]
[90m↳ anonymous fn/3 in Ecto.Adapters.SQL.checkout_or_transaction/4, at: lib/ecto/adapters/sql.ex:1473[0m
[debug] QUERY OK db=0.3ms
commit []
[90m↳ Tempmail.Mail.increment_stat/1, at: lib/tempmail/mail.ex:485[0m
[debug] Replied in 6ms
[info] CONNECTED TO Phoenix.LiveView.Socket in 0µs
  Transport: :websocket
  Serializer: Phoenix.Socket.V2.JSONSerializer
  Parameters: %{"_csrf_token" => "JWMPAAd9eGIFHnkOEEMNQDYdfggAIxwFs1_r1HJ25x8zu6w9AQLi3lk6", "_live_referer" => "undefined", "_mount_attempts" => "0", "_mounts" => "0", "_track_static" => %{"0" => "http://localhost:4001/assets/app.css", "1" => "http://localhost:4001/assets/app.js"}, "vsn" => "2.0.0"}
[debug] MOUNT TempmailWeb.HomeLive
  Parameters: %{}
  Session: %{"_csrf_token" => "VRPr652P0fAteuzywL2a3Ow3"}
[debug] QUERY OK source="domains" db=0.5ms queue=0.1ms idle=1127.8ms
SELECT d0."id", d0."domain", d0."is_active", d0."is_default", d0."mailcow_id", d0."description", d0."inserted_at", d0."updated_at" FROM "domains" AS d0 WHERE (d0."is_active" = TRUE) ORDER BY d0."is_default" DESC, d0."domain" []
[90m↳ TempmailWeb.HomeLive.mount/3, at: lib/tempmail_web/live/home_live.ex:18[0m
[debug] QUERY OK source="domains" db=0.4ms queue=0.1ms idle=939.7ms
SELECT d0."id", d0."domain", d0."is_active", d0."is_default", d0."mailcow_id", d0."description", d0."inserted_at", d0."updated_at" FROM "domains" AS d0 WHERE (d0."is_active" = TRUE) ORDER BY d0."is_default" DESC, d0."domain" []
[90m↳ Tempmail.Mail.choose_domain/1, at: lib/tempmail/mail.ex:64[0m
[debug] QUERY OK db=0.2ms idle=943.2ms
begin []
[90m↳ Tempmail.Mail.increment_stat/1, at: lib/tempmail/mail.ex:485[0m
[debug] QUERY OK source="email_stats" db=0.3ms decode=0.1ms
SELECT e0."id", e0."date", e0."generated", e0."received", e0."domain_id", e0."inserted_at" FROM "email_stats" AS e0 WHERE ((e0."date" = $1) AND (e0."domain_id" IS NULL)) LIMIT 1 [~D[2026-05-15]]
[90m↳ anonymous fn/3 in Ecto.Adapters.SQL.checkout_or_transaction/4, at: lib/ecto/adapters/sql.ex:1473[0m
[debug] QUERY OK source="email_stats" db=0.6ms
UPDATE "email_stats" SET "generated" = $1 WHERE "id" = $2 [42, "343f06a0-8f2f-439d-8066-7f6f30b032e3"]
[90m↳ anonymous fn/3 in Ecto.Adapters.SQL.checkout_or_transaction/4, at: lib/ecto/adapters/sql.ex:1473[0m
[debug] QUERY OK db=0.4ms
commit []
[90m↳ Tempmail.Mail.increment_stat/1, at: lib/tempmail/mail.ex:485[0m
[debug] Replied in 6ms
[debug] Live reload: lib/tempmail_web/components/layouts/app.html.heex
[debug] Live reload: lib/tempmail_web/components/layouts/app.html.heex
[debug] Live reload: lib/tempmail_web/components/layouts/app.html.heex
[debug] Live reload: lib/tempmail_web/components/layouts/app.html.heex
[debug] Live reload: lib/tempmail_web/components/layouts/app.html.heex
[debug] Live reload: lib/tempmail_web/components/layouts/app.html.heex

Rebuilding...

Done in 58ms.
[debug] Live reload: lib/tempmail_web/components/layouts.ex
[debug] Live reload: lib/tempmail_web/components/layouts.ex
[debug] Live reload: lib/tempmail_web/components/layouts.ex
Compiling 1 file (.ex)

Rebuilding...
[error] GenServer #PID<0.6682.0> terminating
** (ArgumentError) no "app" html template defined for TempmailWeb.Layouts  (the module does not exist)
    (phoenix_template 1.0.4) lib/phoenix/template.ex:248: Phoenix.Template.render_with_fallback/4
    (phoenix_live_view 1.1.30) lib/phoenix_live_view/renderer.ex:113: Phoenix.LiveView.Renderer.to_rendered/2
    (phoenix_live_view 1.1.30) lib/phoenix_live_view/channel.ex:1016: anonymous fn/4 in Phoenix.LiveView.Channel.render_diff/3
    (telemetry 1.4.2) c:/Users/User/Documents/tempmail/tempmail_phoenix/deps/telemetry/src/telemetry.erl:359: :telemetry.span/3
    (phoenix_live_view 1.1.30) lib/phoenix_live_view/channel.ex:1012: Phoenix.LiveView.Channel.render_diff/3
    (phoenix_live_view 1.1.30) lib/phoenix_live_view/channel.ex:842: Phoenix.LiveView.Channel.handle_changed/4
    (stdlib 7.3) gen_server.erl:2434: :gen_server.try_handle_info/3
    (stdlib 7.3) gen_server.erl:2420: :gen_server.handle_msg/3
    (stdlib 7.3) proc_lib.erl:333: :proc_lib.init_p_do_apply/3
Process Label: {Phoenix.LiveView, TempmailWeb.HomeLive, "lv:phx-GK_NKzJ7NLxMCxOB"}
Last message: :tick
State: %{socket: #Phoenix.LiveView.Socket<id: "phx-GK_NKzJ7NLxMCxOB", endpoint: TempmailWeb.Endpoint, view: TempmailWeb.HomeLive, parent_pid: nil, root_pid: #PID<0.6682.0>, router: TempmailWeb.Router, assigns: %{error: nil, ttl: 591, __changed__: %{}, page_title: "TempMail Central", current_user: nil, flash: %{}, locale: "en", copied: false, domains: [%Tempmail.Mail.Domain{__meta__: #Ecto.Schema.Metadata<:loaded, "domains">, id: "701c3be0-1d47-4e82-b75d-5de422ed4198", domain: "tempmail.com", is_active: true, is_default: true, mailcow_id: nil, description: "Default generated-address domain", inserted_at: ~U[2026-05-15 16:47:12Z], updated_at: ~U[2026-05-15 16:47:12Z]}], emails: [], selected_email: nil, temp_email: %{id: "fqegdslmcc", ttl: 600, domain: "tempmail.com", address: "fqegdslmcc@tempmail.com", createdAt: 1778865964187, expiresAt: 1778866564187}, live_action: :index}, transport_pid: #PID<0.6666.0>, sticky?: false, ...>, components: {%{}, %{}, 1}, topic: "lv:phx-GK_NKzJ7NLxMCxOB", serializer: Phoenix.Socket.V2.JSONSerializer, join_ref: "4", fingerprints: {259177432804230922294161769037430830504, %{0 => {145458554926347085599406933746200324508, %{3 => {162507577976356165664750722117190383039, %{0 => {186535234927841211147703478600653529801, %{}}}}}}, 1 => {145458554926347085599406933746200324508, %{3 => {103820951658394104739092330363250598147, %{0 => {186535234927841211147703478600653529801, %{}}}}}}, 2 => {186535234927841211147703478600653529801, %{}}, 4 => {186535234927841211147703478600653529801, %{}}, 5 => {49988251603722500889478028184796178817, %{0 => %{index: 0, vars: %{code: "en", name: "English", flag: "🇺🇸"}, child_prints: %{4 => {5032202667200881744330777165653533753, %{0 => {186535234927841211147703478600653529801, %{}}}}}}, 1 => %{index: 1, vars: %{code: "es", name: "Español", flag: "🇪🇸"}, child_prints: %{}}, 2 => %{index: 2, vars: %{code: "fr", name: "Français", flag: "🇫🇷"}, child_prints: %{}}, 3 => %{index: 3, vars: %{code: "de", name: "Deutsch", flag: "🇩🇪"}, child_prints: %{}}, 4 => %{index: 4, vars: %{code: "pt", name: "Português", flag: "🇧🇷"}, child_prints: %{}}, 5 => %{index: 5, vars: %{code: "zh", name: "中文", flag: "🇨🇳"}, child_prints: %{}}, 6 => %{index: 6, vars: %{code: "ja", name: "日本語", flag: "🇯🇵"}, child_prints: %{}}, 7 => %{index: 7, vars: %{code: "ar", name: "العربية", flag: "🇸🇦"}, child_prints: %{}}, ...}}, ...}}, ...}

Done in 59ms.
Generated tempmail app
[info] GET /es
[debug] Processing with TempmailWeb.HomeLive.index/2
  Parameters: %{"locale" => "es"}
  Pipelines: [:browser]
[debug] QUERY OK source="domains" db=0.3ms idle=1760.7ms
SELECT d0."id", d0."domain", d0."is_active", d0."is_default", d0."mailcow_id", d0."description", d0."inserted_at", d0."updated_at" FROM "domains" AS d0 WHERE (d0."is_active" = TRUE) ORDER BY d0."is_default" DESC, d0."domain" []
[90m↳ TempmailWeb.HomeLive.mount/3, at: lib/tempmail_web/live/home_live.ex:18[0m
[info] Sent 200 in 5ms
[debug] Live reload: lib/tempmail_web/components/layouts.ex
[debug] Live reload: lib/tempmail_web/components/layouts.ex
[info] GET /
[debug] Processing with TempmailWeb.HomeLive.index/2
  Parameters: %{}
  Pipelines: [:browser]
[info] GET /en
[debug] Processing with TempmailWeb.HomeLive.index/2
  Parameters: %{"locale" => "en"}
  Pipelines: [:browser]
[debug] QUERY OK source="domains" db=0.3ms queue=0.1ms idle=830.2ms
SELECT d0."id", d0."domain", d0."is_active", d0."is_default", d0."mailcow_id", d0."description", d0."inserted_at", d0."updated_at" FROM "domains" AS d0 WHERE (d0."is_active" = TRUE) ORDER BY d0."is_default" DESC, d0."domain" []
[90m↳ TempmailWeb.HomeLive.mount/3, at: lib/tempmail_web/live/home_live.ex:18[0m
[debug] QUERY OK source="domains" db=0.3ms queue=0.1ms idle=830.2ms
SELECT d0."id", d0."domain", d0."is_active", d0."is_default", d0."mailcow_id", d0."description", d0."inserted_at", d0."updated_at" FROM "domains" AS d0 WHERE (d0."is_active" = TRUE) ORDER BY d0."is_default" DESC, d0."domain" []
[90m↳ TempmailWeb.HomeLive.mount/3, at: lib/tempmail_web/live/home_live.ex:18[0m
[info] Sent 200 in 1ms
[info] Sent 200 in 1ms

Rebuilding...
[info] CONNECTED TO Phoenix.LiveView.Socket in 0µs
  Transport: :websocket
  Serializer: Phoenix.Socket.V2.JSONSerializer
  Parameters: %{"_csrf_token" => "GTQuAUMBJk5xJUgaDVVNGUoZckAzGBMBXmfjshp96B9o98zL-4A4QZuX", "_live_referer" => "undefined", "_mount_attempts" => "0", "_mounts" => "0", "_track_static" => %{"0" => "http://127.0.0.1:4001/assets/app.css", "1" => "http://127.0.0.1:4001/assets/app.js"}, "vsn" => "2.0.0"}
[debug] MOUNT TempmailWeb.HomeLive
  Parameters: %{"locale" => "es"}
  Session: %{"_csrf_token" => "AYHk0iVwGgqu4m7Ug-3tbBfY"}
[debug] QUERY OK source="domains" db=0.4ms idle=1042.8ms
SELECT d0."id", d0."domain", d0."is_active", d0."is_default", d0."mailcow_id", d0."description", d0."inserted_at", d0."updated_at" FROM "domains" AS d0 WHERE (d0."is_active" = TRUE) ORDER BY d0."is_default" DESC, d0."domain" []
[90m↳ TempmailWeb.HomeLive.mount/3, at: lib/tempmail_web/live/home_live.ex:18[0m
[debug] QUERY OK source="domains" db=0.4ms idle=297.6ms
SELECT d0."id", d0."domain", d0."is_active", d0."is_default", d0."mailcow_id", d0."description", d0."inserted_at", d0."updated_at" FROM "domains" AS d0 WHERE (d0."is_active" = TRUE) ORDER BY d0."is_default" DESC, d0."domain" []
[90m↳ Tempmail.Mail.choose_domain/1, at: lib/tempmail/mail.ex:64[0m
[debug] QUERY OK db=0.3ms idle=300.3ms
begin []
[90m↳ Tempmail.Mail.increment_stat/1, at: lib/tempmail/mail.ex:485[0m
[debug] QUERY OK source="email_stats" db=0.4ms
SELECT e0."id", e0."date", e0."generated", e0."received", e0."domain_id", e0."inserted_at" FROM "email_stats" AS e0 WHERE ((e0."date" = $1) AND (e0."domain_id" IS NULL)) LIMIT 1 [~D[2026-05-15]]
[90m↳ anonymous fn/3 in Ecto.Adapters.SQL.checkout_or_transaction/4, at: lib/ecto/adapters/sql.ex:1473[0m
[debug] QUERY OK source="email_stats" db=0.3ms
UPDATE "email_stats" SET "generated" = $1 WHERE "id" = $2 [43, "343f06a0-8f2f-439d-8066-7f6f30b032e3"]
[90m↳ anonymous fn/3 in Ecto.Adapters.SQL.checkout_or_transaction/4, at: lib/ecto/adapters/sql.ex:1473[0m
[debug] QUERY OK db=0.4ms
commit []
[90m↳ Tempmail.Mail.increment_stat/1, at: lib/tempmail/mail.ex:485[0m
[debug] Replied in 7ms

Done in 55ms.
[info] CONNECTED TO Phoenix.LiveView.Socket in 0µs
  Transport: :websocket
  Serializer: Phoenix.Socket.V2.JSONSerializer
  Parameters: %{"_csrf_token" => "JB00E3R7f2JRNy0hUjMDTRwrWlleDRJ_rOdaBNM2aQlU7Fy4kgh8mBeL", "_live_referer" => "undefined", "_mount_attempts" => "0", "_mounts" => "0", "_track_static" => %{"0" => "http://localhost:4001/assets/app.css", "1" => "http://localhost:4001/assets/app.js"}, "vsn" => "2.0.0"}
[info] CONNECTED TO Phoenix.LiveView.Socket in 0µs
  Transport: :websocket
  Serializer: Phoenix.Socket.V2.JSONSerializer
  Parameters: %{"_csrf_token" => "AAA5A0VtdhNyHBAyAEcqDSMmdS5KIEF7VRiqsXDCBzQFe2PtTjGOyo6H", "_live_referer" => "undefined", "_mount_attempts" => "0", "_mounts" => "0", "_track_static" => %{"0" => "http://localhost:4001/assets/app.css", "1" => "http://localhost:4001/assets/app.js"}, "vsn" => "2.0.0"}
[debug] MOUNT TempmailWeb.HomeLive
  Parameters: %{"locale" => "en"}
  Session: %{"_csrf_token" => "VRPr652P0fAteuzywL2a3Ow3"}
[debug] QUERY OK source="domains" db=0.4ms queue=0.1ms idle=829.4ms
SELECT d0."id", d0."domain", d0."is_active", d0."is_default", d0."mailcow_id", d0."description", d0."inserted_at", d0."updated_at" FROM "domains" AS d0 WHERE (d0."is_active" = TRUE) ORDER BY d0."is_default" DESC, d0."domain" []
[90m↳ TempmailWeb.HomeLive.mount/3, at: lib/tempmail_web/live/home_live.ex:18[0m
[debug] QUERY OK source="domains" db=0.5ms idle=757.8ms
SELECT d0."id", d0."domain", d0."is_active", d0."is_default", d0."mailcow_id", d0."description", d0."inserted_at", d0."updated_at" FROM "domains" AS d0 WHERE (d0."is_active" = TRUE) ORDER BY d0."is_default" DESC, d0."domain" []
[90m↳ Tempmail.Mail.choose_domain/1, at: lib/tempmail/mail.ex:64[0m
[debug] QUERY OK db=0.2ms idle=761.3ms
begin []
[90m↳ Tempmail.Mail.increment_stat/1, at: lib/tempmail/mail.ex:485[0m
[debug] QUERY OK source="email_stats" db=0.4ms
SELECT e0."id", e0."date", e0."generated", e0."received", e0."domain_id", e0."inserted_at" FROM "email_stats" AS e0 WHERE ((e0."date" = $1) AND (e0."domain_id" IS NULL)) LIMIT 1 [~D[2026-05-15]]
[90m↳ anonymous fn/3 in Ecto.Adapters.SQL.checkout_or_transaction/4, at: lib/ecto/adapters/sql.ex:1473[0m
[debug] QUERY OK source="email_stats" db=0.4ms
UPDATE "email_stats" SET "generated" = $1 WHERE "id" = $2 [44, "343f06a0-8f2f-439d-8066-7f6f30b032e3"]
[90m↳ anonymous fn/3 in Ecto.Adapters.SQL.checkout_or_transaction/4, at: lib/ecto/adapters/sql.ex:1473[0m
[debug] QUERY OK db=0.4ms
commit []
[90m↳ Tempmail.Mail.increment_stat/1, at: lib/tempmail/mail.ex:485[0m
[debug] Replied in 6ms
[debug] MOUNT TempmailWeb.HomeLive
  Parameters: %{}
  Session: %{"_csrf_token" => "VRPr652P0fAteuzywL2a3Ow3"}
[debug] QUERY OK source="domains" db=0.5ms queue=0.1ms idle=895.7ms
SELECT d0."id", d0."domain", d0."is_active", d0."is_default", d0."mailcow_id", d0."description", d0."inserted_at", d0."updated_at" FROM "domains" AS d0 WHERE (d0."is_active" = TRUE) ORDER BY d0."is_default" DESC, d0."domain" []
[90m↳ TempmailWeb.HomeLive.mount/3, at: lib/tempmail_web/live/home_live.ex:18[0m
[debug] QUERY OK source="domains" db=0.4ms idle=896.6ms
SELECT d0."id", d0."domain", d0."is_active", d0."is_default", d0."mailcow_id", d0."description", d0."inserted_at", d0."updated_at" FROM "domains" AS d0 WHERE (d0."is_active" = TRUE) ORDER BY d0."is_default" DESC, d0."domain" []
[90m↳ Tempmail.Mail.choose_domain/1, at: lib/tempmail/mail.ex:64[0m
[debug] QUERY OK db=0.2ms idle=893.6ms
begin []
[90m↳ Tempmail.Mail.increment_stat/1, at: lib/tempmail/mail.ex:485[0m
[debug] QUERY OK source="email_stats" db=0.4ms
SELECT e0."id", e0."date", e0."generated", e0."received", e0."domain_id", e0."inserted_at" FROM "email_stats" AS e0 WHERE ((e0."date" = $1) AND (e0."domain_id" IS NULL)) LIMIT 1 [~D[2026-05-15]]
[90m↳ anonymous fn/3 in Ecto.Adapters.SQL.checkout_or_transaction/4, at: lib/ecto/adapters/sql.ex:1473[0m
[debug] QUERY OK source="email_stats" db=0.5ms
UPDATE "email_stats" SET "generated" = $1 WHERE "id" = $2 [45, "343f06a0-8f2f-439d-8066-7f6f30b032e3"]
[90m↳ anonymous fn/3 in Ecto.Adapters.SQL.checkout_or_transaction/4, at: lib/ecto/adapters/sql.ex:1473[0m
[debug] QUERY OK db=0.4ms
commit []
[90m↳ Tempmail.Mail.increment_stat/1, at: lib/tempmail/mail.ex:485[0m
[debug] Replied in 7ms
[info] GET /es
[debug] Processing with TempmailWeb.HomeLive.index/2
  Parameters: %{"locale" => "es"}
  Pipelines: [:browser]
[debug] QUERY OK source="domains" db=0.3ms queue=0.1ms idle=1321.8ms
SELECT d0."id", d0."domain", d0."is_active", d0."is_default", d0."mailcow_id", d0."description", d0."inserted_at", d0."updated_at" FROM "domains" AS d0 WHERE (d0."is_active" = TRUE) ORDER BY d0."is_default" DESC, d0."domain" []
[90m↳ TempmailWeb.HomeLive.mount/3, at: lib/tempmail_web/live/home_live.ex:18[0m
[info] Sent 200 in 1ms
[info] CONNECTED TO Phoenix.LiveView.Socket in 0µs
  Transport: :websocket
  Serializer: Phoenix.Socket.V2.JSONSerializer
  Parameters: %{"_csrf_token" => "FyZpJBtfd2RnBXk1Ax0CMyMpHxtbYjBGAt9V-jE4Wc8AfhxJTe-zh-Gu", "_live_referer" => "undefined", "_mount_attempts" => "0", "_mounts" => "0", "_track_static" => %{"0" => "http://localhost:4001/assets/app.css", "1" => "http://localhost:4001/assets/app.js"}, "vsn" => "2.0.0"}
[debug] MOUNT TempmailWeb.HomeLive
  Parameters: %{"locale" => "es"}
  Session: %{"_csrf_token" => "VRPr652P0fAteuzywL2a3Ow3"}
[debug] QUERY OK source="domains" db=0.5ms idle=1825.1ms
SELECT d0."id", d0."domain", d0."is_active", d0."is_default", d0."mailcow_id", d0."description", d0."inserted_at", d0."updated_at" FROM "domains" AS d0 WHERE (d0."is_active" = TRUE) ORDER BY d0."is_default" DESC, d0."domain" []
[90m↳ TempmailWeb.HomeLive.mount/3, at: lib/tempmail_web/live/home_live.ex:18[0m
[debug] QUERY OK source="domains" db=0.4ms idle=1825.7ms
SELECT d0."id", d0."domain", d0."is_active", d0."is_default", d0."mailcow_id", d0."description", d0."inserted_at", d0."updated_at" FROM "domains" AS d0 WHERE (d0."is_active" = TRUE) ORDER BY d0."is_default" DESC, d0."domain" []
[90m↳ Tempmail.Mail.choose_domain/1, at: lib/tempmail/mail.ex:64[0m
[debug] QUERY OK db=0.2ms idle=1828.9ms
begin []
[90m↳ Tempmail.Mail.increment_stat/1, at: lib/tempmail/mail.ex:485[0m
[debug] QUERY OK source="email_stats" db=0.2ms
SELECT e0."id", e0."date", e0."generated", e0."received", e0."domain_id", e0."inserted_at" FROM "email_stats" AS e0 WHERE ((e0."date" = $1) AND (e0."domain_id" IS NULL)) LIMIT 1 [~D[2026-05-15]]
[90m↳ anonymous fn/3 in Ecto.Adapters.SQL.checkout_or_transaction/4, at: lib/ecto/adapters/sql.ex:1473[0m
[debug] QUERY OK source="email_stats" db=0.2ms
UPDATE "email_stats" SET "generated" = $1 WHERE "id" = $2 [46, "343f06a0-8f2f-439d-8066-7f6f30b032e3"]
[90m↳ anonymous fn/3 in Ecto.Adapters.SQL.checkout_or_transaction/4, at: lib/ecto/adapters/sql.ex:1473[0m
[debug] QUERY OK db=0.3ms
commit []
[90m↳ Tempmail.Mail.increment_stat/1, at: lib/tempmail/mail.ex:485[0m
[debug] Replied in 5ms
[debug] Live reload: priv/static/assets/app.css
[debug] Live reload: priv/static/assets/app.css
[debug] Live reload: priv/static/assets/app.css
[debug] Live reload: priv/static/assets/app.css
[debug] Live reload: priv/static/assets/app.css
[debug] Live reload: priv/static/assets/app.css
[debug] Live reload: priv/static/assets/app.js
[debug] Live reload: priv/static/assets/app.js
[debug] Live reload: priv/static/assets/app.js
[debug] Live reload: priv/static/assets/app.js
[debug] Live reload: priv/static/assets/app.js
[debug] Live reload: priv/static/assets/app.js
[info] GET /es
[debug] Processing with TempmailWeb.HomeLive.index/2
  Parameters: %{"locale" => "es"}
  Pipelines: [:browser]
[debug] QUERY OK source="domains" db=0.4ms idle=1720.7ms
SELECT d0."id", d0."domain", d0."is_active", d0."is_default", d0."mailcow_id", d0."description", d0."inserted_at", d0."updated_at" FROM "domains" AS d0 WHERE (d0."is_active" = TRUE) ORDER BY d0."is_default" DESC, d0."domain" []
[90m↳ TempmailWeb.HomeLive.mount/3, at: lib/tempmail_web/live/home_live.ex:18[0m
[info] Sent 200 in 1ms
[info] CONNECTED TO Phoenix.LiveView.Socket in 0µs
  Transport: :websocket
  Serializer: Phoenix.Socket.V2.JSONSerializer
  Parameters: %{"_csrf_token" => "dhEEHnNRPxZwM0gCTj9cCioeXCMTIAsj7HLuC8ia7T9wzRk_M3oWqbmz", "_live_referer" => "undefined", "_mount_attempts" => "0", "_mounts" => "0", "_track_static" => %{"0" => "http://127.0.0.1:4001/assets/app.css", "1" => "http://127.0.0.1:4001/assets/app.js"}, "vsn" => "2.0.0"}
[debug] MOUNT TempmailWeb.HomeLive
  Parameters: %{"locale" => "es"}
  Session: %{"_csrf_token" => "AYHk0iVwGgqu4m7Ug-3tbBfY"}
[debug] QUERY OK source="domains" db=0.4ms idle=2004.6ms
SELECT d0."id", d0."domain", d0."is_active", d0."is_default", d0."mailcow_id", d0."description", d0."inserted_at", d0."updated_at" FROM "domains" AS d0 WHERE (d0."is_active" = TRUE) ORDER BY d0."is_default" DESC, d0."domain" []
[90m↳ TempmailWeb.HomeLive.mount/3, at: lib/tempmail_web/live/home_live.ex:18[0m
[debug] QUERY OK source="domains" db=0.5ms queue=0.1ms idle=2005.1ms
SELECT d0."id", d0."domain", d0."is_active", d0."is_default", d0."mailcow_id", d0."description", d0."inserted_at", d0."updated_at" FROM "domains" AS d0 WHERE (d0."is_active" = TRUE) ORDER BY d0."is_default" DESC, d0."domain" []
[90m↳ Tempmail.Mail.choose_domain/1, at: lib/tempmail/mail.ex:64[0m
[debug] QUERY OK db=0.2ms queue=0.1ms idle=2009.3ms
begin []
[90m↳ Tempmail.Mail.increment_stat/1, at: lib/tempmail/mail.ex:485[0m
[debug] QUERY OK source="email_stats" db=0.3ms
SELECT e0."id", e0."date", e0."generated", e0."received", e0."domain_id", e0."inserted_at" FROM "email_stats" AS e0 WHERE ((e0."date" = $1) AND (e0."domain_id" IS NULL)) LIMIT 1 [~D[2026-05-15]]
[90m↳ anonymous fn/3 in Ecto.Adapters.SQL.checkout_or_transaction/4, at: lib/ecto/adapters/sql.ex:1473[0m
[debug] QUERY OK source="email_stats" db=0.2ms
UPDATE "email_stats" SET "generated" = $1 WHERE "id" = $2 [47, "343f06a0-8f2f-439d-8066-7f6f30b032e3"]
[90m↳ anonymous fn/3 in Ecto.Adapters.SQL.checkout_or_transaction/4, at: lib/ecto/adapters/sql.ex:1473[0m
[debug] QUERY OK db=0.4ms
commit []
[90m↳ Tempmail.Mail.increment_stat/1, at: lib/tempmail/mail.ex:485[0m
[debug] Replied in 6ms
[info] GET /es
[debug] Processing with TempmailWeb.HomeLive.index/2
  Parameters: %{"locale" => "es"}
  Pipelines: [:browser]
[debug] QUERY OK source="domains" db=0.5ms idle=1326.1ms
SELECT d0."id", d0."domain", d0."is_active", d0."is_default", d0."mailcow_id", d0."description", d0."inserted_at", d0."updated_at" FROM "domains" AS d0 WHERE (d0."is_active" = TRUE) ORDER BY d0."is_default" DESC, d0."domain" []
[90m↳ TempmailWeb.HomeLive.mount/3, at: lib/tempmail_web/live/home_live.ex:18[0m
[info] Sent 200 in 2ms
[info] GET /
[debug] Processing with TempmailWeb.HomeLive.index/2
  Parameters: %{}
  Pipelines: [:browser]
[debug] QUERY OK source="domains" db=0.4ms idle=703.8ms
SELECT d0."id", d0."domain", d0."is_active", d0."is_default", d0."mailcow_id", d0."description", d0."inserted_at", d0."updated_at" FROM "domains" AS d0 WHERE (d0."is_active" = TRUE) ORDER BY d0."is_default" DESC, d0."domain" []
[90m↳ TempmailWeb.HomeLive.mount/3, at: lib/tempmail_web/live/home_live.ex:18[0m
[info] Sent 200 in 1ms
[info] CONNECTED TO Phoenix.LiveView.Socket in 0µs
  Transport: :websocket
  Serializer: Phoenix.Socket.V2.JSONSerializer
  Parameters: %{"_csrf_token" => "HGYqK2B2dyhBEBEfNAMyAA8PYCNGIEVaJ4zYVCExqvPkQvHyxCRBuo2i", "_live_referer" => "undefined", "_mount_attempts" => "0", "_mounts" => "0", "_track_static" => %{"0" => "http://localhost:4001/assets/app.css", "1" => "http://localhost:4001/assets/app.js"}, "vsn" => "2.0.0"}
[debug] MOUNT TempmailWeb.HomeLive
  Parameters: %{"locale" => "es"}
  Session: %{"_csrf_token" => "VRPr652P0fAteuzywL2a3Ow3"}
[debug] QUERY OK source="domains" db=0.4ms queue=0.1ms idle=807.4ms
SELECT d0."id", d0."domain", d0."is_active", d0."is_default", d0."mailcow_id", d0."description", d0."inserted_at", d0."updated_at" FROM "domains" AS d0 WHERE (d0."is_active" = TRUE) ORDER BY d0."is_default" DESC, d0."domain" []
[90m↳ TempmailWeb.HomeLive.mount/3, at: lib/tempmail_web/live/home_live.ex:18[0m
[debug] QUERY OK source="domains" db=0.3ms decode=0.1ms idle=807.5ms
SELECT d0."id", d0."domain", d0."is_active", d0."is_default", d0."mailcow_id", d0."description", d0."inserted_at", d0."updated_at" FROM "domains" AS d0 WHERE (d0."is_active" = TRUE) ORDER BY d0."is_default" DESC, d0."domain" []
[90m↳ Tempmail.Mail.choose_domain/1, at: lib/tempmail/mail.ex:64[0m
[debug] QUERY OK db=0.2ms idle=805.7ms
begin []
[90m↳ Tempmail.Mail.increment_stat/1, at: lib/tempmail/mail.ex:485[0m
[debug] QUERY OK source="email_stats" db=0.3ms
SELECT e0."id", e0."date", e0."generated", e0."received", e0."domain_id", e0."inserted_at" FROM "email_stats" AS e0 WHERE ((e0."date" = $1) AND (e0."domain_id" IS NULL)) LIMIT 1 [~D[2026-05-15]]
[90m↳ anonymous fn/3 in Ecto.Adapters.SQL.checkout_or_transaction/4, at: lib/ecto/adapters/sql.ex:1473[0m
[debug] QUERY OK source="email_stats" db=0.3ms
UPDATE "email_stats" SET "generated" = $1 WHERE "id" = $2 [48, "343f06a0-8f2f-439d-8066-7f6f30b032e3"]
[90m↳ anonymous fn/3 in Ecto.Adapters.SQL.checkout_or_transaction/4, at: lib/ecto/adapters/sql.ex:1473[0m
[debug] QUERY OK db=0.4ms
commit []
[90m↳ Tempmail.Mail.increment_stat/1, at: lib/tempmail/mail.ex:485[0m
[debug] Replied in 6ms
[info] CONNECTED TO Phoenix.LiveView.Socket in 0µs
  Transport: :websocket
  Serializer: Phoenix.Socket.V2.JSONSerializer
  Parameters: %{"_csrf_token" => "GAQhHAJlCzV4EisyAypCTQc9AT5rGjVxNVqn4P9eHtjFf_84pq3_XUBB", "_live_referer" => "undefined", "_mount_attempts" => "0", "_mounts" => "0", "_track_static" => %{"0" => "http://localhost:4001/assets/app.css", "1" => "http://localhost:4001/assets/app.js"}, "vsn" => "2.0.0"}
[debug] MOUNT TempmailWeb.HomeLive
  Parameters: %{}
  Session: %{"_csrf_token" => "VRPr652P0fAteuzywL2a3Ow3"}
[debug] QUERY OK source="domains" db=0.3ms idle=1288.2ms
SELECT d0."id", d0."domain", d0."is_active", d0."is_default", d0."mailcow_id", d0."description", d0."inserted_at", d0."updated_at" FROM "domains" AS d0 WHERE (d0."is_active" = TRUE) ORDER BY d0."is_default" DESC, d0."domain" []
[90m↳ TempmailWeb.HomeLive.mount/3, at: lib/tempmail_web/live/home_live.ex:18[0m
[debug] QUERY OK source="domains" db=0.3ms idle=965.3ms
SELECT d0."id", d0."domain", d0."is_active", d0."is_default", d0."mailcow_id", d0."description", d0."inserted_at", d0."updated_at" FROM "domains" AS d0 WHERE (d0."is_active" = TRUE) ORDER BY d0."is_default" DESC, d0."domain" []
[90m↳ Tempmail.Mail.choose_domain/1, at: lib/tempmail/mail.ex:64[0m
[debug] QUERY OK db=0.2ms idle=968.8ms
begin []
[90m↳ Tempmail.Mail.increment_stat/1, at: lib/tempmail/mail.ex:485[0m
[debug] QUERY OK source="email_stats" db=0.4ms
SELECT e0."id", e0."date", e0."generated", e0."received", e0."domain_id", e0."inserted_at" FROM "email_stats" AS e0 WHERE ((e0."date" = $1) AND (e0."domain_id" IS NULL)) LIMIT 1 [~D[2026-05-15]]
[90m↳ anonymous fn/3 in Ecto.Adapters.SQL.checkout_or_transaction/4, at: lib/ecto/adapters/sql.ex:1473[0m
[debug] QUERY OK source="email_stats" db=0.4ms
UPDATE "email_stats" SET "generated" = $1 WHERE "id" = $2 [49, "343f06a0-8f2f-439d-8066-7f6f30b032e3"]
[90m↳ anonymous fn/3 in Ecto.Adapters.SQL.checkout_or_transaction/4, at: lib/ecto/adapters/sql.ex:1473[0m
[debug] QUERY OK db=0.3ms
commit []
[90m↳ Tempmail.Mail.increment_stat/1, at: lib/tempmail/mail.ex:485[0m
[debug] Replied in 6ms
[info] GET /.well-known/appspecific/com.chrome.devtools.json
[debug] ** (Phoenix.Router.NoRouteError) no route found for GET /.well-known/appspecific/com.chrome.devtools.json (TempmailWeb.Router)
    (tempmail 0.1.0) deps/phoenix/lib/phoenix/router.ex:541: TempmailWeb.Router.call/2
    (tempmail 0.1.0) lib/tempmail_web/endpoint.ex:1: TempmailWeb.Endpoint.plug_builder_call/2
    (tempmail 0.1.0) deps/plug/lib/plug/debugger.ex:155: TempmailWeb.Endpoint."call (overridable 3)"/2
    (tempmail 0.1.0) lib/tempmail_web/endpoint.ex:1: TempmailWeb.Endpoint.call/2
    (phoenix 1.7.23) lib/phoenix/endpoint/sync_code_reload_plug.ex:22: Phoenix.Endpoint.SyncCodeReloadPlug.do_call/4
    (bandit 1.11.1) lib/bandit/pipeline.ex:126: Bandit.Pipeline.call_plug!/2
    (bandit 1.11.1) lib/bandit/pipeline.ex:42: Bandit.Pipeline.run/5
    (bandit 1.11.1) lib/bandit/http1/handler.ex:13: Bandit.HTTP1.Handler.handle_data/3
    (bandit 1.11.1) lib/bandit/delegating_handler.ex:18: Bandit.DelegatingHandler.handle_data/3
    (bandit 1.11.1) lib/bandit/delegating_handler.ex:8: Bandit.DelegatingHandler.handle_info/2
    (stdlib 7.3) gen_server.erl:2434: :gen_server.try_handle_info/3
    (stdlib 7.3) gen_server.erl:2420: :gen_server.handle_msg/3
    (stdlib 7.3) proc_lib.erl:333: :proc_lib.init_p_do_apply/3

[info] GET /es
[debug] Processing with TempmailWeb.HomeLive.index/2
  Parameters: %{"locale" => "es"}
  Pipelines: [:browser]
[debug] QUERY OK source="domains" db=0.3ms idle=1370.5ms
SELECT d0."id", d0."domain", d0."is_active", d0."is_default", d0."mailcow_id", d0."description", d0."inserted_at", d0."updated_at" FROM "domains" AS d0 WHERE (d0."is_active" = TRUE) ORDER BY d0."is_default" DESC, d0."domain" []
[90m↳ TempmailWeb.HomeLive.mount/3, at: lib/tempmail_web/live/home_live.ex:18[0m
[info] Sent 200 in 1ms
[info] CONNECTED TO Phoenix.LiveView.Socket in 0µs
  Transport: :websocket
  Serializer: Phoenix.Socket.V2.JSONSerializer
  Parameters: %{"_csrf_token" => "dh96JgUPIS8eU0EtWFthDSFrVwAPHVQ37F2M5fwXY40Xl6VXFFdtm_2n", "_live_referer" => "undefined", "_mount_attempts" => "0", "_mounts" => "0", "_track_static" => %{"0" => "http://127.0.0.1:4001/assets/app.css", "1" => "http://127.0.0.1:4001/assets/app.js"}, "vsn" => "2.0.0"}
[debug] MOUNT TempmailWeb.HomeLive
  Parameters: %{"locale" => "es"}
  Session: %{"_csrf_token" => "AYHk0iVwGgqu4m7Ug-3tbBfY"}
[debug] QUERY OK source="domains" db=0.3ms queue=0.1ms idle=880.9ms
SELECT d0."id", d0."domain", d0."is_active", d0."is_default", d0."mailcow_id", d0."description", d0."inserted_at", d0."updated_at" FROM "domains" AS d0 WHERE (d0."is_active" = TRUE) ORDER BY d0."is_default" DESC, d0."domain" []
[90m↳ TempmailWeb.HomeLive.mount/3, at: lib/tempmail_web/live/home_live.ex:18[0m
[debug] QUERY OK source="domains" db=0.4ms queue=0.1ms idle=881.0ms
SELECT d0."id", d0."domain", d0."is_active", d0."is_default", d0."mailcow_id", d0."description", d0."inserted_at", d0."updated_at" FROM "domains" AS d0 WHERE (d0."is_active" = TRUE) ORDER BY d0."is_default" DESC, d0."domain" []
[90m↳ Tempmail.Mail.choose_domain/1, at: lib/tempmail/mail.ex:64[0m
[debug] QUERY OK db=0.2ms idle=618.2ms
begin []
[90m↳ Tempmail.Mail.increment_stat/1, at: lib/tempmail/mail.ex:485[0m
[debug] QUERY OK source="email_stats" db=0.4ms
SELECT e0."id", e0."date", e0."generated", e0."received", e0."domain_id", e0."inserted_at" FROM "email_stats" AS e0 WHERE ((e0."date" = $1) AND (e0."domain_id" IS NULL)) LIMIT 1 [~D[2026-05-15]]
[90m↳ anonymous fn/3 in Ecto.Adapters.SQL.checkout_or_transaction/4, at: lib/ecto/adapters/sql.ex:1473[0m
[debug] QUERY OK source="email_stats" db=0.3ms
UPDATE "email_stats" SET "generated" = $1 WHERE "id" = $2 [50, "343f06a0-8f2f-439d-8066-7f6f30b032e3"]
[90m↳ anonymous fn/3 in Ecto.Adapters.SQL.checkout_or_transaction/4, at: lib/ecto/adapters/sql.ex:1473[0m
[debug] QUERY OK db=0.4ms
commit []
[90m↳ Tempmail.Mail.increment_stat/1, at: lib/tempmail/mail.ex:485[0m
[debug] Replied in 6ms
[debug] Live reload: lib/tempmail_web/live/home_live.ex
[debug] Live reload: lib/tempmail_web/live/home_live.ex
[debug] Live reload: lib/tempmail_web/live/home_live.ex
[debug] Live reload: lib/tempmail_web/live/home_live.ex
[debug] Live reload: lib/tempmail_web/live/home_live.ex
[debug] Live reload: lib/tempmail_web/live/home_live.ex
[debug] warning: undefined handle_info in TempmailWeb.HomeLive. Unhandled message: :tick
Compiling 1 file (.ex)
[debug] warning: undefined handle_info in TempmailWeb.HomeLive. Unhandled message: :tick

Rebuilding...
[debug] Live reload: priv/static/assets/app.css

[debug] Live reload: priv/static/assets/app.css
Done in 62ms.
[debug] Live reload: priv/static/assets/app.css
[debug] Live reload: priv/static/assets/app.css
[debug] Live reload: priv/static/assets/app.css
[debug] Live reload: priv/static/assets/app.css
Generated tempmail app
[info] GET /es
[debug] Processing with TempmailWeb.HomeLive.index/2
  Parameters: %{"locale" => "es"}
  Pipelines: [:browser]
[debug] QUERY OK source="domains" db=0.2ms queue=0.1ms idle=1781.9ms
SELECT d0."id", d0."domain", d0."is_active", d0."is_default", d0."mailcow_id", d0."description", d0."inserted_at", d0."updated_at" FROM "domains" AS d0 WHERE (d0."is_active" = TRUE) ORDER BY d0."is_default" DESC, d0."domain" []
[90m↳ TempmailWeb.HomeLive.mount/3, at: lib/tempmail_web/live/home_live.ex:18[0m
[info] Sent 200 in 2ms
[info] GET /es
[debug] Processing with TempmailWeb.HomeLive.index/2
  Parameters: %{"locale" => "es"}
  Pipelines: [:browser]
[info] GET /
[debug] Processing with TempmailWeb.HomeLive.index/2
  Parameters: %{}
  Pipelines: [:browser]
[debug] QUERY OK source="domains" db=0.3ms idle=1866.3ms
SELECT d0."id", d0."domain", d0."is_active", d0."is_default", d0."mailcow_id", d0."description", d0."inserted_at", d0."updated_at" FROM "domains" AS d0 WHERE (d0."is_active" = TRUE) ORDER BY d0."is_default" DESC, d0."domain" []
[90m↳ TempmailWeb.HomeLive.mount/3, at: lib/tempmail_web/live/home_live.ex:18[0m
[debug] QUERY OK source="domains" db=0.4ms idle=1866.3ms
SELECT d0."id", d0."domain", d0."is_active", d0."is_default", d0."mailcow_id", d0."description", d0."inserted_at", d0."updated_at" FROM "domains" AS d0 WHERE (d0."is_active" = TRUE) ORDER BY d0."is_default" DESC, d0."domain" []
[90m↳ TempmailWeb.HomeLive.mount/3, at: lib/tempmail_web/live/home_live.ex:18[0m
[info] Sent 200 in 1ms
[info] Sent 200 in 1ms
[info] CONNECTED TO Phoenix.LiveView.Socket in 102µs
  Transport: :websocket
  Serializer: Phoenix.Socket.V2.JSONSerializer
  Parameters: %{"_csrf_token" => "HhEgMVYDYxl1FCQ7dT4POglmBxY6MiJs_HhZfj5n2sUNAS8onK4bXpD5", "_live_referer" => "undefined", "_mount_attempts" => "0", "_mounts" => "0", "_track_static" => %{"0" => "http://127.0.0.1:4001/assets/app.css", "1" => "http://127.0.0.1:4001/assets/app.js"}, "vsn" => "2.0.0"}
[debug] MOUNT TempmailWeb.HomeLive
  Parameters: %{"locale" => "es"}
  Session: %{"_csrf_token" => "AYHk0iVwGgqu4m7Ug-3tbBfY"}
[debug] QUERY OK source="domains" db=0.4ms idle=635.4ms
SELECT d0."id", d0."domain", d0."is_active", d0."is_default", d0."mailcow_id", d0."description", d0."inserted_at", d0."updated_at" FROM "domains" AS d0 WHERE (d0."is_active" = TRUE) ORDER BY d0."is_default" DESC, d0."domain" []
[90m↳ TempmailWeb.HomeLive.mount/3, at: lib/tempmail_web/live/home_live.ex:18[0m
[debug] QUERY OK source="domains" db=0.3ms queue=0.1ms idle=633.9ms
SELECT d0."id", d0."domain", d0."is_active", d0."is_default", d0."mailcow_id", d0."description", d0."inserted_at", d0."updated_at" FROM "domains" AS d0 WHERE (d0."is_active" = TRUE) ORDER BY d0."is_default" DESC, d0."domain" []
[90m↳ Tempmail.Mail.choose_domain/1, at: lib/tempmail/mail.ex:64[0m
[debug] QUERY OK db=0.3ms idle=636.2ms
begin []
[90m↳ Tempmail.Mail.increment_stat/1, at: lib/tempmail/mail.ex:485[0m
[debug] QUERY OK source="email_stats" db=0.3ms
SELECT e0."id", e0."date", e0."generated", e0."received", e0."domain_id", e0."inserted_at" FROM "email_stats" AS e0 WHERE ((e0."date" = $1) AND (e0."domain_id" IS NULL)) LIMIT 1 [~D[2026-05-15]]
[90m↳ anonymous fn/3 in Ecto.Adapters.SQL.checkout_or_transaction/4, at: lib/ecto/adapters/sql.ex:1473[0m
[debug] QUERY OK source="email_stats" db=0.4ms
UPDATE "email_stats" SET "generated" = $1 WHERE "id" = $2 [51, "343f06a0-8f2f-439d-8066-7f6f30b032e3"]
[90m↳ anonymous fn/3 in Ecto.Adapters.SQL.checkout_or_transaction/4, at: lib/ecto/adapters/sql.ex:1473[0m
[debug] QUERY OK db=0.4ms
commit []
[90m↳ Tempmail.Mail.increment_stat/1, at: lib/tempmail/mail.ex:485[0m
[debug] Replied in 7ms
[info] CONNECTED TO Phoenix.LiveView.Socket in 0µs
  Transport: :websocket
  Serializer: Phoenix.Socket.V2.JSONSerializer
  Parameters: %{"_csrf_token" => "Dh1kAEFycDNkUTYDMBxDSDsZXSpGBA9CXO4rwGBcT7wwUi91LUoKuKxq", "_live_referer" => "undefined", "_mount_attempts" => "0", "_mounts" => "0", "_track_static" => %{"0" => "http://localhost:4001/assets/app.css", "1" => "http://localhost:4001/assets/app.js"}, "vsn" => "2.0.0"}
[info] CONNECTED TO Phoenix.LiveView.Socket in 0µs
  Transport: :websocket
  Serializer: Phoenix.Socket.V2.JSONSerializer
  Parameters: %{"_csrf_token" => "BAoGG3thZmNmKHI7KjMeIBEvfDVLAzsFRXViMTT3VN3OOFdYfcNTxLL6", "_live_referer" => "undefined", "_mount_attempts" => "0", "_mounts" => "0", "_track_static" => %{"0" => "http://localhost:4001/assets/app.css", "1" => "http://localhost:4001/assets/app.js"}, "vsn" => "2.0.0"}
[debug] MOUNT TempmailWeb.HomeLive
  Parameters: %{"locale" => "es"}
  Session: %{"_csrf_token" => "VRPr652P0fAteuzywL2a3Ow3"}
[debug] QUERY OK source="domains" db=0.3ms idle=861.3ms
SELECT d0."id", d0."domain", d0."is_active", d0."is_default", d0."mailcow_id", d0."description", d0."inserted_at", d0."updated_at" FROM "domains" AS d0 WHERE (d0."is_active" = TRUE) ORDER BY d0."is_default" DESC, d0."domain" []
[90m↳ TempmailWeb.HomeLive.mount/3, at: lib/tempmail_web/live/home_live.ex:18[0m
[debug] QUERY OK source="domains" db=0.3ms idle=861.7ms
SELECT d0."id", d0."domain", d0."is_active", d0."is_default", d0."mailcow_id", d0."description", d0."inserted_at", d0."updated_at" FROM "domains" AS d0 WHERE (d0."is_active" = TRUE) ORDER BY d0."is_default" DESC, d0."domain" []
[90m↳ Tempmail.Mail.choose_domain/1, at: lib/tempmail/mail.ex:64[0m
[debug] QUERY OK db=0.2ms idle=865.0ms
begin []
[90m↳ Tempmail.Mail.increment_stat/1, at: lib/tempmail/mail.ex:485[0m
[debug] QUERY OK source="email_stats" db=0.2ms
SELECT e0."id", e0."date", e0."generated", e0."received", e0."domain_id", e0."inserted_at" FROM "email_stats" AS e0 WHERE ((e0."date" = $1) AND (e0."domain_id" IS NULL)) LIMIT 1 [~D[2026-05-15]]
[90m↳ anonymous fn/3 in Ecto.Adapters.SQL.checkout_or_transaction/4, at: lib/ecto/adapters/sql.ex:1473[0m
[debug] QUERY OK source="email_stats" db=0.2ms
UPDATE "email_stats" SET "generated" = $1 WHERE "id" = $2 [52, "343f06a0-8f2f-439d-8066-7f6f30b032e3"]
[90m↳ anonymous fn/3 in Ecto.Adapters.SQL.checkout_or_transaction/4, at: lib/ecto/adapters/sql.ex:1473[0m
[debug] QUERY OK db=0.3ms
commit []
[90m↳ Tempmail.Mail.increment_stat/1, at: lib/tempmail/mail.ex:485[0m
[debug] Replied in 5ms
[debug] MOUNT TempmailWeb.HomeLive
  Parameters: %{}
  Session: %{"_csrf_token" => "VRPr652P0fAteuzywL2a3Ow3"}
[debug] QUERY OK source="domains" db=0.3ms queue=0.1ms idle=909.3ms
SELECT d0."id", d0."domain", d0."is_active", d0."is_default", d0."mailcow_id", d0."description", d0."inserted_at", d0."updated_at" FROM "domains" AS d0 WHERE (d0."is_active" = TRUE) ORDER BY d0."is_default" DESC, d0."domain" []
[90m↳ TempmailWeb.HomeLive.mount/3, at: lib/tempmail_web/live/home_live.ex:18[0m
[debug] QUERY OK source="domains" db=0.5ms queue=0.1ms idle=906.0ms
SELECT d0."id", d0."domain", d0."is_active", d0."is_default", d0."mailcow_id", d0."description", d0."inserted_at", d0."updated_at" FROM "domains" AS d0 WHERE (d0."is_active" = TRUE) ORDER BY d0."is_default" DESC, d0."domain" []
[90m↳ Tempmail.Mail.choose_domain/1, at: lib/tempmail/mail.ex:64[0m
[debug] QUERY OK db=0.2ms idle=910.0ms
begin []
[90m↳ Tempmail.Mail.increment_stat/1, at: lib/tempmail/mail.ex:485[0m
[debug] QUERY OK source="email_stats" db=0.2ms
SELECT e0."id", e0."date", e0."generated", e0."received", e0."domain_id", e0."inserted_at" FROM "email_stats" AS e0 WHERE ((e0."date" = $1) AND (e0."domain_id" IS NULL)) LIMIT 1 [~D[2026-05-15]]
[90m↳ anonymous fn/3 in Ecto.Adapters.SQL.checkout_or_transaction/4, at: lib/ecto/adapters/sql.ex:1473[0m
[debug] QUERY OK source="email_stats" db=0.2ms
UPDATE "email_stats" SET "generated" = $1 WHERE "id" = $2 [53, "343f06a0-8f2f-439d-8066-7f6f30b032e3"]
[90m↳ anonymous fn/3 in Ecto.Adapters.SQL.checkout_or_transaction/4, at: lib/ecto/adapters/sql.ex:1473[0m
[debug] QUERY OK db=0.2ms
commit []
[90m↳ Tempmail.Mail.increment_stat/1, at: lib/tempmail/mail.ex:485[0m
[debug] Replied in 6ms
[debug] Live reload: lib/tempmail_web/live/home_live.html.heex
[debug] Live reload: lib/tempmail_web/live/home_live.html.heex
[debug] Live reload: lib/tempmail_web/live/home_live.html.heex
[debug] Live reload: lib/tempmail_web/live/home_live.html.heex
[debug] Live reload: lib/tempmail_web/live/home_live.html.heex
[debug] Live reload: lib/tempmail_web/live/home_live.html.heex
[debug] Live reload: lib/tempmail_web/live/home_live.ex
[debug] Live reload: lib/tempmail_web/live/home_live.ex
[debug] Live reload: lib/tempmail_web/live/home_live.ex
Compiling 1 file (.ex)
[debug] warning: undefined handle_info in TempmailWeb.HomeLive. Unhandled message: :tick
[debug] warning: undefined handle_info in TempmailWeb.HomeLive. Unhandled message: :tick
Generated tempmail app
[info] GET /es
[debug] Processing with TempmailWeb.HomeLive.index/2
  Parameters: %{"locale" => "es"}
  Pipelines: [:browser]
[debug] QUERY OK source="domains" db=0.4ms idle=1525.8ms
SELECT d0."id", d0."domain", d0."is_active", d0."is_default", d0."mailcow_id", d0."description", d0."inserted_at", d0."updated_at" FROM "domains" AS d0 WHERE (d0."is_active" = TRUE) ORDER BY d0."is_default" DESC, d0."domain" []
[90m↳ TempmailWeb.HomeLive.mount/3, at: lib/tempmail_web/live/home_live.ex:18[0m
[info] Sent 200 in 3ms
[info] GET /es
[debug] Processing with TempmailWeb.HomeLive.index/2
  Parameters: %{"locale" => "es"}
  Pipelines: [:browser]
[info] GET /
[debug] Processing with TempmailWeb.HomeLive.index/2
  Parameters: %{}
  Pipelines: [:browser]
[debug] QUERY OK source="domains" db=0.5ms queue=0.1ms idle=1632.8ms
SELECT d0."id", d0."domain", d0."is_active", d0."is_default", d0."mailcow_id", d0."description", d0."inserted_at", d0."updated_at" FROM "domains" AS d0 WHERE (d0."is_active" = TRUE) ORDER BY d0."is_default" DESC, d0."domain" []
[90m↳ TempmailWeb.HomeLive.mount/3, at: lib/tempmail_web/live/home_live.ex:18[0m
[debug] QUERY OK source="domains" db=0.7ms queue=0.1ms idle=1632.7ms
SELECT d0."id", d0."domain", d0."is_active", d0."is_default", d0."mailcow_id", d0."description", d0."inserted_at", d0."updated_at" FROM "domains" AS d0 WHERE (d0."is_active" = TRUE) ORDER BY d0."is_default" DESC, d0."domain" []
[90m↳ TempmailWeb.HomeLive.mount/3, at: lib/tempmail_web/live/home_live.ex:18[0m
[info] Sent 200 in 2ms
[info] Sent 200 in 2ms

Rebuilding...
[info] CONNECTED TO Phoenix.LiveView.Socket in 102µs
  Transport: :websocket
  Serializer: Phoenix.Socket.V2.JSONSerializer
  Parameters: %{"_csrf_token" => "KjRlKGEsMR42ASU8eF5yL1dAcRUkCg86km-CQEgiqfTIL3Ez0mBaFHic", "_live_referer" => "undefined", "_mount_attempts" => "0", "_mounts" => "0", "_track_static" => %{"0" => "http://127.0.0.1:4001/assets/app.css", "1" => "http://127.0.0.1:4001/assets/app.js"}, "vsn" => "2.0.0"}
[debug] MOUNT TempmailWeb.HomeLive
  Parameters: %{"locale" => "es"}
  Session: %{"_csrf_token" => "AYHk0iVwGgqu4m7Ug-3tbBfY"}
[debug] QUERY OK source="domains" db=0.3ms queue=0.1ms idle=1874.4ms
SELECT d0."id", d0."domain", d0."is_active", d0."is_default", d0."mailcow_id", d0."description", d0."inserted_at", d0."updated_at" FROM "domains" AS d0 WHERE (d0."is_active" = TRUE) ORDER BY d0."is_default" DESC, d0."domain" []
[90m↳ TempmailWeb.HomeLive.mount/3, at: lib/tempmail_web/live/home_live.ex:18[0m
[debug] QUERY OK source="domains" db=0.3ms queue=0.1ms idle=355.7ms
SELECT d0."id", d0."domain", d0."is_active", d0."is_default", d0."mailcow_id", d0."description", d0."inserted_at", d0."updated_at" FROM "domains" AS d0 WHERE (d0."is_active" = TRUE) ORDER BY d0."is_default" DESC, d0."domain" []
[90m↳ Tempmail.Mail.choose_domain/1, at: lib/tempmail/mail.ex:64[0m
[debug] QUERY OK db=0.2ms queue=0.1ms idle=357.4ms
begin []
[90m↳ Tempmail.Mail.increment_stat/1, at: lib/tempmail/mail.ex:485[0m
[debug] QUERY OK source="email_stats" db=0.3ms
SELECT e0."id", e0."date", e0."generated", e0."received", e0."domain_id", e0."inserted_at" FROM "email_stats" AS e0 WHERE ((e0."date" = $1) AND (e0."domain_id" IS NULL)) LIMIT 1 [~D[2026-05-15]]
[90m↳ anonymous fn/3 in Ecto.Adapters.SQL.checkout_or_transaction/4, at: lib/ecto/adapters/sql.ex:1473[0m
[debug] QUERY OK source="email_stats" db=0.4ms
UPDATE "email_stats" SET "generated" = $1 WHERE "id" = $2 [54, "343f06a0-8f2f-439d-8066-7f6f30b032e3"]
[90m↳ anonymous fn/3 in Ecto.Adapters.SQL.checkout_or_transaction/4, at: lib/ecto/adapters/sql.ex:1473[0m
[debug] QUERY OK db=0.4ms
commit []
[90m↳ Tempmail.Mail.increment_stat/1, at: lib/tempmail/mail.ex:485[0m
[debug] Replied in 7ms

Done in 64ms.

Rebuilding...

Done in 51ms.
[info] CONNECTED TO Phoenix.LiveView.Socket in 0µs
  Transport: :websocket
  Serializer: Phoenix.Socket.V2.JSONSerializer
  Parameters: %{"_csrf_token" => "YGYjF0xlADRWKzMBJB1IQEUtXBFXGDhQ64sezP2dfMruAh292anpdWOc", "_live_referer" => "undefined", "_mount_attempts" => "0", "_mounts" => "0", "_track_static" => %{"0" => "http://localhost:4001/assets/app.css", "1" => "http://localhost:4001/assets/app.js"}, "vsn" => "2.0.0"}
[info] CONNECTED TO Phoenix.LiveView.Socket in 0µs
  Transport: :websocket
  Serializer: Phoenix.Socket.V2.JSONSerializer
  Parameters: %{"_csrf_token" => "NxgGPmFaZTxSDSIgMxgfFwUKBDdVOz8DaJVLWoWlbkcTVmenrF6VftH0", "_live_referer" => "undefined", "_mount_attempts" => "0", "_mounts" => "0", "_track_static" => %{"0" => "http://localhost:4001/assets/app.css", "1" => "http://localhost:4001/assets/app.js"}, "vsn" => "2.0.0"}
[debug] MOUNT TempmailWeb.HomeLive
  Parameters: %{"locale" => "es"}
  Session: %{"_csrf_token" => "VRPr652P0fAteuzywL2a3Ow3"}
[debug] QUERY OK source="domains" db=0.4ms idle=874.0ms
SELECT d0."id", d0."domain", d0."is_active", d0."is_default", d0."mailcow_id", d0."description", d0."inserted_at", d0."updated_at" FROM "domains" AS d0 WHERE (d0."is_active" = TRUE) ORDER BY d0."is_default" DESC, d0."domain" []
[90m↳ TempmailWeb.HomeLive.mount/3, at: lib/tempmail_web/live/home_live.ex:18[0m
[debug] QUERY OK source="domains" db=0.3ms idle=773.7ms
SELECT d0."id", d0."domain", d0."is_active", d0."is_default", d0."mailcow_id", d0."description", d0."inserted_at", d0."updated_at" FROM "domains" AS d0 WHERE (d0."is_active" = TRUE) ORDER BY d0."is_default" DESC, d0."domain" []
[90m↳ Tempmail.Mail.choose_domain/1, at: lib/tempmail/mail.ex:64[0m
[debug] QUERY OK db=0.2ms idle=777.6ms
begin []
[90m↳ Tempmail.Mail.increment_stat/1, at: lib/tempmail/mail.ex:485[0m
[debug] QUERY OK source="email_stats" db=0.4ms
SELECT e0."id", e0."date", e0."generated", e0."received", e0."domain_id", e0."inserted_at" FROM "email_stats" AS e0 WHERE ((e0."date" = $1) AND (e0."domain_id" IS NULL)) LIMIT 1 [~D[2026-05-15]]
[90m↳ anonymous fn/3 in Ecto.Adapters.SQL.checkout_or_transaction/4, at: lib/ecto/adapters/sql.ex:1473[0m
[debug] QUERY OK source="email_stats" db=0.5ms
UPDATE "email_stats" SET "generated" = $1 WHERE "id" = $2 [55, "343f06a0-8f2f-439d-8066-7f6f30b032e3"]
[90m↳ anonymous fn/3 in Ecto.Adapters.SQL.checkout_or_transaction/4, at: lib/ecto/adapters/sql.ex:1473[0m
[debug] QUERY OK db=0.3ms
commit []
[90m↳ Tempmail.Mail.increment_stat/1, at: lib/tempmail/mail.ex:485[0m
[debug] Replied in 6ms
[debug] MOUNT TempmailWeb.HomeLive
  Parameters: %{}
  Session: %{"_csrf_token" => "VRPr652P0fAteuzywL2a3Ow3"}
[debug] QUERY OK source="domains" db=0.4ms queue=0.1ms idle=982.0ms
SELECT d0."id", d0."domain", d0."is_active", d0."is_default", d0."mailcow_id", d0."description", d0."inserted_at", d0."updated_at" FROM "domains" AS d0 WHERE (d0."is_active" = TRUE) ORDER BY d0."is_default" DESC, d0."domain" []
[90m↳ TempmailWeb.HomeLive.mount/3, at: lib/tempmail_web/live/home_live.ex:18[0m
[debug] QUERY OK source="domains" db=0.4ms queue=0.1ms idle=982.5ms
SELECT d0."id", d0."domain", d0."is_active", d0."is_default", d0."mailcow_id", d0."description", d0."inserted_at", d0."updated_at" FROM "domains" AS d0 WHERE (d0."is_active" = TRUE) ORDER BY d0."is_default" DESC, d0."domain" []
[90m↳ Tempmail.Mail.choose_domain/1, at: lib/tempmail/mail.ex:64[0m
[debug] QUERY OK db=0.2ms idle=980.5ms
begin []
[90m↳ Tempmail.Mail.increment_stat/1, at: lib/tempmail/mail.ex:485[0m
[debug] QUERY OK source="email_stats" db=0.3ms
SELECT e0."id", e0."date", e0."generated", e0."received", e0."domain_id", e0."inserted_at" FROM "email_stats" AS e0 WHERE ((e0."date" = $1) AND (e0."domain_id" IS NULL)) LIMIT 1 [~D[2026-05-15]]
[90m↳ anonymous fn/3 in Ecto.Adapters.SQL.checkout_or_transaction/4, at: lib/ecto/adapters/sql.ex:1473[0m
[debug] QUERY OK source="email_stats" db=0.3ms
UPDATE "email_stats" SET "generated" = $1 WHERE "id" = $2 [56, "343f06a0-8f2f-439d-8066-7f6f30b032e3"]
[90m↳ anonymous fn/3 in Ecto.Adapters.SQL.checkout_or_transaction/4, at: lib/ecto/adapters/sql.ex:1473[0m
[debug] QUERY OK db=0.4ms
commit []
[90m↳ Tempmail.Mail.increment_stat/1, at: lib/tempmail/mail.ex:485[0m
[debug] Replied in 6ms
[debug] Live reload: priv/static/assets/app.css
[debug] Live reload: priv/static/assets/app.css
[debug] Live reload: priv/static/assets/app.css
[debug] Live reload: priv/static/assets/app.css
[debug] Live reload: priv/static/assets/app.css
[debug] Live reload: priv/static/assets/app.css
[debug] Live reload: priv/static/assets/app.js
[debug] Live reload: priv/static/assets/app.js
[debug] Live reload: priv/static/assets/app.js
[debug] Live reload: priv/static/assets/app.js
[debug] Live reload: priv/static/assets/app.js
[debug] Live reload: priv/static/assets/app.js
[info] GET /es
[debug] Processing with TempmailWeb.HomeLive.index/2
  Parameters: %{"locale" => "es"}
  Pipelines: [:browser]
[debug] QUERY OK source="domains" db=0.4ms queue=0.1ms idle=1647.5ms
SELECT d0."id", d0."domain", d0."is_active", d0."is_default", d0."mailcow_id", d0."description", d0."inserted_at", d0."updated_at" FROM "domains" AS d0 WHERE (d0."is_active" = TRUE) ORDER BY d0."is_default" DESC, d0."domain" []
[90m↳ TempmailWeb.HomeLive.mount/3, at: lib/tempmail_web/live/home_live.ex:18[0m
[info] Sent 200 in 1ms
[info] GET /es
[debug] Processing with TempmailWeb.HomeLive.index/2
  Parameters: %{"locale" => "es"}
  Pipelines: [:browser]
[debug] QUERY OK source="domains" db=0.3ms decode=0.1ms queue=0.1ms idle=739.7ms
SELECT d0."id", d0."domain", d0."is_active", d0."is_default", d0."mailcow_id", d0."description", d0."inserted_at", d0."updated_at" FROM "domains" AS d0 WHERE (d0."is_active" = TRUE) ORDER BY d0."is_default" DESC, d0."domain" []
[90m↳ TempmailWeb.HomeLive.mount/3, at: lib/tempmail_web/live/home_live.ex:18[0m
[info] Sent 200 in 1ms
[info] CONNECTED TO Phoenix.LiveView.Socket in 0µs
  Transport: :websocket
  Serializer: Phoenix.Socket.V2.JSONSerializer
  Parameters: %{"_csrf_token" => "CSEiW0QZYD4hFQYBQw99FigbZTERcAUTHxj0tp6IfrwtwbJCO6VEs2cJ", "_live_referer" => "undefined", "_mount_attempts" => "0", "_mounts" => "0", "_track_static" => %{"0" => "http://127.0.0.1:4001/assets/app.css", "1" => "http://127.0.0.1:4001/assets/app.js"}, "vsn" => "2.0.0"}
[debug] MOUNT TempmailWeb.HomeLive
  Parameters: %{"locale" => "es"}
  Session: %{"_csrf_token" => "AYHk0iVwGgqu4m7Ug-3tbBfY"}
[debug] QUERY OK source="domains" db=0.3ms queue=0.1ms idle=933.9ms
SELECT d0."id", d0."domain", d0."is_active", d0."is_default", d0."mailcow_id", d0."description", d0."inserted_at", d0."updated_at" FROM "domains" AS d0 WHERE (d0."is_active" = TRUE) ORDER BY d0."is_default" DESC, d0."domain" []
[90m↳ TempmailWeb.HomeLive.mount/3, at: lib/tempmail_web/live/home_live.ex:18[0m
[debug] QUERY OK source="domains" db=0.4ms idle=934.6ms
SELECT d0."id", d0."domain", d0."is_active", d0."is_default", d0."mailcow_id", d0."description", d0."inserted_at", d0."updated_at" FROM "domains" AS d0 WHERE (d0."is_active" = TRUE) ORDER BY d0."is_default" DESC, d0."domain" []
[90m↳ Tempmail.Mail.choose_domain/1, at: lib/tempmail/mail.ex:64[0m
[debug] QUERY OK db=0.2ms idle=938.7ms
begin []
[90m↳ Tempmail.Mail.increment_stat/1, at: lib/tempmail/mail.ex:485[0m
[debug] QUERY OK source="email_stats" db=0.3ms
SELECT e0."id", e0."date", e0."generated", e0."received", e0."domain_id", e0."inserted_at" FROM "email_stats" AS e0 WHERE ((e0."date" = $1) AND (e0."domain_id" IS NULL)) LIMIT 1 [~D[2026-05-15]]
[90m↳ anonymous fn/3 in Ecto.Adapters.SQL.checkout_or_transaction/4, at: lib/ecto/adapters/sql.ex:1473[0m
[debug] QUERY OK source="email_stats" db=0.3ms
UPDATE "email_stats" SET "generated" = $1 WHERE "id" = $2 [57, "343f06a0-8f2f-439d-8066-7f6f30b032e3"]
[90m↳ anonymous fn/3 in Ecto.Adapters.SQL.checkout_or_transaction/4, at: lib/ecto/adapters/sql.ex:1473[0m
[debug] QUERY OK db=0.3ms
commit []
[90m↳ Tempmail.Mail.increment_stat/1, at: lib/tempmail/mail.ex:485[0m
[debug] Replied in 6ms
[info] CONNECTED TO Phoenix.LiveView.Socket in 0µs
  Transport: :websocket
  Serializer: Phoenix.Socket.V2.JSONSerializer
  Parameters: %{"_csrf_token" => "H38HHWJXdyVjXhE2FgE1LzYdfA5DdxJdI-WoTbEuS8PBstOVAQNop8en", "_live_referer" => "undefined", "_mount_attempts" => "0", "_mounts" => "0", "_track_static" => %{"0" => "http://localhost:4001/assets/app.css", "1" => "http://localhost:4001/assets/app.js"}, "vsn" => "2.0.0"}
[debug] MOUNT TempmailWeb.HomeLive
  Parameters: %{"locale" => "es"}
  Session: %{"_csrf_token" => "VRPr652P0fAteuzywL2a3Ow3"}
[debug] QUERY OK source="domains" db=0.3ms queue=0.1ms idle=1297.3ms
SELECT d0."id", d0."domain", d0."is_active", d0."is_default", d0."mailcow_id", d0."description", d0."inserted_at", d0."updated_at" FROM "domains" AS d0 WHERE (d0."is_active" = TRUE) ORDER BY d0."is_default" DESC, d0."domain" []
[90m↳ TempmailWeb.HomeLive.mount/3, at: lib/tempmail_web/live/home_live.ex:18[0m
[debug] QUERY OK source="domains" db=0.2ms idle=667.6ms
SELECT d0."id", d0."domain", d0."is_active", d0."is_default", d0."mailcow_id", d0."description", d0."inserted_at", d0."updated_at" FROM "domains" AS d0 WHERE (d0."is_active" = TRUE) ORDER BY d0."is_default" DESC, d0."domain" []
[90m↳ Tempmail.Mail.choose_domain/1, at: lib/tempmail/mail.ex:64[0m
[debug] QUERY OK db=0.2ms idle=670.7ms
begin []
[90m↳ Tempmail.Mail.increment_stat/1, at: lib/tempmail/mail.ex:485[0m
[debug] QUERY OK source="email_stats" db=0.4ms
SELECT e0."id", e0."date", e0."generated", e0."received", e0."domain_id", e0."inserted_at" FROM "email_stats" AS e0 WHERE ((e0."date" = $1) AND (e0."domain_id" IS NULL)) LIMIT 1 [~D[2026-05-15]]
[90m↳ anonymous fn/3 in Ecto.Adapters.SQL.checkout_or_transaction/4, at: lib/ecto/adapters/sql.ex:1473[0m
[debug] QUERY OK source="email_stats" db=0.3ms
UPDATE "email_stats" SET "generated" = $1 WHERE "id" = $2 [58, "343f06a0-8f2f-439d-8066-7f6f30b032e3"]
[90m↳ anonymous fn/3 in Ecto.Adapters.SQL.checkout_or_transaction/4, at: lib/ecto/adapters/sql.ex:1473[0m
[debug] QUERY OK db=0.3ms
commit []
[90m↳ Tempmail.Mail.increment_stat/1, at: lib/tempmail/mail.ex:485[0m
[debug] Replied in 5ms
[info] GET /
[debug] Processing with TempmailWeb.HomeLive.index/2
  Parameters: %{}
  Pipelines: [:browser]
[debug] QUERY OK source="domains" db=0.4ms idle=648.1ms
SELECT d0."id", d0."domain", d0."is_active", d0."is_default", d0."mailcow_id", d0."description", d0."inserted_at", d0."updated_at" FROM "domains" AS d0 WHERE (d0."is_active" = TRUE) ORDER BY d0."is_default" DESC, d0."domain" []
[90m↳ TempmailWeb.HomeLive.mount/3, at: lib/tempmail_web/live/home_live.ex:18[0m
[info] Sent 200 in 1ms
[debug] Live reload: lib/tempmail_web/live/home_live.ex
[debug] Live reload: lib/tempmail_web/live/home_live.ex
[debug] Live reload: lib/tempmail_web/components/layouts.ex
[debug] Live reload: lib/tempmail_web/components/layouts.ex
[debug] Live reload: lib/tempmail_web/live/home_live.ex
[debug] Live reload: lib/tempmail_web/live/home_live.ex
[debug] Live reload: lib/tempmail_web/components/layouts.ex
[debug] Live reload: lib/tempmail_web/components/layouts.ex
[info] GET /es
[debug] Processing with TempmailWeb.HomeLive.index/2
  Parameters: %{"locale" => "es"}
  Pipelines: [:browser]
[debug] QUERY OK source="domains" db=0.4ms idle=873.4ms
SELECT d0."id", d0."domain", d0."is_active", d0."is_default", d0."mailcow_id", d0."description", d0."inserted_at", d0."updated_at" FROM "domains" AS d0 WHERE (d0."is_active" = TRUE) ORDER BY d0."is_default" DESC, d0."domain" []
[90m↳ TempmailWeb.HomeLive.mount/3, at: lib/tempmail_web/live/home_live.ex:18[0m
[info] Sent 200 in 1ms
[info] CONNECTED TO Phoenix.LiveView.Socket in 0µs
  Transport: :websocket
  Serializer: Phoenix.Socket.V2.JSONSerializer
  Parameters: %{"_csrf_token" => "MzZkOWJWQTxiEXAhUgUAIAITXVZBKCh2ed4KTcslRw1U7pzYu_o7rg_E", "_live_referer" => "undefined", "_mount_attempts" => "0", "_mounts" => "0", "_track_static" => %{"0" => "http://localhost:4001/assets/app.css", "1" => "http://localhost:4001/assets/app.js"}, "vsn" => "2.0.0"}
[info] GET /es
[debug] Processing with TempmailWeb.HomeLive.index/2
  Parameters: %{"locale" => "es"}
  Pipelines: [:browser]
[debug] QUERY OK source="domains" db=0.4ms queue=0.1ms idle=621.8ms
SELECT d0."id", d0."domain", d0."is_active", d0."is_default", d0."mailcow_id", d0."description", d0."inserted_at", d0."updated_at" FROM "domains" AS d0 WHERE (d0."is_active" = TRUE) ORDER BY d0."is_default" DESC, d0."domain" []
[90m↳ TempmailWeb.HomeLive.mount/3, at: lib/tempmail_web/live/home_live.ex:18[0m
[info] Sent 200 in 2ms
[debug] MOUNT TempmailWeb.HomeLive
  Parameters: %{}
  Session: %{"_csrf_token" => "VRPr652P0fAteuzywL2a3Ow3"}
[debug] QUERY OK source="domains" db=0.6ms idle=641.4ms
SELECT d0."id", d0."domain", d0."is_active", d0."is_default", d0."mailcow_id", d0."description", d0."inserted_at", d0."updated_at" FROM "domains" AS d0 WHERE (d0."is_active" = TRUE) ORDER BY d0."is_default" DESC, d0."domain" []
[90m↳ TempmailWeb.HomeLive.mount/3, at: lib/tempmail_web/live/home_live.ex:18[0m
[debug] QUERY OK source="domains" db=0.6ms queue=0.1ms idle=565.2ms
SELECT d0."id", d0."domain", d0."is_active", d0."is_default", d0."mailcow_id", d0."description", d0."inserted_at", d0."updated_at" FROM "domains" AS d0 WHERE (d0."is_active" = TRUE) ORDER BY d0."is_default" DESC, d0."domain" []
[90m↳ Tempmail.Mail.choose_domain/1, at: lib/tempmail/mail.ex:64[0m
[debug] QUERY OK db=0.3ms queue=0.1ms idle=569.6ms
begin []
[90m↳ Tempmail.Mail.increment_stat/1, at: lib/tempmail/mail.ex:485[0m
[debug] QUERY OK source="email_stats" db=0.5ms
SELECT e0."id", e0."date", e0."generated", e0."received", e0."domain_id", e0."inserted_at" FROM "email_stats" AS e0 WHERE ((e0."date" = $1) AND (e0."domain_id" IS NULL)) LIMIT 1 [~D[2026-05-15]]
[90m↳ anonymous fn/3 in Ecto.Adapters.SQL.checkout_or_transaction/4, at: lib/ecto/adapters/sql.ex:1473[0m
[debug] QUERY OK source="email_stats" db=0.4ms
UPDATE "email_stats" SET "generated" = $1 WHERE "id" = $2 [59, "343f06a0-8f2f-439d-8066-7f6f30b032e3"]
[90m↳ anonymous fn/3 in Ecto.Adapters.SQL.checkout_or_transaction/4, at: lib/ecto/adapters/sql.ex:1473[0m
[debug] QUERY OK db=0.4ms
commit []
[90m↳ Tempmail.Mail.increment_stat/1, at: lib/tempmail/mail.ex:485[0m
[debug] Replied in 8ms
[info] CONNECTED TO Phoenix.LiveView.Socket in 0µs
  Transport: :websocket
  Serializer: Phoenix.Socket.V2.JSONSerializer
  Parameters: %{"_csrf_token" => "Ag8AKGgjGCYeICkRcl1ABTVLay06JQk3CVHCXJNQYGXdF0wPRfXYXgon", "_live_referer" => "undefined", "_mount_attempts" => "0", "_mounts" => "0", "_track_static" => %{"0" => "http://127.0.0.1:4001/assets/app.css", "1" => "http://127.0.0.1:4001/assets/app.js"}, "vsn" => "2.0.0"}
[debug] MOUNT TempmailWeb.HomeLive
  Parameters: %{"locale" => "es"}
  Session: %{"_csrf_token" => "AYHk0iVwGgqu4m7Ug-3tbBfY"}
[debug] QUERY OK source="domains" db=0.5ms idle=781.4ms
SELECT d0."id", d0."domain", d0."is_active", d0."is_default", d0."mailcow_id", d0."description", d0."inserted_at", d0."updated_at" FROM "domains" AS d0 WHERE (d0."is_active" = TRUE) ORDER BY d0."is_default" DESC, d0."domain" []
[90m↳ TempmailWeb.HomeLive.mount/3, at: lib/tempmail_web/live/home_live.ex:18[0m
[debug] QUERY OK source="domains" db=0.3ms idle=363.8ms
SELECT d0."id", d0."domain", d0."is_active", d0."is_default", d0."mailcow_id", d0."description", d0."inserted_at", d0."updated_at" FROM "domains" AS d0 WHERE (d0."is_active" = TRUE) ORDER BY d0."is_default" DESC, d0."domain" []
[90m↳ Tempmail.Mail.choose_domain/1, at: lib/tempmail/mail.ex:64[0m
[debug] QUERY OK db=0.3ms idle=367.9ms
begin []
[90m↳ Tempmail.Mail.increment_stat/1, at: lib/tempmail/mail.ex:485[0m
[debug] QUERY OK source="email_stats" db=0.4ms
SELECT e0."id", e0."date", e0."generated", e0."received", e0."domain_id", e0."inserted_at" FROM "email_stats" AS e0 WHERE ((e0."date" = $1) AND (e0."domain_id" IS NULL)) LIMIT 1 [~D[2026-05-15]]
[90m↳ anonymous fn/3 in Ecto.Adapters.SQL.checkout_or_transaction/4, at: lib/ecto/adapters/sql.ex:1473[0m
[debug] QUERY OK source="email_stats" db=0.4ms
UPDATE "email_stats" SET "generated" = $1 WHERE "id" = $2 [60, "343f06a0-8f2f-439d-8066-7f6f30b032e3"]
[90m↳ anonymous fn/3 in Ecto.Adapters.SQL.checkout_or_transaction/4, at: lib/ecto/adapters/sql.ex:1473[0m
[debug] QUERY OK db=0.5ms
commit []
[90m↳ Tempmail.Mail.increment_stat/1, at: lib/tempmail/mail.ex:485[0m
[debug] Replied in 7ms
[info] CONNECTED TO Phoenix.LiveView.Socket in 0µs
  Transport: :websocket
  Serializer: Phoenix.Socket.V2.JSONSerializer
  Parameters: %{"_csrf_token" => "PiY4CAZfZCRmFCohLBkUChIbfFN1Gj9whthz0jVtVrkUIlnseWN2FUHC", "_live_referer" => "undefined", "_mount_attempts" => "0", "_mounts" => "0", "_track_static" => %{"0" => "http://localhost:4001/assets/app.css", "1" => "http://localhost:4001/assets/app.js"}, "vsn" => "2.0.0"}
[debug] MOUNT TempmailWeb.HomeLive
  Parameters: %{"locale" => "es"}
  Session: %{"_csrf_token" => "VRPr652P0fAteuzywL2a3Ow3"}
[debug] QUERY OK source="domains" db=0.3ms queue=0.1ms idle=891.1ms
SELECT d0."id", d0."domain", d0."is_active", d0."is_default", d0."mailcow_id", d0."description", d0."inserted_at", d0."updated_at" FROM "domains" AS d0 WHERE (d0."is_active" = TRUE) ORDER BY d0."is_default" DESC, d0."domain" []
[90m↳ TempmailWeb.HomeLive.mount/3, at: lib/tempmail_web/live/home_live.ex:18[0m
[debug] QUERY OK source="domains" db=0.3ms idle=784.3ms
SELECT d0."id", d0."domain", d0."is_active", d0."is_default", d0."mailcow_id", d0."description", d0."inserted_at", d0."updated_at" FROM "domains" AS d0 WHERE (d0."is_active" = TRUE) ORDER BY d0."is_default" DESC, d0."domain" []
[90m↳ Tempmail.Mail.choose_domain/1, at: lib/tempmail/mail.ex:64[0m
[debug] QUERY OK db=0.1ms queue=0.1ms idle=787.7ms
begin []
[90m↳ Tempmail.Mail.increment_stat/1, at: lib/tempmail/mail.ex:485[0m
[debug] QUERY OK source="email_stats" db=0.2ms
SELECT e0."id", e0."date", e0."generated", e0."received", e0."domain_id", e0."inserted_at" FROM "email_stats" AS e0 WHERE ((e0."date" = $1) AND (e0."domain_id" IS NULL)) LIMIT 1 [~D[2026-05-15]]
[90m↳ anonymous fn/3 in Ecto.Adapters.SQL.checkout_or_transaction/4, at: lib/ecto/adapters/sql.ex:1473[0m
[debug] QUERY OK source="email_stats" db=0.3ms
UPDATE "email_stats" SET "generated" = $1 WHERE "id" = $2 [61, "343f06a0-8f2f-439d-8066-7f6f30b032e3"]
[90m↳ anonymous fn/3 in Ecto.Adapters.SQL.checkout_or_transaction/4, at: lib/ecto/adapters/sql.ex:1473[0m
[debug] QUERY OK db=0.3ms
commit []
[90m↳ Tempmail.Mail.increment_stat/1, at: lib/tempmail/mail.ex:485[0m
[debug] Replied in 6ms

Rebuilding...
[debug] Live reload: priv/static/assets/app.css
[debug] Live reload: priv/static/assets/app.css

[debug] Live reload: priv/static/assets/app.css
Done in 265ms.
[debug] Live reload: priv/static/assets/app.css
[debug] Live reload: priv/static/assets/app.css
[debug] Live reload: priv/static/assets/app.css

Rebuilding...

Done in 47ms.
[debug] Live reload: lib/tempmail_web/live/home_live.html.heex
[debug] Live reload: lib/tempmail_web/live/home_live.html.heex
[debug] Live reload: lib/tempmail_web/live/home_live.html.heex
[debug] Live reload: lib/tempmail_web/live/home_live.html.heex
[debug] Live reload: lib/tempmail_web/live/home_live.html.heex
[debug] Live reload: lib/tempmail_web/live/home_live.html.heex
[debug] Live reload: lib/tempmail_web/live/home_live.ex
[debug] Live reload: lib/tempmail_web/live/home_live.ex
[debug] Live reload: lib/tempmail_web/live/home_live.ex
Compiling 1 file (.ex)
[debug] warning: undefined handle_info in TempmailWeb.HomeLive. Unhandled message: :tick
[debug] warning: undefined handle_info in TempmailWeb.HomeLive. Unhandled message: :tick
[debug] warning: undefined handle_info in TempmailWeb.HomeLive. Unhandled message: :tick
Generated tempmail app
[info] GET /es
[debug] Processing with TempmailWeb.HomeLive.index/2
  Parameters: %{"locale" => "es"}
  Pipelines: [:browser]
[debug] QUERY OK source="domains" db=0.7ms queue=0.1ms idle=1683.0ms
SELECT d0."id", d0."domain", d0."is_active", d0."is_default", d0."mailcow_id", d0."description", d0."inserted_at", d0."updated_at" FROM "domains" AS d0 WHERE (d0."is_active" = TRUE) ORDER BY d0."is_default" DESC, d0."domain" []
[90m↳ TempmailWeb.HomeLive.mount/3, at: lib/tempmail_web/live/home_live.ex:18[0m
[info] Sent 200 in 4ms
[info] GET /
[debug] Processing with TempmailWeb.HomeLive.index/2
  Parameters: %{}
  Pipelines: [:browser]
[info] GET /es
[debug] Processing with TempmailWeb.HomeLive.index/2
  Parameters: %{"locale" => "es"}
  Pipelines: [:browser]
[debug] QUERY OK source="domains" db=0.5ms queue=0.4ms idle=776.3ms
SELECT d0."id", d0."domain", d0."is_active", d0."is_default", d0."mailcow_id", d0."description", d0."inserted_at", d0."updated_at" FROM "domains" AS d0 WHERE (d0."is_active" = TRUE) ORDER BY d0."is_default" DESC, d0."domain" []
[90m↳ TempmailWeb.HomeLive.mount/3, at: lib/tempmail_web/live/home_live.ex:18[0m
[debug] QUERY OK source="domains" db=0.6ms queue=0.1ms idle=776.6ms
SELECT d0."id", d0."domain", d0."is_active", d0."is_default", d0."mailcow_id", d0."description", d0."inserted_at", d0."updated_at" FROM "domains" AS d0 WHERE (d0."is_active" = TRUE) ORDER BY d0."is_default" DESC, d0."domain" []
[90m↳ TempmailWeb.HomeLive.mount/3, at: lib/tempmail_web/live/home_live.ex:18[0m
[info] Sent 200 in 2ms
[info] Sent 200 in 1ms
[info] CONNECTED TO Phoenix.LiveView.Socket in 0µs
  Transport: :websocket
  Serializer: Phoenix.Socket.V2.JSONSerializer
  Parameters: %{"_csrf_token" => "HhcdIXleBygDHgcqeTwHLw5_bCQrJTw2_NUJI7Q_Dyv_MQ0ziR_PIgZo", "_live_referer" => "undefined", "_mount_attempts" => "0", "_mounts" => "0", "_track_static" => %{"0" => "http://127.0.0.1:4001/assets/app.css", "1" => "http://127.0.0.1:4001/assets/app.js"}, "vsn" => "2.0.0"}
[debug] MOUNT TempmailWeb.HomeLive
  Parameters: %{"locale" => "es"}
  Session: %{"_csrf_token" => "AYHk0iVwGgqu4m7Ug-3tbBfY"}
[debug] QUERY OK source="domains" db=0.7ms decode=0.1ms idle=1368.0ms
SELECT d0."id", d0."domain", d0."is_active", d0."is_default", d0."mailcow_id", d0."description", d0."inserted_at", d0."updated_at" FROM "domains" AS d0 WHERE (d0."is_active" = TRUE) ORDER BY d0."is_default" DESC, d0."domain" []
[90m↳ TempmailWeb.HomeLive.mount/3, at: lib/tempmail_web/live/home_live.ex:18[0m
[debug] QUERY OK source="domains" db=0.4ms queue=0.1ms idle=704.7ms
SELECT d0."id", d0."domain", d0."is_active", d0."is_default", d0."mailcow_id", d0."description", d0."inserted_at", d0."updated_at" FROM "domains" AS d0 WHERE (d0."is_active" = TRUE) ORDER BY d0."is_default" DESC, d0."domain" []
[90m↳ Tempmail.Mail.choose_domain/1, at: lib/tempmail/mail.ex:64[0m
[debug] QUERY OK db=0.2ms idle=706.1ms
begin []
[90m↳ Tempmail.Mail.increment_stat/1, at: lib/tempmail/mail.ex:485[0m
[debug] QUERY OK source="email_stats" db=1.6ms
SELECT e0."id", e0."date", e0."generated", e0."received", e0."domain_id", e0."inserted_at" FROM "email_stats" AS e0 WHERE ((e0."date" = $1) AND (e0."domain_id" IS NULL)) LIMIT 1 [~D[2026-05-15]]
[90m↳ anonymous fn/3 in Ecto.Adapters.SQL.checkout_or_transaction/4, at: lib/ecto/adapters/sql.ex:1473[0m
[debug] QUERY OK source="email_stats" db=0.8ms
UPDATE "email_stats" SET "generated" = $1 WHERE "id" = $2 [62, "343f06a0-8f2f-439d-8066-7f6f30b032e3"]
[90m↳ anonymous fn/3 in Ecto.Adapters.SQL.checkout_or_transaction/4, at: lib/ecto/adapters/sql.ex:1473[0m
[debug] QUERY OK db=0.5ms
commit []
[90m↳ Tempmail.Mail.increment_stat/1, at: lib/tempmail/mail.ex:485[0m
[debug] Replied in 8ms
[info] CONNECTED TO Phoenix.LiveView.Socket in 0µs
  Transport: :websocket
  Serializer: Phoenix.Socket.V2.JSONSerializer
  Parameters: %{"_csrf_token" => "PSZnPURtcGhoCXkXEgYJHCU-bS9eFx1Akt7OrXB8Xo8cwsseRr_NmXjs", "_live_referer" => "undefined", "_mount_attempts" => "0", "_mounts" => "0", "_track_static" => %{"0" => "http://localhost:4001/assets/app.css", "1" => "http://localhost:4001/assets/app.js"}, "vsn" => "2.0.0"}
[info] CONNECTED TO Phoenix.LiveView.Socket in 0µs
  Transport: :websocket
  Serializer: Phoenix.Socket.V2.JSONSerializer
  Parameters: %{"_csrf_token" => "BgFoRlV5Aw9IKCtAFA8lFy04YRZ2IjNXPS84cL1_xNj4qz_nZtSwEmDd", "_live_referer" => "undefined", "_mount_attempts" => "0", "_mounts" => "0", "_track_static" => %{"0" => "http://localhost:4001/assets/app.css", "1" => "http://localhost:4001/assets/app.js"}, "vsn" => "2.0.0"}
[debug] MOUNT TempmailWeb.HomeLive
  Parameters: %{"locale" => "es"}
  Session: %{"_csrf_token" => "VRPr652P0fAteuzywL2a3Ow3"}
[debug] QUERY OK source="domains" db=0.5ms idle=1135.7ms
SELECT d0."id", d0."domain", d0."is_active", d0."is_default", d0."mailcow_id", d0."description", d0."inserted_at", d0."updated_at" FROM "domains" AS d0 WHERE (d0."is_active" = TRUE) ORDER BY d0."is_default" DESC, d0."domain" []
[90m↳ TempmailWeb.HomeLive.mount/3, at: lib/tempmail_web/live/home_live.ex:18[0m
[debug] QUERY OK source="domains" db=0.4ms queue=0.1ms idle=1036.3ms
SELECT d0."id", d0."domain", d0."is_active", d0."is_default", d0."mailcow_id", d0."description", d0."inserted_at", d0."updated_at" FROM "domains" AS d0 WHERE (d0."is_active" = TRUE) ORDER BY d0."is_default" DESC, d0."domain" []
[90m↳ Tempmail.Mail.choose_domain/1, at: lib/tempmail/mail.ex:64[0m
[debug] QUERY OK db=0.3ms queue=0.1ms idle=1039.9ms
begin []
[90m↳ Tempmail.Mail.increment_stat/1, at: lib/tempmail/mail.ex:485[0m
[debug] QUERY OK source="email_stats" db=1.3ms
SELECT e0."id", e0."date", e0."generated", e0."received", e0."domain_id", e0."inserted_at" FROM "email_stats" AS e0 WHERE ((e0."date" = $1) AND (e0."domain_id" IS NULL)) LIMIT 1 [~D[2026-05-15]]
[90m↳ anonymous fn/3 in Ecto.Adapters.SQL.checkout_or_transaction/4, at: lib/ecto/adapters/sql.ex:1473[0m
[debug] QUERY OK source="email_stats" db=0.4ms
UPDATE "email_stats" SET "generated" = $1 WHERE "id" = $2 [63, "343f06a0-8f2f-439d-8066-7f6f30b032e3"]
[90m↳ anonymous fn/3 in Ecto.Adapters.SQL.checkout_or_transaction/4, at: lib/ecto/adapters/sql.ex:1473[0m
[debug] QUERY OK db=0.4ms
commit []
[90m↳ Tempmail.Mail.increment_stat/1, at: lib/tempmail/mail.ex:485[0m
[debug] Replied in 7ms
[debug] MOUNT TempmailWeb.HomeLive
  Parameters: %{}
  Session: %{"_csrf_token" => "VRPr652P0fAteuzywL2a3Ow3"}
[debug] QUERY OK source="domains" db=0.4ms queue=0.1ms idle=1225.7ms
SELECT d0."id", d0."domain", d0."is_active", d0."is_default", d0."mailcow_id", d0."description", d0."inserted_at", d0."updated_at" FROM "domains" AS d0 WHERE (d0."is_active" = TRUE) ORDER BY d0."is_default" DESC, d0."domain" []
[90m↳ TempmailWeb.HomeLive.mount/3, at: lib/tempmail_web/live/home_live.ex:18[0m
[debug] QUERY OK source="domains" db=0.3ms idle=1226.2ms
SELECT d0."id", d0."domain", d0."is_active", d0."is_default", d0."mailcow_id", d0."description", d0."inserted_at", d0."updated_at" FROM "domains" AS d0 WHERE (d0."is_active" = TRUE) ORDER BY d0."is_default" DESC, d0."domain" []
[90m↳ Tempmail.Mail.choose_domain/1, at: lib/tempmail/mail.ex:64[0m
[debug] QUERY OK db=0.3ms idle=1225.5ms
begin []
[90m↳ Tempmail.Mail.increment_stat/1, at: lib/tempmail/mail.ex:485[0m
[debug] QUERY OK source="email_stats" db=1.3ms
SELECT e0."id", e0."date", e0."generated", e0."received", e0."domain_id", e0."inserted_at" FROM "email_stats" AS e0 WHERE ((e0."date" = $1) AND (e0."domain_id" IS NULL)) LIMIT 1 [~D[2026-05-15]]
[90m↳ anonymous fn/3 in Ecto.Adapters.SQL.checkout_or_transaction/4, at: lib/ecto/adapters/sql.ex:1473[0m
[debug] QUERY OK source="email_stats" db=0.4ms
UPDATE "email_stats" SET "generated" = $1 WHERE "id" = $2 [64, "343f06a0-8f2f-439d-8066-7f6f30b032e3"]
[90m↳ anonymous fn/3 in Ecto.Adapters.SQL.checkout_or_transaction/4, at: lib/ecto/adapters/sql.ex:1473[0m
[debug] QUERY OK db=0.4ms
commit []
[90m↳ Tempmail.Mail.increment_stat/1, at: lib/tempmail/mail.ex:485[0m
[debug] Replied in 8ms

Rebuilding...

Done in 66ms.

Rebuilding...

Done in 46ms.
[debug] Live reload: lib/tempmail_web/live/home_live.html.heex
[debug] Live reload: lib/tempmail_web/live/home_live.html.heex
[debug] Live reload: lib/tempmail_web/live/home_live.html.heex
[debug] Live reload: lib/tempmail_web/live/home_live.html.heex
[debug] Live reload: lib/tempmail_web/live/home_live.html.heex
[debug] Live reload: lib/tempmail_web/live/home_live.html.heex
[debug] Live reload: lib/tempmail_web/live/home_live.ex
[debug] Live reload: lib/tempmail_web/live/home_live.ex
[debug] Live reload: lib/tempmail_web/live/home_live.ex
Compiling 1 file (.ex)
[debug] warning: undefined handle_info in TempmailWeb.HomeLive. Unhandled message: :tick
[debug] warning: undefined handle_info in TempmailWeb.HomeLive. Unhandled message: :tick
[debug] warning: undefined handle_info in TempmailWeb.HomeLive. Unhandled message: :tick
Generated tempmail app
[info] GET /es
[debug] Processing with TempmailWeb.HomeLive.index/2
  Parameters: %{"locale" => "es"}
  Pipelines: [:browser]
[debug] QUERY OK source="domains" db=0.3ms queue=0.1ms idle=238.4ms
SELECT d0."id", d0."domain", d0."is_active", d0."is_default", d0."mailcow_id", d0."description", d0."inserted_at", d0."updated_at" FROM "domains" AS d0 WHERE (d0."is_active" = TRUE) ORDER BY d0."is_default" DESC, d0."domain" []
[90m↳ TempmailWeb.HomeLive.mount/3, at: lib/tempmail_web/live/home_live.ex:18[0m
[info] Sent 200 in 5ms
[info] GET /es
[debug] Processing with TempmailWeb.HomeLive.index/2
  Parameters: %{"locale" => "es"}
  Pipelines: [:browser]
[info] GET /
[debug] Processing with TempmailWeb.HomeLive.index/2
  Parameters: %{}
  Pipelines: [:browser]
[debug] QUERY OK source="domains" db=0.3ms idle=336.1ms
SELECT d0."id", d0."domain", d0."is_active", d0."is_default", d0."mailcow_id", d0."description", d0."inserted_at", d0."updated_at" FROM "domains" AS d0 WHERE (d0."is_active" = TRUE) ORDER BY d0."is_default" DESC, d0."domain" []
[90m↳ TempmailWeb.HomeLive.mount/3, at: lib/tempmail_web/live/home_live.ex:18[0m
[debug] QUERY OK source="domains" db=0.4ms idle=336.1ms
SELECT d0."id", d0."domain", d0."is_active", d0."is_default", d0."mailcow_id", d0."description", d0."inserted_at", d0."updated_at" FROM "domains" AS d0 WHERE (d0."is_active" = TRUE) ORDER BY d0."is_default" DESC, d0."domain" []
[90m↳ TempmailWeb.HomeLive.mount/3, at: lib/tempmail_web/live/home_live.ex:18[0m
[info] Sent 200 in 1ms
[info] Sent 200 in 1ms
[info] CONNECTED TO Phoenix.LiveView.Socket in 0µs
  Transport: :websocket
  Serializer: Phoenix.Socket.V2.JSONSerializer
  Parameters: %{"_csrf_token" => "CywgLgMLIwF-BTscBxtFGC5IZVkACyQLJuhE3buv9bJi3vrMIeV-bIBR", "_live_referer" => "undefined", "_mount_attempts" => "0", "_mounts" => "0", "_track_static" => %{"0" => "http://127.0.0.1:4001/assets/app.css", "1" => "http://127.0.0.1:4001/assets/app.js"}, "vsn" => "2.0.0"}
[debug] MOUNT TempmailWeb.HomeLive
  Parameters: %{"locale" => "es"}
  Session: %{"_csrf_token" => "AYHk0iVwGgqu4m7Ug-3tbBfY"}
[debug] QUERY OK source="domains" db=0.4ms idle=548.2ms
SELECT d0."id", d0."domain", d0."is_active", d0."is_default", d0."mailcow_id", d0."description", d0."inserted_at", d0."updated_at" FROM "domains" AS d0 WHERE (d0."is_active" = TRUE) ORDER BY d0."is_default" DESC, d0."domain" []
[90m↳ TempmailWeb.HomeLive.mount/3, at: lib/tempmail_web/live/home_live.ex:18[0m
[debug] QUERY OK source="domains" db=0.3ms idle=317.3ms
SELECT d0."id", d0."domain", d0."is_active", d0."is_default", d0."mailcow_id", d0."description", d0."inserted_at", d0."updated_at" FROM "domains" AS d0 WHERE (d0."is_active" = TRUE) ORDER BY d0."is_default" DESC, d0."domain" []
[90m↳ Tempmail.Mail.choose_domain/1, at: lib/tempmail/mail.ex:64[0m
[debug] QUERY OK db=0.2ms idle=319.1ms
begin []
[90m↳ Tempmail.Mail.increment_stat/1, at: lib/tempmail/mail.ex:485[0m
[debug] QUERY OK source="email_stats" db=0.9ms
SELECT e0."id", e0."date", e0."generated", e0."received", e0."domain_id", e0."inserted_at" FROM "email_stats" AS e0 WHERE ((e0."date" = $1) AND (e0."domain_id" IS NULL)) LIMIT 1 [~D[2026-05-15]]
[90m↳ anonymous fn/3 in Ecto.Adapters.SQL.checkout_or_transaction/4, at: lib/ecto/adapters/sql.ex:1473[0m
[debug] QUERY OK source="email_stats" db=0.4ms
UPDATE "email_stats" SET "generated" = $1 WHERE "id" = $2 [65, "343f06a0-8f2f-439d-8066-7f6f30b032e3"]
[90m↳ anonymous fn/3 in Ecto.Adapters.SQL.checkout_or_transaction/4, at: lib/ecto/adapters/sql.ex:1473[0m
[debug] QUERY OK db=0.4ms
commit []
[90m↳ Tempmail.Mail.increment_stat/1, at: lib/tempmail/mail.ex:485[0m
[debug] Replied in 7ms
[info] CONNECTED TO Phoenix.LiveView.Socket in 0µs
  Transport: :websocket
  Serializer: Phoenix.Socket.V2.JSONSerializer
  Parameters: %{"_csrf_token" => "NGZnHmxNdD1aLTQMAhEyTiM-fhZhIDx-b47lZxFmjKuxgdH7TrLwRoKM", "_live_referer" => "undefined", "_mount_attempts" => "0", "_mounts" => "0", "_track_static" => %{"0" => "http://localhost:4001/assets/app.css", "1" => "http://localhost:4001/assets/app.js"}, "vsn" => "2.0.0"}
[info] CONNECTED TO Phoenix.LiveView.Socket in 102µs
  Transport: :websocket
  Serializer: Phoenix.Socket.V2.JSONSerializer
  Parameters: %{"_csrf_token" => "FRdmRlRqXBgdEDUSFyUSTQ8VfQNKLBZ8CE64b_nH-vtfrPh4xYObycaO", "_live_referer" => "undefined", "_mount_attempts" => "0", "_mounts" => "0", "_track_static" => %{"0" => "http://localhost:4001/assets/app.css", "1" => "http://localhost:4001/assets/app.js"}, "vsn" => "2.0.0"}
[debug] MOUNT TempmailWeb.HomeLive
  Parameters: %{"locale" => "es"}
  Session: %{"_csrf_token" => "VRPr652P0fAteuzywL2a3Ow3"}
[debug] QUERY OK source="domains" db=0.5ms queue=0.1ms idle=978.6ms
SELECT d0."id", d0."domain", d0."is_active", d0."is_default", d0."mailcow_id", d0."description", d0."inserted_at", d0."updated_at" FROM "domains" AS d0 WHERE (d0."is_active" = TRUE) ORDER BY d0."is_default" DESC, d0."domain" []
[90m↳ TempmailWeb.HomeLive.mount/3, at: lib/tempmail_web/live/home_live.ex:18[0m
[debug] QUERY OK source="domains" db=0.4ms queue=0.1ms idle=886.9ms
SELECT d0."id", d0."domain", d0."is_active", d0."is_default", d0."mailcow_id", d0."description", d0."inserted_at", d0."updated_at" FROM "domains" AS d0 WHERE (d0."is_active" = TRUE) ORDER BY d0."is_default" DESC, d0."domain" []
[90m↳ Tempmail.Mail.choose_domain/1, at: lib/tempmail/mail.ex:64[0m
[debug] QUERY OK db=0.2ms idle=891.0ms
begin []
[90m↳ Tempmail.Mail.increment_stat/1, at: lib/tempmail/mail.ex:485[0m
[debug] QUERY OK source="email_stats" db=0.2ms
SELECT e0."id", e0."date", e0."generated", e0."received", e0."domain_id", e0."inserted_at" FROM "email_stats" AS e0 WHERE ((e0."date" = $1) AND (e0."domain_id" IS NULL)) LIMIT 1 [~D[2026-05-15]]
[90m↳ anonymous fn/3 in Ecto.Adapters.SQL.checkout_or_transaction/4, at: lib/ecto/adapters/sql.ex:1473[0m
[debug] QUERY OK source="email_stats" db=0.3ms
UPDATE "email_stats" SET "generated" = $1 WHERE "id" = $2 [66, "343f06a0-8f2f-439d-8066-7f6f30b032e3"]
[90m↳ anonymous fn/3 in Ecto.Adapters.SQL.checkout_or_transaction/4, at: lib/ecto/adapters/sql.ex:1473[0m
[debug] QUERY OK db=0.4ms
commit []
[90m↳ Tempmail.Mail.increment_stat/1, at: lib/tempmail/mail.ex:485[0m
[debug] Replied in 7ms

Rebuilding...

Done in 66ms.

Rebuilding...

[debug] MOUNT TempmailWeb.HomeLive
  Parameters: %{}
  Session: %{"_csrf_token" => "VRPr652P0fAteuzywL2a3Ow3"}
Done in 57ms.
[debug] QUERY OK source="domains" db=0.4ms idle=1044.2ms
SELECT d0."id", d0."domain", d0."is_active", d0."is_default", d0."mailcow_id", d0."description", d0."inserted_at", d0."updated_at" FROM "domains" AS d0 WHERE (d0."is_active" = TRUE) ORDER BY d0."is_default" DESC, d0."domain" []
[90m↳ TempmailWeb.HomeLive.mount/3, at: lib/tempmail_web/live/home_live.ex:18[0m
[debug] QUERY OK source="domains" db=0.3ms idle=1044.8ms
SELECT d0."id", d0."domain", d0."is_active", d0."is_default", d0."mailcow_id", d0."description", d0."inserted_at", d0."updated_at" FROM "domains" AS d0 WHERE (d0."is_active" = TRUE) ORDER BY d0."is_default" DESC, d0."domain" []
[90m↳ Tempmail.Mail.choose_domain/1, at: lib/tempmail/mail.ex:64[0m
[debug] QUERY OK db=0.1ms queue=0.1ms idle=1043.7ms
begin []
[90m↳ Tempmail.Mail.increment_stat/1, at: lib/tempmail/mail.ex:485[0m
[debug] QUERY OK source="email_stats" db=0.2ms
SELECT e0."id", e0."date", e0."generated", e0."received", e0."domain_id", e0."inserted_at" FROM "email_stats" AS e0 WHERE ((e0."date" = $1) AND (e0."domain_id" IS NULL)) LIMIT 1 [~D[2026-05-15]]
[90m↳ anonymous fn/3 in Ecto.Adapters.SQL.checkout_or_transaction/4, at: lib/ecto/adapters/sql.ex:1473[0m
[debug] QUERY OK source="email_stats" db=0.2ms
UPDATE "email_stats" SET "generated" = $1 WHERE "id" = $2 [67, "343f06a0-8f2f-439d-8066-7f6f30b032e3"]
[90m↳ anonymous fn/3 in Ecto.Adapters.SQL.checkout_or_transaction/4, at: lib/ecto/adapters/sql.ex:1473[0m
[debug] QUERY OK db=0.4ms
commit []
[90m↳ Tempmail.Mail.increment_stat/1, at: lib/tempmail/mail.ex:485[0m
[debug] Replied in 6ms
[debug] Live reload: lib/tempmail_web/components/layouts/app.html.heex
[debug] Live reload: lib/tempmail_web/components/layouts/app.html.heex
[debug] Live reload: lib/tempmail_web/components/layouts/app.html.heex
[debug] Live reload: lib/tempmail_web/components/layouts/app.html.heex
[debug] Live reload: lib/tempmail_web/components/layouts/app.html.heex
[debug] Live reload: lib/tempmail_web/components/layouts/app.html.heex

Rebuilding...

Done in 59ms.
[debug] Live reload: lib/tempmail_web/components/layouts.ex
[debug] Live reload: lib/tempmail_web/components/layouts.ex
[debug] Live reload: lib/tempmail_web/components/layouts.ex
Compiling 1 file (.ex)
[error] GenServer #PID<0.7366.0> terminating
** (ArgumentError) no "app" html template defined for TempmailWeb.Layouts  (the module does not exist)
    (phoenix_template 1.0.4) lib/phoenix/template.ex:248: Phoenix.Template.render_with_fallback/4
    (phoenix_live_view 1.1.30) lib/phoenix_live_view/renderer.ex:113: Phoenix.LiveView.Renderer.to_rendered/2
    (phoenix_live_view 1.1.30) lib/phoenix_live_view/channel.ex:1016: anonymous fn/4 in Phoenix.LiveView.Channel.render_diff/3
    (telemetry 1.4.2) c:/Users/User/Documents/tempmail/tempmail_phoenix/deps/telemetry/src/telemetry.erl:359: :telemetry.span/3
    (phoenix_live_view 1.1.30) lib/phoenix_live_view/channel.ex:1012: Phoenix.LiveView.Channel.render_diff/3
    (phoenix_live_view 1.1.30) lib/phoenix_live_view/channel.ex:842: Phoenix.LiveView.Channel.handle_changed/4
    (stdlib 7.3) gen_server.erl:2434: :gen_server.try_handle_info/3
    (stdlib 7.3) gen_server.erl:2420: :gen_server.handle_msg/3
    (stdlib 7.3) proc_lib.erl:333: :proc_lib.init_p_do_apply/3
Process Label: {Phoenix.LiveView, TempmailWeb.HomeLive, "lv:phx-GK_NctE9VEQMi7sC"}
Last message: :tick
State: %{socket: #Phoenix.LiveView.Socket<id: "phx-GK_NctE9VEQMi7sC", endpoint: TempmailWeb.Endpoint, view: TempmailWeb.HomeLive, parent_pid: nil, root_pid: #PID<0.7366.0>, router: TempmailWeb.Router, assigns: %{error: nil, ttl: 587, __changed__: %{}, page_title: "TempMail Central", current_user: nil, flash: %{}, locale: "es", copied: false, domains: [%Tempmail.Mail.Domain{__meta__: #Ecto.Schema.Metadata<:loaded, "domains">, id: "701c3be0-1d47-4e82-b75d-5de422ed4198", domain: "tempmail.com", is_active: true, is_default: true, mailcow_id: nil, description: "Default generated-address domain", inserted_at: ~U[2026-05-15 16:47:12Z], updated_at: ~U[2026-05-15 16:47:12Z]}], emails: [], selected_email: nil, temp_email: %{id: "m6cqffthcb", ttl: 600, domain: "tempmail.com", address: "m6cqffthcb@tempmail.com", createdAt: 1778866271737, expiresAt: 1778866871737}, live_action: :index}, transport_pid: #PID<0.7358.0>, sticky?: false, ...>, components: {%{}, %{}, 1}, topic: "lv:phx-GK_NctE9VEQMi7sC", serializer: Phoenix.Socket.V2.JSONSerializer, join_ref: "4", fingerprints: {213411402649864566722142302256956396437, %{0 => {145458554926347085599406933746200324508, %{3 => {162507577976356165664750722117190383039, %{0 => {186535234927841211147703478600653529801, %{}}}}}}, 1 => {145458554926347085599406933746200324508, %{3 => {103820951658394104739092330363250598147, %{0 => {186535234927841211147703478600653529801, %{}}}}}}, 2 => {186535234927841211147703478600653529801, %{}}, 4 => {186535234927841211147703478600653529801, %{}}, 5 => {266382969526339204820707940514754993818, %{0 => %{index: 0, vars: %{code: "en", name: "English", flag: "🇺🇸"}, child_prints: %{}}, 1 => %{index: 1, vars: %{code: "es", name: "Español", flag: "🇪🇸"}, child_prints: %{4 => {193220939641516127138489808336957778215, %{0 => {186535234927841211147703478600653529801, %{}}}}}}, 2 => %{index: 2, vars: %{code: "fr", name: "Français", flag: "🇫🇷"}, child_prints: %{}}, 3 => %{index: 3, vars: %{code: "de", name: "Deutsch", flag: "🇩🇪"}, child_prints: %{}}, 4 => %{index: 4, vars: %{code: "pt", name: "Português", flag: "🇧🇷"}, child_prints: %{}}, 5 => %{index: 5, vars: %{code: "zh", name: "中文", flag: "🇨🇳"}, child_prints: %{}}, 6 => %{index: 6, vars: %{code: "ja", name: "日本語", flag: "🇯🇵"}, child_prints: %{}}, 7 => %{index: 7, vars: %{code: "ar", name: "العربية", flag: "🇸🇦"}, child_prints: %{}}, ...}}, ...}}, ...}
[error] GenServer #PID<0.7368.0> terminating
** (ArgumentError) no "app" html template defined for TempmailWeb.Layouts  (the module does not exist)
    (phoenix_template 1.0.4) lib/phoenix/template.ex:248: Phoenix.Template.render_with_fallback/4
    (phoenix_live_view 1.1.30) lib/phoenix_live_view/renderer.ex:113: Phoenix.LiveView.Renderer.to_rendered/2
    (phoenix_live_view 1.1.30) lib/phoenix_live_view/channel.ex:1016: anonymous fn/4 in Phoenix.LiveView.Channel.render_diff/3
    (telemetry 1.4.2) c:/Users/User/Documents/tempmail/tempmail_phoenix/deps/telemetry/src/telemetry.erl:359: :telemetry.span/3
    (phoenix_live_view 1.1.30) lib/phoenix_live_view/channel.ex:1012: Phoenix.LiveView.Channel.render_diff/3
    (phoenix_live_view 1.1.30) lib/phoenix_live_view/channel.ex:842: Phoenix.LiveView.Channel.handle_changed/4
    (stdlib 7.3) gen_server.erl:2434: :gen_server.try_handle_info/3
    (stdlib 7.3) gen_server.erl:2420: :gen_server.handle_msg/3
    (stdlib 7.3) proc_lib.erl:333: :proc_lib.init_p_do_apply/3
Process Label: {Phoenix.LiveView, TempmailWeb.HomeLive, "lv:phx-GK_NctE9VETm5n-B"}
Last message: :tick
State: %{socket: #Phoenix.LiveView.Socket<id: "phx-GK_NctE9VETm5n-B", endpoint: TempmailWeb.Endpoint, view: TempmailWeb.HomeLive, parent_pid: nil, root_pid: #PID<0.7368.0>, router: TempmailWeb.Router, assigns: %{error: nil, ttl: 587, __changed__: %{}, page_title: "TempMail Central", current_user: nil, flash: %{}, locale: "en", copied: false, domains: [%Tempmail.Mail.Domain{__meta__: #Ecto.Schema.Metadata<:loaded, "domains">, id: "701c3be0-1d47-4e82-b75d-5de422ed4198", domain: "tempmail.com", is_active: true, is_default: true, mailcow_id: nil, description: "Default generated-address domain", inserted_at: ~U[2026-05-15 16:47:12Z], updated_at: ~U[2026-05-15 16:47:12Z]}], emails: [], selected_email: nil, temp_email: %{id: "trbi8lnwnl", ttl: 600, domain: "tempmail.com", address: "trbi8lnwnl@tempmail.com", createdAt: 1778866271896, expiresAt: 1778866871896}, live_action: :index}, transport_pid: #PID<0.7350.0>, sticky?: false, ...>, components: {%{}, %{}, 1}, topic: "lv:phx-GK_NctE9VETm5n-B", serializer: Phoenix.Socket.V2.JSONSerializer, join_ref: "4", fingerprints: {213411402649864566722142302256956396437, %{0 => {145458554926347085599406933746200324508, %{3 => {162507577976356165664750722117190383039, %{0 => {186535234927841211147703478600653529801, %{}}}}}}, 1 => {145458554926347085599406933746200324508, %{3 => {103820951658394104739092330363250598147, %{0 => {186535234927841211147703478600653529801, %{}}}}}}, 2 => {186535234927841211147703478600653529801, %{}}, 4 => {186535234927841211147703478600653529801, %{}}, 5 => {266382969526339204820707940514754993818, %{0 => %{index: 0, vars: %{code: "en", name: "English", flag: "🇺🇸"}, child_prints: %{4 => {193220939641516127138489808336957778215, %{0 => {186535234927841211147703478600653529801, %{}}}}}}, 1 => %{index: 1, vars: %{code: "es", name: "Español", flag: "🇪🇸"}, child_prints: %{}}, 2 => %{index: 2, vars: %{code: "fr", name: "Français", flag: "🇫🇷"}, child_prints: %{}}, 3 => %{index: 3, vars: %{code: "de", name: "Deutsch", flag: "🇩🇪"}, child_prints: %{}}, 4 => %{index: 4, vars: %{code: "pt", name: "Português", flag: "🇧🇷"}, child_prints: %{}}, 5 => %{index: 5, vars: %{code: "zh", name: "中文", flag: "🇨🇳"}, child_prints: %{}}, 6 => %{index: 6, vars: %{code: "ja", name: "日本語", flag: "🇯🇵"}, child_prints: %{}}, 7 => %{index: 7, vars: %{code: "ar", name: "العربية", flag: "🇸🇦"}, child_prints: %{}}, ...}}, ...}}, ...}

Rebuilding...

Done in 54ms.
Generated tempmail app
[info] GET /es
[debug] Processing with TempmailWeb.HomeLive.index/2
  Parameters: %{"locale" => "es"}
  Pipelines: [:browser]
[debug] QUERY OK source="domains" db=0.3ms queue=0.1ms idle=1601.4ms
SELECT d0."id", d0."domain", d0."is_active", d0."is_default", d0."mailcow_id", d0."description", d0."inserted_at", d0."updated_at" FROM "domains" AS d0 WHERE (d0."is_active" = TRUE) ORDER BY d0."is_default" DESC, d0."domain" []
[90m↳ TempmailWeb.HomeLive.mount/3, at: lib/tempmail_web/live/home_live.ex:18[0m
[info] Sent 200 in 3ms
[info] GET /
[debug] Processing with TempmailWeb.HomeLive.index/2
  Parameters: %{}
  Pipelines: [:browser]
[info] GET /es
[debug] Processing with TempmailWeb.HomeLive.index/2
  Parameters: %{"locale" => "es"}
  Pipelines: [:browser]
[debug] QUERY OK source="domains" db=0.3ms idle=667.4ms
SELECT d0."id", d0."domain", d0."is_active", d0."is_default", d0."mailcow_id", d0."description", d0."inserted_at", d0."updated_at" FROM "domains" AS d0 WHERE (d0."is_active" = TRUE) ORDER BY d0."is_default" DESC, d0."domain" []
[90m↳ TempmailWeb.HomeLive.mount/3, at: lib/tempmail_web/live/home_live.ex:18[0m
[debug] QUERY OK source="domains" db=0.3ms idle=667.7ms
SELECT d0."id", d0."domain", d0."is_active", d0."is_default", d0."mailcow_id", d0."description", d0."inserted_at", d0."updated_at" FROM "domains" AS d0 WHERE (d0."is_active" = TRUE) ORDER BY d0."is_default" DESC, d0."domain" []
[90m↳ TempmailWeb.HomeLive.mount/3, at: lib/tempmail_web/live/home_live.ex:18[0m
[info] Sent 200 in 1ms
[info] Sent 200 in 1ms
[info] CONNECTED TO Phoenix.LiveView.Socket in 0µs
  Transport: :websocket
  Serializer: Phoenix.Socket.V2.JSONSerializer
  Parameters: %{"_csrf_token" => "AzIgNHgoBSQdEgkwUiVvOC9vBS43MBQ9Bkh_HASSZuxEfHXmHB6ZUrrd", "_live_referer" => "undefined", "_mount_attempts" => "0", "_mounts" => "0", "_track_static" => %{"0" => "http://127.0.0.1:4001/assets/app.css", "1" => "http://127.0.0.1:4001/assets/app.js"}, "vsn" => "2.0.0"}
[debug] MOUNT TempmailWeb.HomeLive
  Parameters: %{"locale" => "es"}
  Session: %{"_csrf_token" => "AYHk0iVwGgqu4m7Ug-3tbBfY"}
[debug] QUERY OK source="domains" db=0.7ms decode=0.1ms idle=847.4ms
SELECT d0."id", d0."domain", d0."is_active", d0."is_default", d0."mailcow_id", d0."description", d0."inserted_at", d0."updated_at" FROM "domains" AS d0 WHERE (d0."is_active" = TRUE) ORDER BY d0."is_default" DESC, d0."domain" []
[90m↳ TempmailWeb.HomeLive.mount/3, at: lib/tempmail_web/live/home_live.ex:18[0m
[debug] QUERY OK source="domains" db=0.3ms idle=265.0ms
SELECT d0."id", d0."domain", d0."is_active", d0."is_default", d0."mailcow_id", d0."description", d0."inserted_at", d0."updated_at" FROM "domains" AS d0 WHERE (d0."is_active" = TRUE) ORDER BY d0."is_default" DESC, d0."domain" []
[90m↳ Tempmail.Mail.choose_domain/1, at: lib/tempmail/mail.ex:64[0m
[debug] QUERY OK db=0.2ms idle=267.9ms
begin []
[90m↳ Tempmail.Mail.increment_stat/1, at: lib/tempmail/mail.ex:485[0m
[debug] QUERY OK source="email_stats" db=0.9ms
SELECT e0."id", e0."date", e0."generated", e0."received", e0."domain_id", e0."inserted_at" FROM "email_stats" AS e0 WHERE ((e0."date" = $1) AND (e0."domain_id" IS NULL)) LIMIT 1 [~D[2026-05-15]]
[90m↳ anonymous fn/3 in Ecto.Adapters.SQL.checkout_or_transaction/4, at: lib/ecto/adapters/sql.ex:1473[0m
[debug] QUERY OK source="email_stats" db=0.4ms
UPDATE "email_stats" SET "generated" = $1 WHERE "id" = $2 [68, "343f06a0-8f2f-439d-8066-7f6f30b032e3"]
[90m↳ anonymous fn/3 in Ecto.Adapters.SQL.checkout_or_transaction/4, at: lib/ecto/adapters/sql.ex:1473[0m
[debug] QUERY OK db=0.5ms
commit []
[90m↳ Tempmail.Mail.increment_stat/1, at: lib/tempmail/mail.ex:485[0m
[debug] Replied in 8ms
[info] CONNECTED TO Phoenix.LiveView.Socket in 0µs
  Transport: :websocket
  Serializer: Phoenix.Socket.V2.JSONSerializer
  Parameters: %{"_csrf_token" => "DGM2Hn5iByBBLyw9IQYiFRF4fREePiAEZ1flHW5pqImIDsXlf4Op-qW7", "_live_referer" => "undefined", "_mount_attempts" => "0", "_mounts" => "0", "_track_static" => %{"0" => "http://localhost:4001/assets/app.css", "1" => "http://localhost:4001/assets/app.js"}, "vsn" => "2.0.0"}
[info] CONNECTED TO Phoenix.LiveView.Socket in 0µs
  Transport: :websocket
  Serializer: Phoenix.Socket.V2.JSONSerializer
  Parameters: %{"_csrf_token" => "ASIgCnNeC2lkEnVHLTBKTUZ-dVFAPT1CWppxEk99Tt43HE0412G0srJq", "_live_referer" => "undefined", "_mount_attempts" => "0", "_mounts" => "0", "_track_static" => %{"0" => "http://localhost:4001/assets/app.css", "1" => "http://localhost:4001/assets/app.js"}, "vsn" => "2.0.0"}
[debug] MOUNT TempmailWeb.HomeLive
  Parameters: %{"locale" => "es"}
  Session: %{"_csrf_token" => "VRPr652P0fAteuzywL2a3Ow3"}
[debug] QUERY OK source="domains" db=0.3ms idle=803.7ms
SELECT d0."id", d0."domain", d0."is_active", d0."is_default", d0."mailcow_id", d0."description", d0."inserted_at", d0."updated_at" FROM "domains" AS d0 WHERE (d0."is_active" = TRUE) ORDER BY d0."is_default" DESC, d0."domain" []
[90m↳ TempmailWeb.HomeLive.mount/3, at: lib/tempmail_web/live/home_live.ex:18[0m
[debug] QUERY OK source="domains" db=0.2ms idle=730.4ms
SELECT d0."id", d0."domain", d0."is_active", d0."is_default", d0."mailcow_id", d0."description", d0."inserted_at", d0."updated_at" FROM "domains" AS d0 WHERE (d0."is_active" = TRUE) ORDER BY d0."is_default" DESC, d0."domain" []
[90m↳ Tempmail.Mail.choose_domain/1, at: lib/tempmail/mail.ex:64[0m
[debug] QUERY OK db=0.1ms idle=733.4ms
begin []
[90m↳ Tempmail.Mail.increment_stat/1, at: lib/tempmail/mail.ex:485[0m
[debug] QUERY OK source="email_stats" db=0.9ms
SELECT e0."id", e0."date", e0."generated", e0."received", e0."domain_id", e0."inserted_at" FROM "email_stats" AS e0 WHERE ((e0."date" = $1) AND (e0."domain_id" IS NULL)) LIMIT 1 [~D[2026-05-15]]
[90m↳ anonymous fn/3 in Ecto.Adapters.SQL.checkout_or_transaction/4, at: lib/ecto/adapters/sql.ex:1473[0m
[debug] QUERY OK source="email_stats" db=0.4ms
UPDATE "email_stats" SET "generated" = $1 WHERE "id" = $2 [69, "343f06a0-8f2f-439d-8066-7f6f30b032e3"]
[90m↳ anonymous fn/3 in Ecto.Adapters.SQL.checkout_or_transaction/4, at: lib/ecto/adapters/sql.ex:1473[0m
[debug] QUERY OK db=0.2ms
commit []
[90m↳ Tempmail.Mail.increment_stat/1, at: lib/tempmail/mail.ex:485[0m
[debug] Replied in 5ms
[debug] MOUNT TempmailWeb.HomeLive
  Parameters: %{}
  Session: %{"_csrf_token" => "VRPr652P0fAteuzywL2a3Ow3"}
[debug] QUERY OK source="domains" db=0.4ms idle=879.6ms
SELECT d0."id", d0."domain", d0."is_active", d0."is_default", d0."mailcow_id", d0."description", d0."inserted_at", d0."updated_at" FROM "domains" AS d0 WHERE (d0."is_active" = TRUE) ORDER BY d0."is_default" DESC, d0."domain" []
[90m↳ TempmailWeb.HomeLive.mount/3, at: lib/tempmail_web/live/home_live.ex:18[0m
[debug] QUERY OK source="domains" db=0.2ms idle=880.1ms
SELECT d0."id", d0."domain", d0."is_active", d0."is_default", d0."mailcow_id", d0."description", d0."inserted_at", d0."updated_at" FROM "domains" AS d0 WHERE (d0."is_active" = TRUE) ORDER BY d0."is_default" DESC, d0."domain" []
[90m↳ Tempmail.Mail.choose_domain/1, at: lib/tempmail/mail.ex:64[0m
[debug] QUERY OK db=0.3ms idle=880.8ms
begin []
[90m↳ Tempmail.Mail.increment_stat/1, at: lib/tempmail/mail.ex:485[0m
[debug] QUERY OK source="email_stats" db=1.0ms
SELECT e0."id", e0."date", e0."generated", e0."received", e0."domain_id", e0."inserted_at" FROM "email_stats" AS e0 WHERE ((e0."date" = $1) AND (e0."domain_id" IS NULL)) LIMIT 1 [~D[2026-05-15]]
[90m↳ anonymous fn/3 in Ecto.Adapters.SQL.checkout_or_transaction/4, at: lib/ecto/adapters/sql.ex:1473[0m
[debug] QUERY OK source="email_stats" db=0.3ms
UPDATE "email_stats" SET "generated" = $1 WHERE "id" = $2 [70, "343f06a0-8f2f-439d-8066-7f6f30b032e3"]
[90m↳ anonymous fn/3 in Ecto.Adapters.SQL.checkout_or_transaction/4, at: lib/ecto/adapters/sql.ex:1473[0m
[debug] QUERY OK db=0.3ms
commit []
[90m↳ Tempmail.Mail.increment_stat/1, at: lib/tempmail/mail.ex:485[0m
[debug] Replied in 6ms
[info] GET /es
[debug] Processing with TempmailWeb.HomeLive.index/2
  Parameters: %{"locale" => "es"}
  Pipelines: [:browser]
[debug] QUERY OK source="domains" db=0.4ms idle=1624.5ms
SELECT d0."id", d0."domain", d0."is_active", d0."is_default", d0."mailcow_id", d0."description", d0."inserted_at", d0."updated_at" FROM "domains" AS d0 WHERE (d0."is_active" = TRUE) ORDER BY d0."is_default" DESC, d0."domain" []
[90m↳ TempmailWeb.HomeLive.mount/3, at: lib/tempmail_web/live/home_live.ex:18[0m
[info] Sent 200 in 1ms
[debug] Live reload: lib/tempmail_web/live/home_live.html.heex
[debug] Live reload: lib/tempmail_web/live/home_live.html.heex
[debug] Live reload: lib/tempmail_web/live/home_live.html.heex
[debug] Live reload: lib/tempmail_web/live/home_live.html.heex
[debug] Live reload: lib/tempmail_web/live/home_live.ex
[debug] Live reload: lib/tempmail_web/live/home_live.ex
Compiling 1 file (.ex)
[debug] warning: undefined handle_info in TempmailWeb.HomeLive. Unhandled message: :tick
[debug] warning: undefined handle_info in TempmailWeb.HomeLive. Unhandled message: :tick
Generated tempmail app
[info] GET /es
[debug] Processing with TempmailWeb.HomeLive.index/2
  Parameters: %{"locale" => "es"}
  Pipelines: [:browser]
[info] GET /
[debug] Processing with TempmailWeb.HomeLive.index/2
  Parameters: %{}
  Pipelines: [:browser]
[debug] QUERY OK source="domains" db=0.4ms idle=521.6ms
SELECT d0."id", d0."domain", d0."is_active", d0."is_default", d0."mailcow_id", d0."description", d0."inserted_at", d0."updated_at" FROM "domains" AS d0 WHERE (d0."is_active" = TRUE) ORDER BY d0."is_default" DESC, d0."domain" []
[90m↳ TempmailWeb.HomeLive.mount/3, at: lib/tempmail_web/live/home_live.ex:18[0m
[debug] QUERY OK source="domains" db=0.3ms queue=0.1ms idle=521.9ms
SELECT d0."id", d0."domain", d0."is_active", d0."is_default", d0."mailcow_id", d0."description", d0."inserted_at", d0."updated_at" FROM "domains" AS d0 WHERE (d0."is_active" = TRUE) ORDER BY d0."is_default" DESC, d0."domain" []
[90m↳ TempmailWeb.HomeLive.mount/3, at: lib/tempmail_web/live/home_live.ex:18[0m
[info] Sent 200 in 5ms
[info] Sent 200 in 5ms
[info] CONNECTED TO Phoenix.LiveView.Socket in 0µs
  Transport: :websocket
  Serializer: Phoenix.Socket.V2.JSONSerializer
  Parameters: %{"_csrf_token" => "Gg0XN1oGaH1_DRMOCzAeVCgkZSh2OzBXL_GEl3Z-OkRznEd-_hWIEtGd", "_live_referer" => "undefined", "_mount_attempts" => "0", "_mounts" => "0", "_track_static" => %{"0" => "http://localhost:4001/assets/app.css", "1" => "http://localhost:4001/assets/app.js"}, "vsn" => "2.0.0"}
[debug] MOUNT TempmailWeb.HomeLive
  Parameters: %{"locale" => "es"}
  Session: %{"_csrf_token" => "VRPr652P0fAteuzywL2a3Ow3"}
[debug] QUERY OK source="domains" db=0.4ms queue=0.1ms idle=647.4ms
SELECT d0."id", d0."domain", d0."is_active", d0."is_default", d0."mailcow_id", d0."description", d0."inserted_at", d0."updated_at" FROM "domains" AS d0 WHERE (d0."is_active" = TRUE) ORDER BY d0."is_default" DESC, d0."domain" []
[90m↳ TempmailWeb.HomeLive.mount/3, at: lib/tempmail_web/live/home_live.ex:18[0m
[debug] QUERY OK source="domains" db=0.4ms idle=648.0ms
SELECT d0."id", d0."domain", d0."is_active", d0."is_default", d0."mailcow_id", d0."description", d0."inserted_at", d0."updated_at" FROM "domains" AS d0 WHERE (d0."is_active" = TRUE) ORDER BY d0."is_default" DESC, d0."domain" []
[90m↳ Tempmail.Mail.choose_domain/1, at: lib/tempmail/mail.ex:64[0m
[debug] QUERY OK db=0.2ms queue=0.1ms idle=653.3ms
begin []
[90m↳ Tempmail.Mail.increment_stat/1, at: lib/tempmail/mail.ex:485[0m
[debug] QUERY OK source="email_stats" db=0.3ms
SELECT e0."id", e0."date", e0."generated", e0."received", e0."domain_id", e0."inserted_at" FROM "email_stats" AS e0 WHERE ((e0."date" = $1) AND (e0."domain_id" IS NULL)) LIMIT 1 [~D[2026-05-15]]
[90m↳ anonymous fn/3 in Ecto.Adapters.SQL.checkout_or_transaction/4, at: lib/ecto/adapters/sql.ex:1473[0m
[debug] QUERY OK source="email_stats" db=0.2ms
UPDATE "email_stats" SET "generated" = $1 WHERE "id" = $2 [71, "343f06a0-8f2f-439d-8066-7f6f30b032e3"]
[90m↳ anonymous fn/3 in Ecto.Adapters.SQL.checkout_or_transaction/4, at: lib/ecto/adapters/sql.ex:1473[0m
[debug] QUERY OK db=0.3ms
commit []
[90m↳ Tempmail.Mail.increment_stat/1, at: lib/tempmail/mail.ex:485[0m
[debug] Replied in 7ms
[info] CONNECTED TO Phoenix.LiveView.Socket in 0µs
  Transport: :websocket
  Serializer: Phoenix.Socket.V2.JSONSerializer
  Parameters: %{"_csrf_token" => "IR8EKnRtZjZKAC0QJkAcEhwgVilSPAV9wMTXBXTfzfldC5fkkldHasrN", "_live_referer" => "undefined", "_mount_attempts" => "0", "_mounts" => "0", "_track_static" => %{"0" => "http://localhost:4001/assets/app.css", "1" => "http://localhost:4001/assets/app.js"}, "vsn" => "2.0.0"}
[debug] MOUNT TempmailWeb.HomeLive
  Parameters: %{}
  Session: %{"_csrf_token" => "VRPr652P0fAteuzywL2a3Ow3"}
[debug] QUERY OK source="domains" db=0.4ms queue=0.1ms idle=1121.6ms
SELECT d0."id", d0."domain", d0."is_active", d0."is_default", d0."mailcow_id", d0."description", d0."inserted_at", d0."updated_at" FROM "domains" AS d0 WHERE (d0."is_active" = TRUE) ORDER BY d0."is_default" DESC, d0."domain" []
[90m↳ TempmailWeb.HomeLive.mount/3, at: lib/tempmail_web/live/home_live.ex:18[0m
[debug] QUERY OK source="domains" db=0.3ms queue=0.1ms idle=611.8ms
SELECT d0."id", d0."domain", d0."is_active", d0."is_default", d0."mailcow_id", d0."description", d0."inserted_at", d0."updated_at" FROM "domains" AS d0 WHERE (d0."is_active" = TRUE) ORDER BY d0."is_default" DESC, d0."domain" []
[90m↳ Tempmail.Mail.choose_domain/1, at: lib/tempmail/mail.ex:64[0m
[debug] QUERY OK db=0.3ms idle=616.1ms
begin []
[90m↳ Tempmail.Mail.increment_stat/1, at: lib/tempmail/mail.ex:485[0m
[debug] QUERY OK source="email_stats" db=0.3ms
SELECT e0."id", e0."date", e0."generated", e0."received", e0."domain_id", e0."inserted_at" FROM "email_stats" AS e0 WHERE ((e0."date" = $1) AND (e0."domain_id" IS NULL)) LIMIT 1 [~D[2026-05-15]]
[90m↳ anonymous fn/3 in Ecto.Adapters.SQL.checkout_or_transaction/4, at: lib/ecto/adapters/sql.ex:1473[0m
[debug] QUERY OK source="email_stats" db=0.3ms
UPDATE "email_stats" SET "generated" = $1 WHERE "id" = $2 [72, "343f06a0-8f2f-439d-8066-7f6f30b032e3"]
[90m↳ anonymous fn/3 in Ecto.Adapters.SQL.checkout_or_transaction/4, at: lib/ecto/adapters/sql.ex:1473[0m
[debug] QUERY OK db=0.3ms
commit []
[90m↳ Tempmail.Mail.increment_stat/1, at: lib/tempmail/mail.ex:485[0m
[debug] Replied in 6ms
[info] CONNECTED TO Phoenix.LiveView.Socket in 0µs
  Transport: :websocket
  Serializer: Phoenix.Socket.V2.JSONSerializer
  Parameters: %{"_csrf_token" => "eD4YLmZdbiUYNjpEelp2Aw54chkuFg4o9gPEV48R_QK1N7AViUAmLThq", "_live_referer" => "undefined", "_mount_attempts" => "0", "_mounts" => "0", "_track_static" => %{"0" => "http://127.0.0.1:4001/assets/app.css", "1" => "http://127.0.0.1:4001/assets/app.js"}, "vsn" => "2.0.0"}
[debug] MOUNT TempmailWeb.HomeLive
  Parameters: %{"locale" => "es"}
  Session: %{"_csrf_token" => "AYHk0iVwGgqu4m7Ug-3tbBfY"}
[debug] QUERY OK source="domains" db=0.3ms queue=0.1ms idle=705.6ms
SELECT d0."id", d0."domain", d0."is_active", d0."is_default", d0."mailcow_id", d0."description", d0."inserted_at", d0."updated_at" FROM "domains" AS d0 WHERE (d0."is_active" = TRUE) ORDER BY d0."is_default" DESC, d0."domain" []
[90m↳ TempmailWeb.HomeLive.mount/3, at: lib/tempmail_web/live/home_live.ex:18[0m
[debug] QUERY OK source="domains" db=0.2ms queue=0.1ms idle=706.0ms
SELECT d0."id", d0."domain", d0."is_active", d0."is_default", d0."mailcow_id", d0."description", d0."inserted_at", d0."updated_at" FROM "domains" AS d0 WHERE (d0."is_active" = TRUE) ORDER BY d0."is_default" DESC, d0."domain" []
[90m↳ Tempmail.Mail.choose_domain/1, at: lib/tempmail/mail.ex:64[0m
[debug] QUERY OK db=0.3ms idle=701.7ms
begin []
[90m↳ Tempmail.Mail.increment_stat/1, at: lib/tempmail/mail.ex:485[0m
[debug] QUERY OK source="email_stats" db=0.3ms
SELECT e0."id", e0."date", e0."generated", e0."received", e0."domain_id", e0."inserted_at" FROM "email_stats" AS e0 WHERE ((e0."date" = $1) AND (e0."domain_id" IS NULL)) LIMIT 1 [~D[2026-05-15]]
[90m↳ anonymous fn/3 in Ecto.Adapters.SQL.checkout_or_transaction/4, at: lib/ecto/adapters/sql.ex:1473[0m
[debug] QUERY OK source="email_stats" db=0.3ms
UPDATE "email_stats" SET "generated" = $1 WHERE "id" = $2 [73, "343f06a0-8f2f-439d-8066-7f6f30b032e3"]
[90m↳ anonymous fn/3 in Ecto.Adapters.SQL.checkout_or_transaction/4, at: lib/ecto/adapters/sql.ex:1473[0m
[debug] QUERY OK db=0.3ms
commit []
[90m↳ Tempmail.Mail.increment_stat/1, at: lib/tempmail/mail.ex:485[0m
[debug] Replied in 6ms

Rebuilding...

Done in 62ms.

Rebuilding...

Done in 48ms.
[debug] Live reload: priv/static/assets/app.css
[debug] Live reload: priv/static/assets/app.css
[debug] Live reload: priv/static/assets/app.css
[debug] Live reload: priv/static/assets/app.css
[debug] Live reload: priv/static/assets/app.css
[debug] Live reload: priv/static/assets/app.css
[debug] Live reload: priv/static/assets/app.js
[debug] Live reload: priv/static/assets/app.js
[debug] Live reload: priv/static/assets/app.js
[debug] Live reload: priv/static/assets/app.js
[debug] Live reload: priv/static/assets/app.js
[debug] Live reload: priv/static/assets/app.js
[info] GET /es
[debug] Processing with TempmailWeb.HomeLive.index/2
  Parameters: %{"locale" => "es"}
  Pipelines: [:browser]
[debug] QUERY OK source="domains" db=0.3ms queue=0.1ms idle=1743.3ms
SELECT d0."id", d0."domain", d0."is_active", d0."is_default", d0."mailcow_id", d0."description", d0."inserted_at", d0."updated_at" FROM "domains" AS d0 WHERE (d0."is_active" = TRUE) ORDER BY d0."is_default" DESC, d0."domain" []
[90m↳ TempmailWeb.HomeLive.mount/3, at: lib/tempmail_web/live/home_live.ex:18[0m
[info] Sent 200 in 1ms
[info] GET /es
[debug] Processing with TempmailWeb.HomeLive.index/2
  Parameters: %{"locale" => "es"}
  Pipelines: [:browser]
[debug] QUERY OK source="domains" db=0.4ms queue=0.1ms idle=1729.8ms
SELECT d0."id", d0."domain", d0."is_active", d0."is_default", d0."mailcow_id", d0."description", d0."inserted_at", d0."updated_at" FROM "domains" AS d0 WHERE (d0."is_active" = TRUE) ORDER BY d0."is_default" DESC, d0."domain" []
[90m↳ TempmailWeb.HomeLive.mount/3, at: lib/tempmail_web/live/home_live.ex:18[0m
[info] Sent 200 in 1ms
[info] CONNECTED TO Phoenix.LiveView.Socket in 0µs
  Transport: :websocket
  Serializer: Phoenix.Socket.V2.JSONSerializer
  Parameters: %{"_csrf_token" => "Iws_Ol9eJUMrCCUNflxyLCgUVCQbJFYpbRwQo7s4loTxJ1EyO9gPyf0p", "_live_referer" => "undefined", "_mount_attempts" => "0", "_mounts" => "0", "_track_static" => %{"0" => "http://127.0.0.1:4001/assets/app.css", "1" => "http://127.0.0.1:4001/assets/app.js"}, "vsn" => "2.0.0"}
[debug] MOUNT TempmailWeb.HomeLive
  Parameters: %{"locale" => "es"}
  Session: %{"_csrf_token" => "AYHk0iVwGgqu4m7Ug-3tbBfY"}
[debug] QUERY OK source="domains" db=0.4ms decode=0.1ms idle=1135.3ms
SELECT d0."id", d0."domain", d0."is_active", d0."is_default", d0."mailcow_id", d0."description", d0."inserted_at", d0."updated_at" FROM "domains" AS d0 WHERE (d0."is_active" = TRUE) ORDER BY d0."is_default" DESC, d0."domain" []
[90m↳ TempmailWeb.HomeLive.mount/3, at: lib/tempmail_web/live/home_live.ex:18[0m
[debug] QUERY OK source="domains" db=0.4ms idle=1136.1ms
SELECT d0."id", d0."domain", d0."is_active", d0."is_default", d0."mailcow_id", d0."description", d0."inserted_at", d0."updated_at" FROM "domains" AS d0 WHERE (d0."is_active" = TRUE) ORDER BY d0."is_default" DESC, d0."domain" []
[90m↳ Tempmail.Mail.choose_domain/1, at: lib/tempmail/mail.ex:64[0m
[debug] QUERY OK db=0.3ms idle=1139.6ms
begin []
[90m↳ Tempmail.Mail.increment_stat/1, at: lib/tempmail/mail.ex:485[0m
[debug] QUERY OK source="email_stats" db=0.2ms
SELECT e0."id", e0."date", e0."generated", e0."received", e0."domain_id", e0."inserted_at" FROM "email_stats" AS e0 WHERE ((e0."date" = $1) AND (e0."domain_id" IS NULL)) LIMIT 1 [~D[2026-05-15]]
[90m↳ anonymous fn/3 in Ecto.Adapters.SQL.checkout_or_transaction/4, at: lib/ecto/adapters/sql.ex:1473[0m
[debug] QUERY OK source="email_stats" db=0.2ms
UPDATE "email_stats" SET "generated" = $1 WHERE "id" = $2 [74, "343f06a0-8f2f-439d-8066-7f6f30b032e3"]
[90m↳ anonymous fn/3 in Ecto.Adapters.SQL.checkout_or_transaction/4, at: lib/ecto/adapters/sql.ex:1473[0m
[debug] QUERY OK db=0.3ms
commit []
[90m↳ Tempmail.Mail.increment_stat/1, at: lib/tempmail/mail.ex:485[0m
[debug] Replied in 5ms
[info] CONNECTED TO Phoenix.LiveView.Socket in 0µs
  Transport: :websocket
  Serializer: Phoenix.Socket.V2.JSONSerializer
  Parameters: %{"_csrf_token" => "GAI0Qkd6SzNKChQQAzw3MjQLeQJreDh7NPd0qOyczlUdfIMKCGKcX7OH", "_live_referer" => "undefined", "_mount_attempts" => "0", "_mounts" => "0", "_track_static" => %{"0" => "http://localhost:4001/assets/app.css", "1" => "http://localhost:4001/assets/app.js"}, "vsn" => "2.0.0"}
[debug] MOUNT TempmailWeb.HomeLive
  Parameters: %{"locale" => "es"}
  Session: %{"_csrf_token" => "VRPr652P0fAteuzywL2a3Ow3"}
[debug] QUERY OK source="domains" db=0.3ms queue=0.1ms idle=1571.9ms
SELECT d0."id", d0."domain", d0."is_active", d0."is_default", d0."mailcow_id", d0."description", d0."inserted_at", d0."updated_at" FROM "domains" AS d0 WHERE (d0."is_active" = TRUE) ORDER BY d0."is_default" DESC, d0."domain" []
[90m↳ TempmailWeb.HomeLive.mount/3, at: lib/tempmail_web/live/home_live.ex:18[0m
[debug] QUERY OK source="domains" db=0.3ms idle=707.9ms
SELECT d0."id", d0."domain", d0."is_active", d0."is_default", d0."mailcow_id", d0."description", d0."inserted_at", d0."updated_at" FROM "domains" AS d0 WHERE (d0."is_active" = TRUE) ORDER BY d0."is_default" DESC, d0."domain" []
[90m↳ Tempmail.Mail.choose_domain/1, at: lib/tempmail/mail.ex:64[0m
[debug] QUERY OK db=0.1ms queue=0.1ms idle=711.0ms
begin []
[90m↳ Tempmail.Mail.increment_stat/1, at: lib/tempmail/mail.ex:485[0m
[debug] QUERY OK source="email_stats" db=0.9ms
SELECT e0."id", e0."date", e0."generated", e0."received", e0."domain_id", e0."inserted_at" FROM "email_stats" AS e0 WHERE ((e0."date" = $1) AND (e0."domain_id" IS NULL)) LIMIT 1 [~D[2026-05-15]]
[90m↳ anonymous fn/3 in Ecto.Adapters.SQL.checkout_or_transaction/4, at: lib/ecto/adapters/sql.ex:1473[0m
[debug] QUERY OK source="email_stats" db=0.3ms
UPDATE "email_stats" SET "generated" = $1 WHERE "id" = $2 [75, "343f06a0-8f2f-439d-8066-7f6f30b032e3"]
[90m↳ anonymous fn/3 in Ecto.Adapters.SQL.checkout_or_transaction/4, at: lib/ecto/adapters/sql.ex:1473[0m
[debug] QUERY OK db=1.4ms
commit []
[90m↳ Tempmail.Mail.increment_stat/1, at: lib/tempmail/mail.ex:485[0m
[debug] Replied in 7ms
[debug] Live reload: lib/tempmail_web/live/home_live.ex
[debug] Live reload: lib/tempmail_web/live/home_live.ex
[debug] Live reload: lib/tempmail_web/live/home_live.ex
[debug] Live reload: lib/tempmail_web/components/layouts.ex
[debug] Live reload: lib/tempmail_web/components/layouts.ex
[debug] Live reload: lib/tempmail_web/components/layouts.ex
[debug] Live reload: lib/tempmail_web/live/home_live.ex
[debug] Live reload: lib/tempmail_web/live/home_live.ex
[debug] Live reload: lib/tempmail_web/live/home_live.ex
[debug] Live reload: lib/tempmail_web/components/layouts.ex
[debug] Live reload: lib/tempmail_web/components/layouts.ex
[debug] Live reload: lib/tempmail_web/components/layouts.ex
[info] GET /
[debug] Processing with TempmailWeb.HomeLive.index/2
  Parameters: %{}
  Pipelines: [:browser]
[debug] QUERY OK source="domains" db=0.3ms queue=0.1ms idle=797.5ms
SELECT d0."id", d0."domain", d0."is_active", d0."is_default", d0."mailcow_id", d0."description", d0."inserted_at", d0."updated_at" FROM "domains" AS d0 WHERE (d0."is_active" = TRUE) ORDER BY d0."is_default" DESC, d0."domain" []
[90m↳ TempmailWeb.HomeLive.mount/3, at: lib/tempmail_web/live/home_live.ex:18[0m
[info] Sent 200 in 1ms
[info] GET /es
[debug] Processing with TempmailWeb.HomeLive.index/2
  Parameters: %{"locale" => "es"}
  Pipelines: [:browser]
[debug] QUERY OK source="domains" db=0.4ms queue=0.1ms idle=813.0ms
SELECT d0."id", d0."domain", d0."is_active", d0."is_default", d0."mailcow_id", d0."description", d0."inserted_at", d0."updated_at" FROM "domains" AS d0 WHERE (d0."is_active" = TRUE) ORDER BY d0."is_default" DESC, d0."domain" []
[90m↳ TempmailWeb.HomeLive.mount/3, at: lib/tempmail_web/live/home_live.ex:18[0m
[info] Sent 200 in 2ms
[error] GenServer #PID<0.7484.0> terminating
** (stop) :econnaborted
Process Label: {:thousand_island, :connection, {Bandit.DelegatingHandler, {{127, 0, 0, 1}, 64150}}}
Last message: {:tcp_error, #Port<0.1487>, :econnaborted}
State: {%ThousandIsland.Socket{socket: #Port<0.1487>, transport_module: ThousandIsland.Transports.TCP, read_timeout: 60000, silent_terminate_on_error: false, span: %ThousandIsland.Telemetry{span_name: :connection, telemetry_span_context: #Reference<0.1557660048.3217031169.85417>, start_time: -5764580409867878, start_metadata: %{handler: Bandit.DelegatingHandler, remote_port: 64150, remote_address: {127, 0, 0, 1}, telemetry_span_context: #Reference<0.1557660048.3217031169.85417>, parent_telemetry_span_context: #Reference<0.1557660048.3216769026.166060>}, handler: Bandit.DelegatingHandler, span_metadata: %{handler: Bandit.DelegatingHandler, telemetry_span_context: #Reference<0.1557660048.3217031169.85417>}}}, %{opts: %{http: [], websocket: [], http_1: [], http_2: []}, plug: {Phoenix.Endpoint.SyncCodeReloadPlug, {TempmailWeb.Endpoint, []}}, handler_module: Bandit.HTTP1.Handler, http_1_enabled: true, http_2_enabled: true, requests_processed: 5}}
[info] GET /es
[debug] Processing with TempmailWeb.HomeLive.index/2
  Parameters: %{"locale" => "es"}
  Pipelines: [:browser]
[info] GET /es
[debug] Processing with TempmailWeb.HomeLive.index/2
  Parameters: %{"locale" => "es"}
  Pipelines: [:browser]
[info] GET /es
[debug] Processing with TempmailWeb.HomeLive.index/2
  Parameters: %{"locale" => "es"}
  Pipelines: [:browser]
[debug] QUERY OK source="domains" db=0.4ms queue=0.1ms idle=169.1ms
SELECT d0."id", d0."domain", d0."is_active", d0."is_default", d0."mailcow_id", d0."description", d0."inserted_at", d0."updated_at" FROM "domains" AS d0 WHERE (d0."is_active" = TRUE) ORDER BY d0."is_default" DESC, d0."domain" []
[90m↳ TempmailWeb.HomeLive.mount/3, at: lib/tempmail_web/live/home_live.ex:18[0m
[debug] QUERY OK source="domains" db=0.7ms idle=365.4ms
SELECT d0."id", d0."domain", d0."is_active", d0."is_default", d0."mailcow_id", d0."description", d0."inserted_at", d0."updated_at" FROM "domains" AS d0 WHERE (d0."is_active" = TRUE) ORDER BY d0."is_default" DESC, d0."domain" []
[90m↳ TempmailWeb.HomeLive.mount/3, at: lib/tempmail_web/live/home_live.ex:18[0m
[debug] QUERY OK source="domains" db=0.6ms idle=169.1ms
SELECT d0."id", d0."domain", d0."is_active", d0."is_default", d0."mailcow_id", d0."description", d0."inserted_at", d0."updated_at" FROM "domains" AS d0 WHERE (d0."is_active" = TRUE) ORDER BY d0."is_default" DESC, d0."domain" []
[90m↳ TempmailWeb.HomeLive.mount/3, at: lib/tempmail_web/live/home_live.ex:18[0m
[info] Sent 200 in 1ms
[info] Sent 200 in 2ms
[info] Sent 200 in 1ms
[error] GenServer #PID<0.7473.0> terminating
** (stop) :econnaborted
Process Label: {:thousand_island, :connection, {Bandit.DelegatingHandler, {{127, 0, 0, 1}, 49499}}}
Last message: {:tcp_error, #Port<0.1483>, :econnaborted}
State: {%ThousandIsland.Socket{socket: #Port<0.1483>, transport_module: ThousandIsland.Transports.TCP, read_timeout: 60000, silent_terminate_on_error: false, span: %ThousandIsland.Telemetry{span_name: :connection, telemetry_span_context: #Reference<0.1557660048.3217031169.85000>, start_time: -5764580415068772, start_metadata: %{handler: Bandit.DelegatingHandler, remote_port: 49499, remote_address: {127, 0, 0, 1}, telemetry_span_context: #Reference<0.1557660048.3217031169.85000>, parent_telemetry_span_context: #Reference<0.1557660048.3216769051.157660>}, handler: Bandit.DelegatingHandler, span_metadata: %{handler: Bandit.DelegatingHandler, telemetry_span_context: #Reference<0.1557660048.3217031169.85000>}}}, %{opts: %{http: [], websocket: [], http_1: [], http_2: []}, plug: {Phoenix.Endpoint.SyncCodeReloadPlug, {TempmailWeb.Endpoint, []}}, handler_module: Bandit.HTTP1.Handler, http_1_enabled: true, http_2_enabled: true, requests_processed: 12}}
[info] CONNECTED TO Phoenix.LiveView.Socket in 102µs
  Transport: :websocket
  Serializer: Phoenix.Socket.V2.JSONSerializer
  Parameters: %{"_csrf_token" => "GmA5JQYAegpoLHJMM1gUFRkhWRRwdjBUL2iW05HZXJ38V-nlnmkuC9Gg", "_live_referer" => "undefined", "_mount_attempts" => "0", "_mounts" => "0", "_track_static" => %{"0" => "http://localhost:4001/assets/app.css", "1" => "http://localhost:4001/assets/app.js"}, "vsn" => "2.0.0"}
[debug] MOUNT TempmailWeb.HomeLive
  Parameters: %{}
  Session: %{"_csrf_token" => "VRPr652P0fAteuzywL2a3Ow3"}
[debug] QUERY OK source="domains" db=0.6ms idle=350.5ms
SELECT d0."id", d0."domain", d0."is_active", d0."is_default", d0."mailcow_id", d0."description", d0."inserted_at", d0."updated_at" FROM "domains" AS d0 WHERE (d0."is_active" = TRUE) ORDER BY d0."is_default" DESC, d0."domain" []
[90m↳ TempmailWeb.HomeLive.mount/3, at: lib/tempmail_web/live/home_live.ex:18[0m
[debug] QUERY OK source="domains" db=0.5ms idle=201.1ms
SELECT d0."id", d0."domain", d0."is_active", d0."is_default", d0."mailcow_id", d0."description", d0."inserted_at", d0."updated_at" FROM "domains" AS d0 WHERE (d0."is_active" = TRUE) ORDER BY d0."is_default" DESC, d0."domain" []
[90m↳ Tempmail.Mail.choose_domain/1, at: lib/tempmail/mail.ex:64[0m
[debug] QUERY OK db=0.2ms queue=0.1ms idle=205.2ms
begin []
[90m↳ Tempmail.Mail.increment_stat/1, at: lib/tempmail/mail.ex:485[0m
[debug] QUERY OK source="email_stats" db=0.3ms
SELECT e0."id", e0."date", e0."generated", e0."received", e0."domain_id", e0."inserted_at" FROM "email_stats" AS e0 WHERE ((e0."date" = $1) AND (e0."domain_id" IS NULL)) LIMIT 1 [~D[2026-05-15]]
[90m↳ anonymous fn/3 in Ecto.Adapters.SQL.checkout_or_transaction/4, at: lib/ecto/adapters/sql.ex:1473[0m
[debug] QUERY OK source="email_stats" db=0.3ms
UPDATE "email_stats" SET "generated" = $1 WHERE "id" = $2 [76, "343f06a0-8f2f-439d-8066-7f6f30b032e3"]
[90m↳ anonymous fn/3 in Ecto.Adapters.SQL.checkout_or_transaction/4, at: lib/ecto/adapters/sql.ex:1473[0m
[debug] QUERY OK db=0.5ms
commit []
[90m↳ Tempmail.Mail.increment_stat/1, at: lib/tempmail/mail.ex:485[0m
[debug] Replied in 7ms
[info] CONNECTED TO Phoenix.LiveView.Socket in 0µs
  Transport: :websocket
  Serializer: Phoenix.Socket.V2.JSONSerializer
  Parameters: %{"_csrf_token" => "EyF7XAc2MD8fJCNYYVhlOkpAWEwHKSULRx377_fHXCR-U5Ro-mk8ekCR", "_live_referer" => "undefined", "_mount_attempts" => "0", "_mounts" => "0", "_track_static" => %{"0" => "http://127.0.0.1:4001/assets/app.css", "1" => "http://127.0.0.1:4001/assets/app.js"}, "vsn" => "2.0.0"}
[debug] MOUNT TempmailWeb.HomeLive
  Parameters: %{"locale" => "es"}
  Session: %{"_csrf_token" => "AYHk0iVwGgqu4m7Ug-3tbBfY"}
[debug] QUERY OK source="domains" db=0.5ms idle=327.9ms
SELECT d0."id", d0."domain", d0."is_active", d0."is_default", d0."mailcow_id", d0."description", d0."inserted_at", d0."updated_at" FROM "domains" AS d0 WHERE (d0."is_active" = TRUE) ORDER BY d0."is_default" DESC, d0."domain" []
[90m↳ TempmailWeb.HomeLive.mount/3, at: lib/tempmail_web/live/home_live.ex:18[0m
[debug] QUERY OK source="domains" db=0.4ms idle=328.6ms
SELECT d0."id", d0."domain", d0."is_active", d0."is_default", d0."mailcow_id", d0."description", d0."inserted_at", d0."updated_at" FROM "domains" AS d0 WHERE (d0."is_active" = TRUE) ORDER BY d0."is_default" DESC, d0."domain" []
[90m↳ Tempmail.Mail.choose_domain/1, at: lib/tempmail/mail.ex:64[0m
[debug] QUERY OK db=0.3ms idle=332.4ms
begin []
[90m↳ Tempmail.Mail.increment_stat/1, at: lib/tempmail/mail.ex:485[0m
[debug] QUERY OK source="email_stats" db=0.3ms
SELECT e0."id", e0."date", e0."generated", e0."received", e0."domain_id", e0."inserted_at" FROM "email_stats" AS e0 WHERE ((e0."date" = $1) AND (e0."domain_id" IS NULL)) LIMIT 1 [~D[2026-05-15]]
[90m↳ anonymous fn/3 in Ecto.Adapters.SQL.checkout_or_transaction/4, at: lib/ecto/adapters/sql.ex:1473[0m
[debug] QUERY OK source="email_stats" db=0.4ms
UPDATE "email_stats" SET "generated" = $1 WHERE "id" = $2 [77, "343f06a0-8f2f-439d-8066-7f6f30b032e3"]
[90m↳ anonymous fn/3 in Ecto.Adapters.SQL.checkout_or_transaction/4, at: lib/ecto/adapters/sql.ex:1473[0m
[debug] QUERY OK db=0.4ms
commit []
[90m↳ Tempmail.Mail.increment_stat/1, at: lib/tempmail/mail.ex:485[0m
[debug] Replied in 6ms
[info] CONNECTED TO Phoenix.LiveView.Socket in 102µs
  Transport: :websocket
  Serializer: Phoenix.Socket.V2.JSONSerializer
  Parameters: %{"_csrf_token" => "GDwWH353cWYdNwgcNiEcHzJ6WCJsYhoCNnFmHBC6-QIhSTffE6jC_-m1", "_live_referer" => "undefined", "_mount_attempts" => "0", "_mounts" => "0", "_track_static" => %{"0" => "http://localhost:4001/assets/app.css", "1" => "http://localhost:4001/assets/app.js"}, "vsn" => "2.0.0"}
[debug] MOUNT TempmailWeb.HomeLive
  Parameters: %{"locale" => "es"}
  Session: %{"_csrf_token" => "VRPr652P0fAteuzywL2a3Ow3"}
[debug] QUERY OK source="domains" db=0.3ms idle=1010.4ms
SELECT d0."id", d0."domain", d0."is_active", d0."is_default", d0."mailcow_id", d0."description", d0."inserted_at", d0."updated_at" FROM "domains" AS d0 WHERE (d0."is_active" = TRUE) ORDER BY d0."is_default" DESC, d0."domain" []
[90m↳ TempmailWeb.HomeLive.mount/3, at: lib/tempmail_web/live/home_live.ex:18[0m
[debug] QUERY OK source="domains" db=0.3ms idle=998.7ms
SELECT d0."id", d0."domain", d0."is_active", d0."is_default", d0."mailcow_id", d0."description", d0."inserted_at", d0."updated_at" FROM "domains" AS d0 WHERE (d0."is_active" = TRUE) ORDER BY d0."is_default" DESC, d0."domain" []
[90m↳ Tempmail.Mail.choose_domain/1, at: lib/tempmail/mail.ex:64[0m
[debug] QUERY OK db=0.3ms idle=1002.3ms
begin []
[90m↳ Tempmail.Mail.increment_stat/1, at: lib/tempmail/mail.ex:485[0m
[debug] QUERY OK source="email_stats" db=0.4ms
SELECT e0."id", e0."date", e0."generated", e0."received", e0."domain_id", e0."inserted_at" FROM "email_stats" AS e0 WHERE ((e0."date" = $1) AND (e0."domain_id" IS NULL)) LIMIT 1 [~D[2026-05-15]]
[90m↳ anonymous fn/3 in Ecto.Adapters.SQL.checkout_or_transaction/4, at: lib/ecto/adapters/sql.ex:1473[0m
[debug] QUERY OK source="email_stats" db=0.3ms
UPDATE "email_stats" SET "generated" = $1 WHERE "id" = $2 [78, "343f06a0-8f2f-439d-8066-7f6f30b032e3"]
[90m↳ anonymous fn/3 in Ecto.Adapters.SQL.checkout_or_transaction/4, at: lib/ecto/adapters/sql.ex:1473[0m
[debug] QUERY OK db=0.3ms
commit []
[90m↳ Tempmail.Mail.increment_stat/1, at: lib/tempmail/mail.ex:485[0m
[debug] Replied in 6ms

Rebuilding...
[debug] Live reload: priv/static/assets/app.css

[debug] Live reload: priv/static/assets/app.css
Done in 51ms.
[debug] Live reload: priv/static/assets/app.css
[debug] Live reload: priv/static/assets/app.css
[debug] Live reload: priv/static/assets/app.css
[debug] Live reload: priv/static/assets/app.css

Rebuilding...

Done in 50ms.
[info] GET /es
[debug] Processing with TempmailWeb.HomeLive.index/2
  Parameters: %{"locale" => "es"}
  Pipelines: [:browser]
[debug] QUERY OK source="domains" db=0.3ms idle=1581.8ms
SELECT d0."id", d0."domain", d0."is_active", d0."is_default", d0."mailcow_id", d0."description", d0."inserted_at", d0."updated_at" FROM "domains" AS d0 WHERE (d0."is_active" = TRUE) ORDER BY d0."is_default" DESC, d0."domain" []
[90m↳ TempmailWeb.HomeLive.mount/3, at: lib/tempmail_web/live/home_live.ex:18[0m
[info] Sent 200 in 1ms
[info] CONNECTED TO Phoenix.LiveView.Socket in 0µs
  Transport: :websocket
  Serializer: Phoenix.Socket.V2.JSONSerializer
  Parameters: %{"_csrf_token" => "KTAuXQAaBD1xPjIGYwMOJQ1XWTVaelQghif60sRJ6YCsWn9pjzjA882y", "_live_referer" => "undefined", "_mount_attempts" => "0", "_mounts" => "0", "_track_static" => %{"0" => "http://127.0.0.1:4001/assets/app.css", "1" => "http://127.0.0.1:4001/assets/app.js"}, "vsn" => "2.0.0"}
[debug] MOUNT TempmailWeb.HomeLive
  Parameters: %{"locale" => "es"}
  Session: %{"_csrf_token" => "AYHk0iVwGgqu4m7Ug-3tbBfY"}
[debug] QUERY OK source="domains" db=0.3ms idle=816.2ms
SELECT d0."id", d0."domain", d0."is_active", d0."is_default", d0."mailcow_id", d0."description", d0."inserted_at", d0."updated_at" FROM "domains" AS d0 WHERE (d0."is_active" = TRUE) ORDER BY d0."is_default" DESC, d0."domain" []
[90m↳ TempmailWeb.HomeLive.mount/3, at: lib/tempmail_web/live/home_live.ex:18[0m
[debug] QUERY OK source="domains" db=0.3ms idle=816.6ms
SELECT d0."id", d0."domain", d0."is_active", d0."is_default", d0."mailcow_id", d0."description", d0."inserted_at", d0."updated_at" FROM "domains" AS d0 WHERE (d0."is_active" = TRUE) ORDER BY d0."is_default" DESC, d0."domain" []
[90m↳ Tempmail.Mail.choose_domain/1, at: lib/tempmail/mail.ex:64[0m
[debug] QUERY OK db=0.1ms queue=0.1ms idle=819.5ms
begin []
[90m↳ Tempmail.Mail.increment_stat/1, at: lib/tempmail/mail.ex:485[0m
[debug] QUERY OK source="email_stats" db=0.2ms
SELECT e0."id", e0."date", e0."generated", e0."received", e0."domain_id", e0."inserted_at" FROM "email_stats" AS e0 WHERE ((e0."date" = $1) AND (e0."domain_id" IS NULL)) LIMIT 1 [~D[2026-05-15]]
[90m↳ anonymous fn/3 in Ecto.Adapters.SQL.checkout_or_transaction/4, at: lib/ecto/adapters/sql.ex:1473[0m
[debug] QUERY OK source="email_stats" db=0.4ms
UPDATE "email_stats" SET "generated" = $1 WHERE "id" = $2 [79, "343f06a0-8f2f-439d-8066-7f6f30b032e3"]
[90m↳ anonymous fn/3 in Ecto.Adapters.SQL.checkout_or_transaction/4, at: lib/ecto/adapters/sql.ex:1473[0m
[debug] QUERY OK db=0.3ms
commit []
[90m↳ Tempmail.Mail.increment_stat/1, at: lib/tempmail/mail.ex:485[0m
[debug] Replied in 4ms

Rebuilding...

Done in 426ms.
[debug] Live reload: priv/static/assets/app.css
[debug] Live reload: priv/static/assets/app.css
[debug] Live reload: priv/static/assets/app.css
[debug] Live reload: priv/static/assets/app.css
[debug] Live reload: priv/static/assets/app.css
[debug] Live reload: priv/static/assets/app.css
[debug] Live reload: priv/static/assets/app.js
[debug] Live reload: priv/static/assets/app.js
[debug] Live reload: priv/static/assets/app.js
[debug] Live reload: priv/static/assets/app.js
[debug] Live reload: priv/static/assets/app.js
[debug] Live reload: priv/static/assets/app.js
[info] GET /es
[debug] Processing with TempmailWeb.HomeLive.index/2
  Parameters: %{"locale" => "es"}
  Pipelines: [:browser]
[debug] QUERY OK source="domains" db=0.4ms idle=1891.9ms
SELECT d0."id", d0."domain", d0."is_active", d0."is_default", d0."mailcow_id", d0."description", d0."inserted_at", d0."updated_at" FROM "domains" AS d0 WHERE (d0."is_active" = TRUE) ORDER BY d0."is_default" DESC, d0."domain" []
[90m↳ TempmailWeb.HomeLive.mount/3, at: lib/tempmail_web/live/home_live.ex:18[0m
[info] Sent 200 in 87ms
[info] GET /es
[debug] Processing with TempmailWeb.HomeLive.index/2
  Parameters: %{"locale" => "es"}
  Pipelines: [:browser]
[debug] QUERY OK source="domains" db=0.4ms idle=1992.2ms
SELECT d0."id", d0."domain", d0."is_active", d0."is_default", d0."mailcow_id", d0."description", d0."inserted_at", d0."updated_at" FROM "domains" AS d0 WHERE (d0."is_active" = TRUE) ORDER BY d0."is_default" DESC, d0."domain" []
[90m↳ TempmailWeb.HomeLive.mount/3, at: lib/tempmail_web/live/home_live.ex:18[0m
[info] Sent 200 in 45ms
[info] GET /
[debug] Processing with TempmailWeb.HomeLive.index/2
  Parameters: %{}
  Pipelines: [:browser]
[debug] QUERY OK source="domains" db=0.3ms queue=0.1ms idle=429.4ms
SELECT d0."id", d0."domain", d0."is_active", d0."is_default", d0."mailcow_id", d0."description", d0."inserted_at", d0."updated_at" FROM "domains" AS d0 WHERE (d0."is_active" = TRUE) ORDER BY d0."is_default" DESC, d0."domain" []
[90m↳ TempmailWeb.HomeLive.mount/3, at: lib/tempmail_web/live/home_live.ex:18[0m
[info] Sent 200 in 42ms
[info] CONNECTED TO Phoenix.LiveView.Socket in 0µs
  Transport: :websocket
  Serializer: Phoenix.Socket.V2.JSONSerializer
  Parameters: %{"_csrf_token" => "Cht6CFZaHDp2EFw9XjxlOQxkXRMaKQMhKB2cf3JM1w-HjQRlkIngxkex", "_live_referer" => "undefined", "_mount_attempts" => "0", "_mounts" => "0", "_track_static" => %{"0" => "http://127.0.0.1:4001/assets/app.css", "1" => "http://127.0.0.1:4001/assets/app.js"}, "vsn" => "2.0.0"}
[debug] MOUNT TempmailWeb.HomeLive
  Parameters: %{"locale" => "es"}
  Session: %{"_csrf_token" => "AYHk0iVwGgqu4m7Ug-3tbBfY"}
[debug] QUERY OK source="domains" db=0.4ms idle=565.6ms
SELECT d0."id", d0."domain", d0."is_active", d0."is_default", d0."mailcow_id", d0."description", d0."inserted_at", d0."updated_at" FROM "domains" AS d0 WHERE (d0."is_active" = TRUE) ORDER BY d0."is_default" DESC, d0."domain" []
[90m↳ TempmailWeb.HomeLive.mount/3, at: lib/tempmail_web/live/home_live.ex:18[0m
[debug] QUERY OK source="domains" db=0.3ms idle=565.7ms
SELECT d0."id", d0."domain", d0."is_active", d0."is_default", d0."mailcow_id", d0."description", d0."inserted_at", d0."updated_at" FROM "domains" AS d0 WHERE (d0."is_active" = TRUE) ORDER BY d0."is_default" DESC, d0."domain" []
[90m↳ Tempmail.Mail.choose_domain/1, at: lib/tempmail/mail.ex:64[0m
[debug] QUERY OK db=0.2ms idle=566.0ms
begin []
[90m↳ Tempmail.Mail.increment_stat/1, at: lib/tempmail/mail.ex:485[0m
[debug] QUERY OK source="email_stats" db=0.3ms
SELECT e0."id", e0."date", e0."generated", e0."received", e0."domain_id", e0."inserted_at" FROM "email_stats" AS e0 WHERE ((e0."date" = $1) AND (e0."domain_id" IS NULL)) LIMIT 1 [~D[2026-05-15]]
[90m↳ anonymous fn/3 in Ecto.Adapters.SQL.checkout_or_transaction/4, at: lib/ecto/adapters/sql.ex:1473[0m
[debug] QUERY OK source="email_stats" db=0.3ms
UPDATE "email_stats" SET "generated" = $1 WHERE "id" = $2 [80, "343f06a0-8f2f-439d-8066-7f6f30b032e3"]
[90m↳ anonymous fn/3 in Ecto.Adapters.SQL.checkout_or_transaction/4, at: lib/ecto/adapters/sql.ex:1473[0m
[debug] QUERY OK db=0.4ms
commit []
[90m↳ Tempmail.Mail.increment_stat/1, at: lib/tempmail/mail.ex:485[0m
[debug] Replied in 8ms
[info] CONNECTED TO Phoenix.LiveView.Socket in 0µs
  Transport: :websocket
  Serializer: Phoenix.Socket.V2.JSONSerializer
  Parameters: %{"_csrf_token" => "YBpnN3RTACcHLQM_BiAMMgErdgxdDTFp6H7EBf2w7KBKcUvKvgDmnBFZ", "_live_referer" => "undefined", "_mount_attempts" => "0", "_mounts" => "0", "_track_static" => %{"0" => "http://localhost:4001/assets/app.css", "1" => "http://localhost:4001/assets/app.js"}, "vsn" => "2.0.0"}
[debug] MOUNT TempmailWeb.HomeLive
  Parameters: %{"locale" => "es"}
  Session: %{"_csrf_token" => "VRPr652P0fAteuzywL2a3Ow3"}
[debug] QUERY OK source="domains" db=0.4ms queue=0.1ms idle=646.7ms
SELECT d0."id", d0."domain", d0."is_active", d0."is_default", d0."mailcow_id", d0."description", d0."inserted_at", d0."updated_at" FROM "domains" AS d0 WHERE (d0."is_active" = TRUE) ORDER BY d0."is_default" DESC, d0."domain" []
[90m↳ TempmailWeb.HomeLive.mount/3, at: lib/tempmail_web/live/home_live.ex:18[0m
[debug] QUERY OK source="domains" db=0.3ms queue=0.1ms idle=647.3ms
SELECT d0."id", d0."domain", d0."is_active", d0."is_default", d0."mailcow_id", d0."description", d0."inserted_at", d0."updated_at" FROM "domains" AS d0 WHERE (d0."is_active" = TRUE) ORDER BY d0."is_default" DESC, d0."domain" []
[90m↳ Tempmail.Mail.choose_domain/1, at: lib/tempmail/mail.ex:64[0m
[debug] QUERY OK db=0.2ms idle=651.1ms
begin []
[90m↳ Tempmail.Mail.increment_stat/1, at: lib/tempmail/mail.ex:485[0m
[debug] QUERY OK source="email_stats" db=1.0ms
SELECT e0."id", e0."date", e0."generated", e0."received", e0."domain_id", e0."inserted_at" FROM "email_stats" AS e0 WHERE ((e0."date" = $1) AND (e0."domain_id" IS NULL)) LIMIT 1 [~D[2026-05-15]]
[90m↳ anonymous fn/3 in Ecto.Adapters.SQL.checkout_or_transaction/4, at: lib/ecto/adapters/sql.ex:1473[0m
[debug] QUERY OK source="email_stats" db=0.4ms
UPDATE "email_stats" SET "generated" = $1 WHERE "id" = $2 [81, "343f06a0-8f2f-439d-8066-7f6f30b032e3"]
[90m↳ anonymous fn/3 in Ecto.Adapters.SQL.checkout_or_transaction/4, at: lib/ecto/adapters/sql.ex:1473[0m
[debug] QUERY OK db=0.5ms
commit []
[90m↳ Tempmail.Mail.increment_stat/1, at: lib/tempmail/mail.ex:485[0m
[debug] Replied in 7ms
[info] CONNECTED TO Phoenix.LiveView.Socket in 0µs
  Transport: :websocket
  Serializer: Phoenix.Socket.V2.JSONSerializer
  Parameters: %{"_csrf_token" => "EzgqOwFYVT56ChcmDwIKHkMZHzB-HyZBEjzI7mgnJlVRjwpg4U-QMPQr", "_live_referer" => "undefined", "_mount_attempts" => "0", "_mounts" => "0", "_track_static" => %{"0" => "http://localhost:4001/assets/app.css", "1" => "http://localhost:4001/assets/app.js"}, "vsn" => "2.0.0"}
[debug] MOUNT TempmailWeb.HomeLive
  Parameters: %{}
  Session: %{"_csrf_token" => "VRPr652P0fAteuzywL2a3Ow3"}
[debug] QUERY OK source="domains" db=0.4ms idle=930.5ms
SELECT d0."id", d0."domain", d0."is_active", d0."is_default", d0."mailcow_id", d0."description", d0."inserted_at", d0."updated_at" FROM "domains" AS d0 WHERE (d0."is_active" = TRUE) ORDER BY d0."is_default" DESC, d0."domain" []
[90m↳ TempmailWeb.HomeLive.mount/3, at: lib/tempmail_web/live/home_live.ex:18[0m
[debug] QUERY OK source="domains" db=0.3ms idle=623.4ms
SELECT d0."id", d0."domain", d0."is_active", d0."is_default", d0."mailcow_id", d0."description", d0."inserted_at", d0."updated_at" FROM "domains" AS d0 WHERE (d0."is_active" = TRUE) ORDER BY d0."is_default" DESC, d0."domain" []
[90m↳ Tempmail.Mail.choose_domain/1, at: lib/tempmail/mail.ex:64[0m
[debug] QUERY OK db=0.2ms idle=626.7ms
begin []
[90m↳ Tempmail.Mail.increment_stat/1, at: lib/tempmail/mail.ex:485[0m
[debug] QUERY OK source="email_stats" db=0.2ms
SELECT e0."id", e0."date", e0."generated", e0."received", e0."domain_id", e0."inserted_at" FROM "email_stats" AS e0 WHERE ((e0."date" = $1) AND (e0."domain_id" IS NULL)) LIMIT 1 [~D[2026-05-15]]
[90m↳ anonymous fn/3 in Ecto.Adapters.SQL.checkout_or_transaction/4, at: lib/ecto/adapters/sql.ex:1473[0m
[debug] QUERY OK source="email_stats" db=0.3ms
UPDATE "email_stats" SET "generated" = $1 WHERE "id" = $2 [82, "343f06a0-8f2f-439d-8066-7f6f30b032e3"]
[90m↳ anonymous fn/3 in Ecto.Adapters.SQL.checkout_or_transaction/4, at: lib/ecto/adapters/sql.ex:1473[0m
[debug] QUERY OK db=0.4ms
commit []
[90m↳ Tempmail.Mail.increment_stat/1, at: lib/tempmail/mail.ex:485[0m
[debug] Replied in 6ms
[info] GET /es
[debug] Processing with TempmailWeb.HomeLive.index/2
  Parameters: %{"locale" => "es"}
  Pipelines: [:browser]
[debug] QUERY OK source="domains" db=0.4ms queue=0.1ms idle=109.6ms
SELECT d0."id", d0."domain", d0."is_active", d0."is_default", d0."mailcow_id", d0."description", d0."inserted_at", d0."updated_at" FROM "domains" AS d0 WHERE (d0."is_active" = TRUE) ORDER BY d0."is_default" DESC, d0."domain" []
[90m↳ TempmailWeb.HomeLive.mount/3, at: lib/tempmail_web/live/home_live.ex:18[0m
[info] Sent 200 in 44ms
[info] CONNECTED TO Phoenix.LiveView.Socket in 0µs
  Transport: :websocket
  Serializer: Phoenix.Socket.V2.JSONSerializer
  Parameters: %{"_csrf_token" => "eT8RG2cOADAVESE7UCxjYx9mf0csNy078fYpWgVGRvPNdAT6xKL3NuKb", "_live_referer" => "undefined", "_mount_attempts" => "0", "_mounts" => "0", "_track_static" => %{"0" => "http://127.0.0.1:4001/assets/app.css", "1" => "http://127.0.0.1:4001/assets/app.js"}, "vsn" => "2.0.0"}
[debug] MOUNT TempmailWeb.HomeLive
  Parameters: %{"locale" => "es"}
  Session: %{"_csrf_token" => "AYHk0iVwGgqu4m7Ug-3tbBfY"}
[debug] QUERY OK source="domains" db=0.3ms idle=413.2ms
SELECT d0."id", d0."domain", d0."is_active", d0."is_default", d0."mailcow_id", d0."description", d0."inserted_at", d0."updated_at" FROM "domains" AS d0 WHERE (d0."is_active" = TRUE) ORDER BY d0."is_default" DESC, d0."domain" []
[90m↳ TempmailWeb.HomeLive.mount/3, at: lib/tempmail_web/live/home_live.ex:18[0m
[debug] QUERY OK source="domains" db=0.4ms idle=413.7ms
SELECT d0."id", d0."domain", d0."is_active", d0."is_default", d0."mailcow_id", d0."description", d0."inserted_at", d0."updated_at" FROM "domains" AS d0 WHERE (d0."is_active" = TRUE) ORDER BY d0."is_default" DESC, d0."domain" []
[90m↳ Tempmail.Mail.choose_domain/1, at: lib/tempmail/mail.ex:64[0m
[debug] QUERY OK db=0.4ms idle=416.8ms
begin []
[90m↳ Tempmail.Mail.increment_stat/1, at: lib/tempmail/mail.ex:485[0m
[debug] QUERY OK source="email_stats" db=0.3ms
SELECT e0."id", e0."date", e0."generated", e0."received", e0."domain_id", e0."inserted_at" FROM "email_stats" AS e0 WHERE ((e0."date" = $1) AND (e0."domain_id" IS NULL)) LIMIT 1 [~D[2026-05-15]]
[90m↳ anonymous fn/3 in Ecto.Adapters.SQL.checkout_or_transaction/4, at: lib/ecto/adapters/sql.ex:1473[0m
[debug] QUERY OK source="email_stats" db=0.3ms
UPDATE "email_stats" SET "generated" = $1 WHERE "id" = $2 [83, "343f06a0-8f2f-439d-8066-7f6f30b032e3"]
[90m↳ anonymous fn/3 in Ecto.Adapters.SQL.checkout_or_transaction/4, at: lib/ecto/adapters/sql.ex:1473[0m
[debug] QUERY OK db=0.4ms
commit []
[90m↳ Tempmail.Mail.increment_stat/1, at: lib/tempmail/mail.ex:485[0m
[debug] Replied in 5ms
[info] GET /en
[debug] Processing with TempmailWeb.HomeLive.index/2
  Parameters: %{"locale" => "en"}
  Pipelines: [:browser]
[debug] QUERY OK source="domains" db=0.3ms idle=645.1ms
SELECT d0."id", d0."domain", d0."is_active", d0."is_default", d0."mailcow_id", d0."description", d0."inserted_at", d0."updated_at" FROM "domains" AS d0 WHERE (d0."is_active" = TRUE) ORDER BY d0."is_default" DESC, d0."domain" []
[90m↳ TempmailWeb.HomeLive.mount/3, at: lib/tempmail_web/live/home_live.ex:18[0m
[info] Sent 200 in 31ms
[info] CONNECTED TO Phoenix.LiveView.Socket in 0µs
  Transport: :websocket
  Serializer: Phoenix.Socket.V2.JSONSerializer
  Parameters: %{"_csrf_token" => "EmdnE2ZyeQ9CIi9GUzwvGiMmXhZWH0BHD57aPGK_rDn26IUcTjlweP7t", "_live_referer" => "undefined", "_mount_attempts" => "0", "_mounts" => "0", "_track_static" => %{"0" => "http://localhost:4001/assets/app.css", "1" => "http://localhost:4001/assets/app.js"}, "vsn" => "2.0.0"}
[debug] MOUNT TempmailWeb.HomeLive
  Parameters: %{"locale" => "en"}
  Session: %{"_csrf_token" => "VRPr652P0fAteuzywL2a3Ow3"}
[debug] QUERY OK source="domains" db=0.4ms queue=0.1ms idle=1207.0ms
SELECT d0."id", d0."domain", d0."is_active", d0."is_default", d0."mailcow_id", d0."description", d0."inserted_at", d0."updated_at" FROM "domains" AS d0 WHERE (d0."is_active" = TRUE) ORDER BY d0."is_default" DESC, d0."domain" []
[90m↳ TempmailWeb.HomeLive.mount/3, at: lib/tempmail_web/live/home_live.ex:18[0m
[debug] QUERY OK source="domains" db=0.4ms decode=0.1ms idle=1207.8ms
SELECT d0."id", d0."domain", d0."is_active", d0."is_default", d0."mailcow_id", d0."description", d0."inserted_at", d0."updated_at" FROM "domains" AS d0 WHERE (d0."is_active" = TRUE) ORDER BY d0."is_default" DESC, d0."domain" []
[90m↳ Tempmail.Mail.choose_domain/1, at: lib/tempmail/mail.ex:64[0m
[debug] QUERY OK db=0.2ms idle=1210.9ms
begin []
[90m↳ Tempmail.Mail.increment_stat/1, at: lib/tempmail/mail.ex:485[0m
[debug] QUERY OK source="email_stats" db=0.2ms
SELECT e0."id", e0."date", e0."generated", e0."received", e0."domain_id", e0."inserted_at" FROM "email_stats" AS e0 WHERE ((e0."date" = $1) AND (e0."domain_id" IS NULL)) LIMIT 1 [~D[2026-05-15]]
[90m↳ anonymous fn/3 in Ecto.Adapters.SQL.checkout_or_transaction/4, at: lib/ecto/adapters/sql.ex:1473[0m
[debug] QUERY OK source="email_stats" db=0.3ms
UPDATE "email_stats" SET "generated" = $1 WHERE "id" = $2 [84, "343f06a0-8f2f-439d-8066-7f6f30b032e3"]
[90m↳ anonymous fn/3 in Ecto.Adapters.SQL.checkout_or_transaction/4, at: lib/ecto/adapters/sql.ex:1473[0m
[debug] QUERY OK db=0.3ms
commit []
[90m↳ Tempmail.Mail.increment_stat/1, at: lib/tempmail/mail.ex:485[0m
[debug] Replied in 5ms
[info] GET /es
[debug] Processing with TempmailWeb.HomeLive.index/2
  Parameters: %{"locale" => "es"}
  Pipelines: [:browser]
[debug] QUERY OK source="domains" db=0.3ms idle=1982.0ms
SELECT d0."id", d0."domain", d0."is_active", d0."is_default", d0."mailcow_id", d0."description", d0."inserted_at", d0."updated_at" FROM "domains" AS d0 WHERE (d0."is_active" = TRUE) ORDER BY d0."is_default" DESC, d0."domain" []
[90m↳ TempmailWeb.HomeLive.mount/3, at: lib/tempmail_web/live/home_live.ex:18[0m
[info] Sent 200 in 38ms
[info] CONNECTED TO Phoenix.LiveView.Socket in 0µs
  Transport: :websocket
  Serializer: Phoenix.Socket.V2.JSONSerializer
  Parameters: %{"_csrf_token" => "IwQkPXhBaB9DNSwZXS0iKh4UXlQFJigKuVtONtZOsSmm8XXSiXl56i_9", "_live_referer" => "undefined", "_mount_attempts" => "0", "_mounts" => "0", "_track_static" => %{"0" => "http://localhost:4001/assets/app.css", "1" => "http://localhost:4001/assets/app.js"}, "vsn" => "2.0.0"}
[debug] MOUNT TempmailWeb.HomeLive
  Parameters: %{"locale" => "es"}
  Session: %{"_csrf_token" => "VRPr652P0fAteuzywL2a3Ow3"}
[debug] QUERY OK source="domains" db=0.3ms idle=1516.5ms
SELECT d0."id", d0."domain", d0."is_active", d0."is_default", d0."mailcow_id", d0."description", d0."inserted_at", d0."updated_at" FROM "domains" AS d0 WHERE (d0."is_active" = TRUE) ORDER BY d0."is_default" DESC, d0."domain" []
[90m↳ TempmailWeb.HomeLive.mount/3, at: lib/tempmail_web/live/home_live.ex:18[0m
[debug] QUERY OK source="domains" db=0.2ms idle=1516.9ms
SELECT d0."id", d0."domain", d0."is_active", d0."is_default", d0."mailcow_id", d0."description", d0."inserted_at", d0."updated_at" FROM "domains" AS d0 WHERE (d0."is_active" = TRUE) ORDER BY d0."is_default" DESC, d0."domain" []
[90m↳ Tempmail.Mail.choose_domain/1, at: lib/tempmail/mail.ex:64[0m
[debug] QUERY OK db=0.2ms queue=0.1ms idle=1520.2ms
begin []
[90m↳ Tempmail.Mail.increment_stat/1, at: lib/tempmail/mail.ex:485[0m
[debug] QUERY OK source="email_stats" db=0.2ms
SELECT e0."id", e0."date", e0."generated", e0."received", e0."domain_id", e0."inserted_at" FROM "email_stats" AS e0 WHERE ((e0."date" = $1) AND (e0."domain_id" IS NULL)) LIMIT 1 [~D[2026-05-15]]
[90m↳ anonymous fn/3 in Ecto.Adapters.SQL.checkout_or_transaction/4, at: lib/ecto/adapters/sql.ex:1473[0m
[debug] QUERY OK source="email_stats" db=0.3ms
UPDATE "email_stats" SET "generated" = $1 WHERE "id" = $2 [85, "343f06a0-8f2f-439d-8066-7f6f30b032e3"]
[90m↳ anonymous fn/3 in Ecto.Adapters.SQL.checkout_or_transaction/4, at: lib/ecto/adapters/sql.ex:1473[0m
[debug] QUERY OK db=0.3ms
commit []
[90m↳ Tempmail.Mail.increment_stat/1, at: lib/tempmail/mail.ex:485[0m
[debug] Replied in 5ms
[warning] navigate event to "http://localhost:4001/users/log_in" failed because you are redirecting across live_sessions. A full page reload will be performed instead
[info] GET /users/log_in
[debug] Processing with TempmailWeb.UserLoginLive.new/2
  Parameters: %{}
  Pipelines: [:browser, :redirect_if_user_is_authenticated]
[info] Sent 200 in 4ms
[info] CONNECTED TO Phoenix.LiveView.Socket in 0µs
  Transport: :websocket
  Serializer: Phoenix.Socket.V2.JSONSerializer
  Parameters: %{"_csrf_token" => "OgUDHXsCdARxVRI-MSMUNy8PVlN3DBVelWSoM7FTA3SJTVnNXCd2DCbm", "_live_referer" => "undefined", "_mount_attempts" => "0", "_mounts" => "0", "_track_static" => %{"0" => "http://localhost:4001/assets/app.css", "1" => "http://localhost:4001/assets/app.js"}, "vsn" => "2.0.0"}
[debug] MOUNT TempmailWeb.UserLoginLive
  Parameters: %{}
  Session: %{"_csrf_token" => "VRPr652P0fAteuzywL2a3Ow3"}
[debug] Replied in 102µs
[warning] navigate event to "http://localhost:4001/" failed because you are redirecting across live_sessions. A full page reload will be performed instead
[info] GET /
[debug] Processing with TempmailWeb.HomeLive.index/2
  Parameters: %{}
  Pipelines: [:browser]
[debug] QUERY OK source="domains" db=0.2ms queue=0.1ms idle=1994.8ms
SELECT d0."id", d0."domain", d0."is_active", d0."is_default", d0."mailcow_id", d0."description", d0."inserted_at", d0."updated_at" FROM "domains" AS d0 WHERE (d0."is_active" = TRUE) ORDER BY d0."is_default" DESC, d0."domain" []
[90m↳ TempmailWeb.HomeLive.mount/3, at: lib/tempmail_web/live/home_live.ex:18[0m
[info] Sent 200 in 33ms
[info] CONNECTED TO Phoenix.LiveView.Socket in 0µs
  Transport: :websocket
  Serializer: Phoenix.Socket.V2.JSONSerializer
  Parameters: %{"_csrf_token" => "MicPRnEHH2JTLA4jLSwZQBw5cDsEGjRjdu_4G2-2cJOWHYc9kuBZ7UCP", "_live_referer" => "undefined", "_mount_attempts" => "0", "_mounts" => "0", "_track_static" => %{"0" => "http://localhost:4001/assets/app.css", "1" => "http://localhost:4001/assets/app.js"}, "vsn" => "2.0.0"}
[debug] MOUNT TempmailWeb.HomeLive
  Parameters: %{}
  Session: %{"_csrf_token" => "VRPr652P0fAteuzywL2a3Ow3"}
[debug] QUERY OK source="domains" db=0.3ms idle=1531.1ms
SELECT d0."id", d0."domain", d0."is_active", d0."is_default", d0."mailcow_id", d0."description", d0."inserted_at", d0."updated_at" FROM "domains" AS d0 WHERE (d0."is_active" = TRUE) ORDER BY d0."is_default" DESC, d0."domain" []
[90m↳ TempmailWeb.HomeLive.mount/3, at: lib/tempmail_web/live/home_live.ex:18[0m
[debug] QUERY OK source="domains" db=0.2ms queue=0.1ms idle=1531.4ms
SELECT d0."id", d0."domain", d0."is_active", d0."is_default", d0."mailcow_id", d0."description", d0."inserted_at", d0."updated_at" FROM "domains" AS d0 WHERE (d0."is_active" = TRUE) ORDER BY d0."is_default" DESC, d0."domain" []
[90m↳ Tempmail.Mail.choose_domain/1, at: lib/tempmail/mail.ex:64[0m
[debug] QUERY OK db=0.2ms idle=1534.3ms
begin []
[90m↳ Tempmail.Mail.increment_stat/1, at: lib/tempmail/mail.ex:485[0m
[debug] QUERY OK source="email_stats" db=0.3ms
SELECT e0."id", e0."date", e0."generated", e0."received", e0."domain_id", e0."inserted_at" FROM "email_stats" AS e0 WHERE ((e0."date" = $1) AND (e0."domain_id" IS NULL)) LIMIT 1 [~D[2026-05-15]]
[90m↳ anonymous fn/3 in Ecto.Adapters.SQL.checkout_or_transaction/4, at: lib/ecto/adapters/sql.ex:1473[0m
[debug] QUERY OK source="email_stats" db=0.3ms
UPDATE "email_stats" SET "generated" = $1 WHERE "id" = $2 [86, "343f06a0-8f2f-439d-8066-7f6f30b032e3"]
[90m↳ anonymous fn/3 in Ecto.Adapters.SQL.checkout_or_transaction/4, at: lib/ecto/adapters/sql.ex:1473[0m
[debug] QUERY OK db=0.5ms
commit []
[90m↳ Tempmail.Mail.increment_stat/1, at: lib/tempmail/mail.ex:485[0m
[debug] Replied in 5ms
[info] GET /es
[debug] Processing with TempmailWeb.HomeLive.index/2
  Parameters: %{"locale" => "es"}
  Pipelines: [:browser]
[debug] QUERY OK source="domains" db=0.5ms queue=0.1ms idle=1785.1ms
SELECT d0."id", d0."domain", d0."is_active", d0."is_default", d0."mailcow_id", d0."description", d0."inserted_at", d0."updated_at" FROM "domains" AS d0 WHERE (d0."is_active" = TRUE) ORDER BY d0."is_default" DESC, d0."domain" []
[90m↳ TempmailWeb.HomeLive.mount/3, at: lib/tempmail_web/live/home_live.ex:18[0m
[info] Sent 200 in 41ms
[info] CONNECTED TO Phoenix.LiveView.Socket in 0µs
  Transport: :websocket
  Serializer: Phoenix.Socket.V2.JSONSerializer
  Parameters: %{"_csrf_token" => "BCoeP3klB0cDIxoXe1ViYEpOAyYqFCAIEsVTILQ0DDkbO8U5-c0RHVFQ", "_live_referer" => "undefined", "_mount_attempts" => "0", "_mounts" => "0", "_track_static" => %{"0" => "http://127.0.0.1:4001/assets/app.css", "1" => "http://127.0.0.1:4001/assets/app.js"}, "vsn" => "2.0.0"}
[debug] MOUNT TempmailWeb.HomeLive
  Parameters: %{"locale" => "es"}
  Session: %{"_csrf_token" => "AYHk0iVwGgqu4m7Ug-3tbBfY"}
[debug] QUERY OK source="domains" db=0.6ms decode=0.1ms idle=1312.9ms
SELECT d0."id", d0."domain", d0."is_active", d0."is_default", d0."mailcow_id", d0."description", d0."inserted_at", d0."updated_at" FROM "domains" AS d0 WHERE (d0."is_active" = TRUE) ORDER BY d0."is_default" DESC, d0."domain" []
[90m↳ TempmailWeb.HomeLive.mount/3, at: lib/tempmail_web/live/home_live.ex:18[0m
[debug] QUERY OK source="domains" db=0.4ms idle=1313.8ms
SELECT d0."id", d0."domain", d0."is_active", d0."is_default", d0."mailcow_id", d0."description", d0."inserted_at", d0."updated_at" FROM "domains" AS d0 WHERE (d0."is_active" = TRUE) ORDER BY d0."is_default" DESC, d0."domain" []
[90m↳ Tempmail.Mail.choose_domain/1, at: lib/tempmail/mail.ex:64[0m
[debug] QUERY OK db=0.2ms idle=1317.1ms
begin []
[90m↳ Tempmail.Mail.increment_stat/1, at: lib/tempmail/mail.ex:485[0m
[debug] QUERY OK source="email_stats" db=0.2ms
SELECT e0."id", e0."date", e0."generated", e0."received", e0."domain_id", e0."inserted_at" FROM "email_stats" AS e0 WHERE ((e0."date" = $1) AND (e0."domain_id" IS NULL)) LIMIT 1 [~D[2026-05-15]]
[90m↳ anonymous fn/3 in Ecto.Adapters.SQL.checkout_or_transaction/4, at: lib/ecto/adapters/sql.ex:1473[0m
[debug] QUERY OK source="email_stats" db=0.2ms
UPDATE "email_stats" SET "generated" = $1 WHERE "id" = $2 [87, "343f06a0-8f2f-439d-8066-7f6f30b032e3"]
[90m↳ anonymous fn/3 in Ecto.Adapters.SQL.checkout_or_transaction/4, at: lib/ecto/adapters/sql.ex:1473[0m
[debug] QUERY OK db=0.2ms
commit []
[90m↳ Tempmail.Mail.increment_stat/1, at: lib/tempmail/mail.ex:485[0m
[debug] Replied in 5ms
[info] GET /es
[debug] Processing with TempmailWeb.HomeLive.index/2
  Parameters: %{"locale" => "es"}
  Pipelines: [:browser]
[debug] QUERY OK source="domains" db=0.3ms idle=1615.2ms
SELECT d0."id", d0."domain", d0."is_active", d0."is_default", d0."mailcow_id", d0."description", d0."inserted_at", d0."updated_at" FROM "domains" AS d0 WHERE (d0."is_active" = TRUE) ORDER BY d0."is_default" DESC, d0."domain" []
[90m↳ TempmailWeb.HomeLive.mount/3, at: lib/tempmail_web/live/home_live.ex:18[0m
[info] Sent 200 in 37ms
[info] CONNECTED TO Phoenix.LiveView.Socket in 0µs
  Transport: :websocket
  Serializer: Phoenix.Socket.V2.JSONSerializer
  Parameters: %{"_csrf_token" => "EhUlBkwYRAQJKyQHADc9VBEfVCt4AAFbDGutz-vT9MeseBG-fSfJKOvh", "_live_referer" => "undefined", "_mount_attempts" => "0", "_mounts" => "0", "_track_static" => %{"0" => "http://localhost:4001/assets/app.css", "1" => "http://localhost:4001/assets/app.js"}, "vsn" => "2.0.0"}
[debug] MOUNT TempmailWeb.HomeLive
  Parameters: %{"locale" => "es"}
  Session: %{"_csrf_token" => "VRPr652P0fAteuzywL2a3Ow3"}
[debug] QUERY OK source="domains" db=0.4ms queue=0.1ms idle=1180.9ms
SELECT d0."id", d0."domain", d0."is_active", d0."is_default", d0."mailcow_id", d0."description", d0."inserted_at", d0."updated_at" FROM "domains" AS d0 WHERE (d0."is_active" = TRUE) ORDER BY d0."is_default" DESC, d0."domain" []
[90m↳ TempmailWeb.HomeLive.mount/3, at: lib/tempmail_web/live/home_live.ex:18[0m
[debug] QUERY OK source="domains" db=0.3ms idle=1181.5ms
SELECT d0."id", d0."domain", d0."is_active", d0."is_default", d0."mailcow_id", d0."description", d0."inserted_at", d0."updated_at" FROM "domains" AS d0 WHERE (d0."is_active" = TRUE) ORDER BY d0."is_default" DESC, d0."domain" []
[90m↳ Tempmail.Mail.choose_domain/1, at: lib/tempmail/mail.ex:64[0m
[debug] QUERY OK db=0.2ms idle=1185.6ms
begin []
[90m↳ Tempmail.Mail.increment_stat/1, at: lib/tempmail/mail.ex:485[0m
[debug] QUERY OK source="email_stats" db=0.2ms
SELECT e0."id", e0."date", e0."generated", e0."received", e0."domain_id", e0."inserted_at" FROM "email_stats" AS e0 WHERE ((e0."date" = $1) AND (e0."domain_id" IS NULL)) LIMIT 1 [~D[2026-05-15]]
[90m↳ anonymous fn/3 in Ecto.Adapters.SQL.checkout_or_transaction/4, at: lib/ecto/adapters/sql.ex:1473[0m
[debug] QUERY OK source="email_stats" db=0.2ms
UPDATE "email_stats" SET "generated" = $1 WHERE "id" = $2 [88, "343f06a0-8f2f-439d-8066-7f6f30b032e3"]
[90m↳ anonymous fn/3 in Ecto.Adapters.SQL.checkout_or_transaction/4, at: lib/ecto/adapters/sql.ex:1473[0m
[debug] QUERY OK db=0.3ms
commit []
[90m↳ Tempmail.Mail.increment_stat/1, at: lib/tempmail/mail.ex:485[0m
[debug] Replied in 6ms
[warning] navigate event to "http://localhost:4001/users/log_in" failed because you are redirecting across live_sessions. A full page reload will be performed instead
[info] GET /users/log_in
[debug] Processing with TempmailWeb.UserLoginLive.new/2
  Parameters: %{}
  Pipelines: [:browser, :redirect_if_user_is_authenticated]
[info] Sent 200 in 2ms
[info] CONNECTED TO Phoenix.LiveView.Socket in 0µs
  Transport: :websocket
  Serializer: Phoenix.Socket.V2.JSONSerializer
  Parameters: %{"_csrf_token" => "FCoAR0FdBWRbLhsrITI9NkElVTd2HBp5BxP5wh74kHZ_DGGO6igVESmJ", "_live_referer" => "undefined", "_mount_attempts" => "0", "_mounts" => "0", "_track_static" => %{"0" => "http://localhost:4001/assets/app.css", "1" => "http://localhost:4001/assets/app.js"}, "vsn" => "2.0.0"}
[debug] MOUNT TempmailWeb.UserLoginLive
  Parameters: %{}
  Session: %{"_csrf_token" => "VRPr652P0fAteuzywL2a3Ow3"}
[debug] Replied in 102µs
[warning] navigate event to "http://localhost:4001/" failed because you are redirecting across live_sessions. A full page reload will be performed instead
[info] GET /
[debug] Processing with TempmailWeb.HomeLive.index/2
  Parameters: %{}
  Pipelines: [:browser]
[debug] QUERY OK source="domains" db=0.5ms idle=1047.0ms
SELECT d0."id", d0."domain", d0."is_active", d0."is_default", d0."mailcow_id", d0."description", d0."inserted_at", d0."updated_at" FROM "domains" AS d0 WHERE (d0."is_active" = TRUE) ORDER BY d0."is_default" DESC, d0."domain" []
[90m↳ TempmailWeb.HomeLive.mount/3, at: lib/tempmail_web/live/home_live.ex:18[0m
[info] Sent 200 in 95ms
[info] CONNECTED TO Phoenix.LiveView.Socket in 102µs
  Transport: :websocket
  Serializer: Phoenix.Socket.V2.JSONSerializer
  Parameters: %{"_csrf_token" => "MyshK1FDXTRXAjM3MRIIMk8GQgNGLDlXeyqYgvodgdrCTgrK8JpbucNd", "_live_referer" => "undefined", "_mount_attempts" => "0", "_mounts" => "0", "_track_static" => %{"0" => "http://localhost:4001/assets/app.css", "1" => "http://localhost:4001/assets/app.js"}, "vsn" => "2.0.0"}
[debug] MOUNT TempmailWeb.HomeLive
  Parameters: %{}
  Session: %{"_csrf_token" => "VRPr652P0fAteuzywL2a3Ow3"}
[debug] QUERY OK source="domains" db=0.4ms queue=0.1ms idle=1017.9ms
SELECT d0."id", d0."domain", d0."is_active", d0."is_default", d0."mailcow_id", d0."description", d0."inserted_at", d0."updated_at" FROM "domains" AS d0 WHERE (d0."is_active" = TRUE) ORDER BY d0."is_default" DESC, d0."domain" []
[90m↳ TempmailWeb.HomeLive.mount/3, at: lib/tempmail_web/live/home_live.ex:18[0m
[debug] QUERY OK source="domains" db=0.4ms idle=1018.5ms
SELECT d0."id", d0."domain", d0."is_active", d0."is_default", d0."mailcow_id", d0."description", d0."inserted_at", d0."updated_at" FROM "domains" AS d0 WHERE (d0."is_active" = TRUE) ORDER BY d0."is_default" DESC, d0."domain" []
[90m↳ Tempmail.Mail.choose_domain/1, at: lib/tempmail/mail.ex:64[0m
[debug] QUERY OK db=0.2ms idle=1022.0ms
begin []
[90m↳ Tempmail.Mail.increment_stat/1, at: lib/tempmail/mail.ex:485[0m
[debug] QUERY OK source="email_stats" db=0.3ms
SELECT e0."id", e0."date", e0."generated", e0."received", e0."domain_id", e0."inserted_at" FROM "email_stats" AS e0 WHERE ((e0."date" = $1) AND (e0."domain_id" IS NULL)) LIMIT 1 [~D[2026-05-15]]
[90m↳ anonymous fn/3 in Ecto.Adapters.SQL.checkout_or_transaction/4, at: lib/ecto/adapters/sql.ex:1473[0m
[debug] QUERY OK source="email_stats" db=0.3ms
UPDATE "email_stats" SET "generated" = $1 WHERE "id" = $2 [89, "343f06a0-8f2f-439d-8066-7f6f30b032e3"]
[90m↳ anonymous fn/3 in Ecto.Adapters.SQL.checkout_or_transaction/4, at: lib/ecto/adapters/sql.ex:1473[0m
[debug] QUERY OK db=0.4ms
commit []
[90m↳ Tempmail.Mail.increment_stat/1, at: lib/tempmail/mail.ex:485[0m
[debug] Replied in 5ms
[debug] Live reload: lib/tempmail_web/live/user_login_live.ex
[debug] Live reload: lib/tempmail_web/live/user_login_live.ex
[debug] Live reload: lib/tempmail_web/live/user_login_live.ex
[debug] Live reload: lib/tempmail_web/live/user_login_live.ex
[debug] Live reload: lib/tempmail_web/live/user_login_live.ex
[debug] Live reload: lib/tempmail_web/live/user_login_live.ex
[debug] Live reload: lib/tempmail_web/live/user_login_live.ex
[debug] Live reload: lib/tempmail_web/live/user_login_live.ex
[debug] Live reload: lib/tempmail_web/live/user_login_live.ex
Compiling 1 file (.ex)
Generated tempmail app
[info] GET /es
[debug] Processing with TempmailWeb.HomeLive.index/2
  Parameters: %{"locale" => "es"}
  Pipelines: [:browser]
[debug] QUERY OK source="domains" db=0.4ms idle=1617.8ms
SELECT d0."id", d0."domain", d0."is_active", d0."is_default", d0."mailcow_id", d0."description", d0."inserted_at", d0."updated_at" FROM "domains" AS d0 WHERE (d0."is_active" = TRUE) ORDER BY d0."is_default" DESC, d0."domain" []
[90m↳ TempmailWeb.HomeLive.mount/3, at: lib/tempmail_web/live/home_live.ex:18[0m
[info] Sent 200 in 86ms
[info] GET /
[debug] Processing with TempmailWeb.HomeLive.index/2
  Parameters: %{}
  Pipelines: [:browser]
[debug] QUERY OK source="domains" db=0.4ms queue=0.1ms idle=1800.6ms
SELECT d0."id", d0."domain", d0."is_active", d0."is_default", d0."mailcow_id", d0."description", d0."inserted_at", d0."updated_at" FROM "domains" AS d0 WHERE (d0."is_active" = TRUE) ORDER BY d0."is_default" DESC, d0."domain" []
[90m↳ TempmailWeb.HomeLive.mount/3, at: lib/tempmail_web/live/home_live.ex:18[0m
[info] Sent 200 in 47ms
[info] GET /
[debug] Processing with TempmailWeb.HomeLive.index/2
  Parameters: %{}
  Pipelines: [:browser]
[debug] QUERY OK source="domains" db=0.4ms idle=980.9ms
SELECT d0."id", d0."domain", d0."is_active", d0."is_default", d0."mailcow_id", d0."description", d0."inserted_at", d0."updated_at" FROM "domains" AS d0 WHERE (d0."is_active" = TRUE) ORDER BY d0."is_default" DESC, d0."domain" []
[90m↳ TempmailWeb.HomeLive.mount/3, at: lib/tempmail_web/live/home_live.ex:18[0m
[info] Sent 200 in 41ms
[info] CONNECTED TO Phoenix.LiveView.Socket in 0µs
  Transport: :websocket
  Serializer: Phoenix.Socket.V2.JSONSerializer
  Parameters: %{"_csrf_token" => "Fx8yGWICMSUQFidEVzl0Yh5fXhU6cy0KVFzrRkgRWqV1cTC7yrmaX1KS", "_live_referer" => "undefined", "_mount_attempts" => "0", "_mounts" => "0", "_track_static" => %{"0" => "http://127.0.0.1:4001/assets/app.css", "1" => "http://127.0.0.1:4001/assets/app.js"}, "vsn" => "2.0.0"}
[debug] MOUNT TempmailWeb.HomeLive
  Parameters: %{"locale" => "es"}
  Session: %{"_csrf_token" => "AYHk0iVwGgqu4m7Ug-3tbBfY"}
[debug] QUERY OK source="domains" db=0.6ms queue=0.1ms idle=1574.1ms
SELECT d0."id", d0."domain", d0."is_active", d0."is_default", d0."mailcow_id", d0."description", d0."inserted_at", d0."updated_at" FROM "domains" AS d0 WHERE (d0."is_active" = TRUE) ORDER BY d0."is_default" DESC, d0."domain" []
[90m↳ TempmailWeb.HomeLive.mount/3, at: lib/tempmail_web/live/home_live.ex:18[0m
[debug] QUERY OK source="domains" db=0.4ms idle=977.6ms
SELECT d0."id", d0."domain", d0."is_active", d0."is_default", d0."mailcow_id", d0."description", d0."inserted_at", d0."updated_at" FROM "domains" AS d0 WHERE (d0."is_active" = TRUE) ORDER BY d0."is_default" DESC, d0."domain" []
[90m↳ Tempmail.Mail.choose_domain/1, at: lib/tempmail/mail.ex:64[0m
[debug] QUERY OK db=0.3ms idle=980.0ms
begin []
[90m↳ Tempmail.Mail.increment_stat/1, at: lib/tempmail/mail.ex:485[0m
[debug] QUERY OK source="email_stats" db=0.4ms
SELECT e0."id", e0."date", e0."generated", e0."received", e0."domain_id", e0."inserted_at" FROM "email_stats" AS e0 WHERE ((e0."date" = $1) AND (e0."domain_id" IS NULL)) LIMIT 1 [~D[2026-05-15]]
[90m↳ anonymous fn/3 in Ecto.Adapters.SQL.checkout_or_transaction/4, at: lib/ecto/adapters/sql.ex:1473[0m
[debug] QUERY OK source="email_stats" db=0.3ms
UPDATE "email_stats" SET "generated" = $1 WHERE "id" = $2 [90, "343f06a0-8f2f-439d-8066-7f6f30b032e3"]
[90m↳ anonymous fn/3 in Ecto.Adapters.SQL.checkout_or_transaction/4, at: lib/ecto/adapters/sql.ex:1473[0m
[debug] QUERY OK db=0.5ms
commit []
[90m↳ Tempmail.Mail.increment_stat/1, at: lib/tempmail/mail.ex:485[0m
[debug] Replied in 7ms
[info] CONNECTED TO Phoenix.LiveView.Socket in 102µs
  Transport: :websocket
  Serializer: Phoenix.Socket.V2.JSONSerializer
  Parameters: %{"_csrf_token" => "Ajg0M0JbVgl0KnUuHwQyMD8YBxB-FjtGTjdAtndYDL4ZzqHIHT5qMYLu", "_live_referer" => "undefined", "_mount_attempts" => "0", "_mounts" => "0", "_track_static" => %{"0" => "http://localhost:4001/assets/app.css", "1" => "http://localhost:4001/assets/app.js"}, "vsn" => "2.0.0"}
[debug] MOUNT TempmailWeb.HomeLive
  Parameters: %{}
  Session: %{"_csrf_token" => "VRPr652P0fAteuzywL2a3Ow3"}
[debug] QUERY OK source="domains" db=0.5ms idle=1393.5ms
SELECT d0."id", d0."domain", d0."is_active", d0."is_default", d0."mailcow_id", d0."description", d0."inserted_at", d0."updated_at" FROM "domains" AS d0 WHERE (d0."is_active" = TRUE) ORDER BY d0."is_default" DESC, d0."domain" []
[90m↳ TempmailWeb.HomeLive.mount/3, at: lib/tempmail_web/live/home_live.ex:18[0m
[debug] QUERY OK source="domains" db=0.5ms queue=0.1ms idle=424.9ms
SELECT d0."id", d0."domain", d0."is_active", d0."is_default", d0."mailcow_id", d0."description", d0."inserted_at", d0."updated_at" FROM "domains" AS d0 WHERE (d0."is_active" = TRUE) ORDER BY d0."is_default" DESC, d0."domain" []
[90m↳ Tempmail.Mail.choose_domain/1, at: lib/tempmail/mail.ex:64[0m
[debug] QUERY OK db=0.2ms idle=429.0ms
begin []
[90m↳ Tempmail.Mail.increment_stat/1, at: lib/tempmail/mail.ex:485[0m
[debug] QUERY OK source="email_stats" db=0.3ms
SELECT e0."id", e0."date", e0."generated", e0."received", e0."domain_id", e0."inserted_at" FROM "email_stats" AS e0 WHERE ((e0."date" = $1) AND (e0."domain_id" IS NULL)) LIMIT 1 [~D[2026-05-15]]
[90m↳ anonymous fn/3 in Ecto.Adapters.SQL.checkout_or_transaction/4, at: lib/ecto/adapters/sql.ex:1473[0m
[debug] QUERY OK source="email_stats" db=0.3ms
UPDATE "email_stats" SET "generated" = $1 WHERE "id" = $2 [91, "343f06a0-8f2f-439d-8066-7f6f30b032e3"]
[90m↳ anonymous fn/3 in Ecto.Adapters.SQL.checkout_or_transaction/4, at: lib/ecto/adapters/sql.ex:1473[0m
[debug] QUERY OK db=0.5ms
commit []
[90m↳ Tempmail.Mail.increment_stat/1, at: lib/tempmail/mail.ex:485[0m
[debug] Replied in 8ms
[info] CONNECTED TO Phoenix.LiveView.Socket in 0µs
  Transport: :websocket
  Serializer: Phoenix.Socket.V2.JSONSerializer
  Parameters: %{"_csrf_token" => "FA00Fl1FbWVJKhYVKjIOMg0TeRFUAigeB_ddkp_5yLWaOGtKz_KpgM_-", "_live_referer" => "undefined", "_mount_attempts" => "0", "_mounts" => "0", "_track_static" => %{"0" => "http://localhost:4001/assets/app.css", "1" => "http://localhost:4001/assets/app.js"}, "vsn" => "2.0.0"}
[debug] MOUNT TempmailWeb.HomeLive
  Parameters: %{}
  Session: %{"_csrf_token" => "VRPr652P0fAteuzywL2a3Ow3"}
[debug] QUERY OK source="domains" db=0.4ms queue=0.1ms idle=799.4ms
SELECT d0."id", d0."domain", d0."is_active", d0."is_default", d0."mailcow_id", d0."description", d0."inserted_at", d0."updated_at" FROM "domains" AS d0 WHERE (d0."is_active" = TRUE) ORDER BY d0."is_default" DESC, d0."domain" []
[90m↳ TempmailWeb.HomeLive.mount/3, at: lib/tempmail_web/live/home_live.ex:18[0m
[debug] QUERY OK source="domains" db=0.4ms idle=382.1ms
SELECT d0."id", d0."domain", d0."is_active", d0."is_default", d0."mailcow_id", d0."description", d0."inserted_at", d0."updated_at" FROM "domains" AS d0 WHERE (d0."is_active" = TRUE) ORDER BY d0."is_default" DESC, d0."domain" []
[90m↳ Tempmail.Mail.choose_domain/1, at: lib/tempmail/mail.ex:64[0m
[debug] QUERY OK db=0.2ms queue=0.1ms idle=385.4ms
begin []
[90m↳ Tempmail.Mail.increment_stat/1, at: lib/tempmail/mail.ex:485[0m
[debug] QUERY OK source="email_stats" db=0.3ms
SELECT e0."id", e0."date", e0."generated", e0."received", e0."domain_id", e0."inserted_at" FROM "email_stats" AS e0 WHERE ((e0."date" = $1) AND (e0."domain_id" IS NULL)) LIMIT 1 [~D[2026-05-15]]
[90m↳ anonymous fn/3 in Ecto.Adapters.SQL.checkout_or_transaction/4, at: lib/ecto/adapters/sql.ex:1473[0m
[debug] QUERY OK source="email_stats" db=0.3ms
UPDATE "email_stats" SET "generated" = $1 WHERE "id" = $2 [92, "343f06a0-8f2f-439d-8066-7f6f30b032e3"]
[90m↳ anonymous fn/3 in Ecto.Adapters.SQL.checkout_or_transaction/4, at: lib/ecto/adapters/sql.ex:1473[0m
[debug] QUERY OK db=0.4ms
commit []
[90m↳ Tempmail.Mail.increment_stat/1, at: lib/tempmail/mail.ex:485[0m
[debug] Replied in 7ms

Rebuilding...
[debug] Live reload: priv/static/assets/app.css

[debug] Live reload: priv/static/assets/app.css
Done in 471ms.
[debug] Live reload: priv/static/assets/app.css
[debug] Live reload: priv/static/assets/app.css
[debug] Live reload: priv/static/assets/app.css
[debug] Live reload: priv/static/assets/app.css
[warning] navigate event to "http://localhost:4001/users/log_in" failed because you are redirecting across live_sessions. A full page reload will be performed instead
[info] GET /users/log_in
[debug] Processing with TempmailWeb.UserLoginLive.new/2
  Parameters: %{}
  Pipelines: [:browser, :redirect_if_user_is_authenticated]
[info] Sent 200 in 3ms
[info] CONNECTED TO Phoenix.LiveView.Socket in 0µs
  Transport: :websocket
  Serializer: Phoenix.Socket.V2.JSONSerializer
  Parameters: %{"_csrf_token" => "BB8jREFwcSdGFSoNVhpLEAIqWSVLKxhfRMs6wECwvsky3o1iufkDxdol", "_live_referer" => "undefined", "_mount_attempts" => "0", "_mounts" => "0", "_track_static" => %{"0" => "http://localhost:4001/assets/app.css", "1" => "http://localhost:4001/assets/app.js"}, "vsn" => "2.0.0"}
[debug] MOUNT TempmailWeb.UserLoginLive
  Parameters: %{}
  Session: %{"_csrf_token" => "VRPr652P0fAteuzywL2a3Ow3"}
[debug] Replied in 102µs
[debug] Live reload: lib/tempmail_web/live/user_login_live.ex
[debug] Live reload: lib/tempmail_web/live/user_login_live.ex
[debug] Live reload: lib/tempmail_web/live/user_login_live.ex
[debug] Live reload: lib/tempmail_web/live/user_login_live.ex
[debug] Live reload: lib/tempmail_web/live/user_login_live.ex
[debug] Live reload: lib/tempmail_web/live/user_login_live.ex
Compiling 1 file (.ex)
Generated tempmail app
[info] GET /es
[debug] Processing with TempmailWeb.HomeLive.index/2
  Parameters: %{"locale" => "es"}
  Pipelines: [:browser]
[debug] QUERY OK source="domains" db=0.4ms idle=1845.8ms
SELECT d0."id", d0."domain", d0."is_active", d0."is_default", d0."mailcow_id", d0."description", d0."inserted_at", d0."updated_at" FROM "domains" AS d0 WHERE (d0."is_active" = TRUE) ORDER BY d0."is_default" DESC, d0."domain" []
[90m↳ TempmailWeb.HomeLive.mount/3, at: lib/tempmail_web/live/home_live.ex:18[0m
[info] Sent 200 in 92ms
[info] GET /users/log_in
[debug] Processing with TempmailWeb.UserLoginLive.new/2
  Parameters: %{}
  Pipelines: [:browser, :redirect_if_user_is_authenticated]
[info] Sent 200 in 5ms
[info] GET /
[debug] Processing with TempmailWeb.HomeLive.index/2
  Parameters: %{}
  Pipelines: [:browser]
[debug] QUERY OK source="domains" db=0.4ms queue=0.1ms idle=369.9ms
SELECT d0."id", d0."domain", d0."is_active", d0."is_default", d0."mailcow_id", d0."description", d0."inserted_at", d0."updated_at" FROM "domains" AS d0 WHERE (d0."is_active" = TRUE) ORDER BY d0."is_default" DESC, d0."domain" []
[90m↳ TempmailWeb.HomeLive.mount/3, at: lib/tempmail_web/live/home_live.ex:18[0m
[info] Sent 200 in 62ms
[info] CONNECTED TO Phoenix.LiveView.Socket in 0µs
  Transport: :websocket
  Serializer: Phoenix.Socket.V2.JSONSerializer
  Parameters: %{"_csrf_token" => "cRBwBV5bJjUrAgASTRV0BjVaXyAXdixh0I8nn2pBleqgyxCSRwlTu4J8", "_live_referer" => "undefined", "_mount_attempts" => "0", "_mounts" => "0", "_track_static" => %{"0" => "http://127.0.0.1:4001/assets/app.css", "1" => "http://127.0.0.1:4001/assets/app.js"}, "vsn" => "2.0.0"}
[debug] MOUNT TempmailWeb.HomeLive
  Parameters: %{"locale" => "es"}
  Session: %{"_csrf_token" => "AYHk0iVwGgqu4m7Ug-3tbBfY"}
[debug] QUERY OK source="domains" db=0.4ms idle=439.9ms
SELECT d0."id", d0."domain", d0."is_active", d0."is_default", d0."mailcow_id", d0."description", d0."inserted_at", d0."updated_at" FROM "domains" AS d0 WHERE (d0."is_active" = TRUE) ORDER BY d0."is_default" DESC, d0."domain" []
[90m↳ TempmailWeb.HomeLive.mount/3, at: lib/tempmail_web/live/home_live.ex:18[0m
[debug] QUERY OK source="domains" db=0.3ms queue=0.1ms idle=440.4ms
SELECT d0."id", d0."domain", d0."is_active", d0."is_default", d0."mailcow_id", d0."description", d0."inserted_at", d0."updated_at" FROM "domains" AS d0 WHERE (d0."is_active" = TRUE) ORDER BY d0."is_default" DESC, d0."domain" []
[90m↳ Tempmail.Mail.choose_domain/1, at: lib/tempmail/mail.ex:64[0m
[debug] QUERY OK db=0.2ms queue=0.1ms idle=444.1ms
begin []
[90m↳ Tempmail.Mail.increment_stat/1, at: lib/tempmail/mail.ex:485[0m
[debug] QUERY OK source="email_stats" db=0.3ms
SELECT e0."id", e0."date", e0."generated", e0."received", e0."domain_id", e0."inserted_at" FROM "email_stats" AS e0 WHERE ((e0."date" = $1) AND (e0."domain_id" IS NULL)) LIMIT 1 [~D[2026-05-15]]
[90m↳ anonymous fn/3 in Ecto.Adapters.SQL.checkout_or_transaction/4, at: lib/ecto/adapters/sql.ex:1473[0m
[debug] QUERY OK source="email_stats" db=0.3ms
UPDATE "email_stats" SET "generated" = $1 WHERE "id" = $2 [93, "343f06a0-8f2f-439d-8066-7f6f30b032e3"]
[90m↳ anonymous fn/3 in Ecto.Adapters.SQL.checkout_or_transaction/4, at: lib/ecto/adapters/sql.ex:1473[0m
[debug] QUERY OK db=0.3ms
commit []
[90m↳ Tempmail.Mail.increment_stat/1, at: lib/tempmail/mail.ex:485[0m
[debug] Replied in 6ms
[info] CONNECTED TO Phoenix.LiveView.Socket in 0µs
  Transport: :websocket
  Serializer: Phoenix.Socket.V2.JSONSerializer
  Parameters: %{"_csrf_token" => "IDcaR0ZfdGZGXxcZPyIKTTI0A1IDLU9lveJ5pjF6v9VmZWp4Ex130b8V", "_live_referer" => "undefined", "_mount_attempts" => "0", "_mounts" => "0", "_track_static" => %{"0" => "http://localhost:4001/assets/app.css", "1" => "http://localhost:4001/assets/app.js"}, "vsn" => "2.0.0"}
[debug] MOUNT TempmailWeb.UserLoginLive
  Parameters: %{}
  Session: %{"_csrf_token" => "VRPr652P0fAteuzywL2a3Ow3"}
[debug] Replied in 102µs
[info] CONNECTED TO Phoenix.LiveView.Socket in 0µs
  Transport: :websocket
  Serializer: Phoenix.Socket.V2.JSONSerializer
  Parameters: %{"_csrf_token" => "Nx8gMA5DXBdINjYNSEQxLAQmUAVjLCRraMpB8vnGxPwy-1KUsjbdPcSX", "_live_referer" => "undefined", "_mount_attempts" => "0", "_mounts" => "0", "_track_static" => %{"0" => "http://localhost:4001/assets/app.css", "1" => "http://localhost:4001/assets/app.js"}, "vsn" => "2.0.0"}
[debug] MOUNT TempmailWeb.HomeLive
  Parameters: %{}
  Session: %{"_csrf_token" => "VRPr652P0fAteuzywL2a3Ow3"}
[debug] QUERY OK source="domains" db=0.4ms queue=0.1ms idle=1343.3ms
SELECT d0."id", d0."domain", d0."is_active", d0."is_default", d0."mailcow_id", d0."description", d0."inserted_at", d0."updated_at" FROM "domains" AS d0 WHERE (d0."is_active" = TRUE) ORDER BY d0."is_default" DESC, d0."domain" []
[90m↳ TempmailWeb.HomeLive.mount/3, at: lib/tempmail_web/live/home_live.ex:18[0m
[debug] QUERY OK source="domains" db=0.4ms idle=1344.2ms
SELECT d0."id", d0."domain", d0."is_active", d0."is_default", d0."mailcow_id", d0."description", d0."inserted_at", d0."updated_at" FROM "domains" AS d0 WHERE (d0."is_active" = TRUE) ORDER BY d0."is_default" DESC, d0."domain" []
[90m↳ Tempmail.Mail.choose_domain/1, at: lib/tempmail/mail.ex:64[0m
[debug] QUERY OK db=0.2ms idle=1338.0ms
begin []
[90m↳ Tempmail.Mail.increment_stat/1, at: lib/tempmail/mail.ex:485[0m
[debug] QUERY OK source="email_stats" db=0.2ms
SELECT e0."id", e0."date", e0."generated", e0."received", e0."domain_id", e0."inserted_at" FROM "email_stats" AS e0 WHERE ((e0."date" = $1) AND (e0."domain_id" IS NULL)) LIMIT 1 [~D[2026-05-15]]
[90m↳ anonymous fn/3 in Ecto.Adapters.SQL.checkout_or_transaction/4, at: lib/ecto/adapters/sql.ex:1473[0m
[debug] QUERY OK source="email_stats" db=0.2ms
UPDATE "email_stats" SET "generated" = $1 WHERE "id" = $2 [94, "343f06a0-8f2f-439d-8066-7f6f30b032e3"]
[90m↳ anonymous fn/3 in Ecto.Adapters.SQL.checkout_or_transaction/4, at: lib/ecto/adapters/sql.ex:1473[0m
[debug] QUERY OK db=0.3ms
commit []
[90m↳ Tempmail.Mail.increment_stat/1, at: lib/tempmail/mail.ex:485[0m
[debug] Replied in 6ms

Rebuilding...

Done in 56ms.
[debug] MOUNT TempmailWeb.UserRegistrationLive
  Parameters: %{}
  Session: %{"_csrf_token" => "VRPr652P0fAteuzywL2a3Ow3"}
[debug] Replied in 4ms
[debug] Live reload: priv/static/assets/app.css
[debug] Live reload: priv/static/assets/app.css
[debug] Live reload: priv/static/assets/app.css
[debug] Live reload: priv/static/assets/app.css
[debug] Live reload: priv/static/assets/app.css
[debug] Live reload: priv/static/assets/app.css
[debug] Live reload: priv/static/assets/app.js
[debug] Live reload: priv/static/assets/app.js
[debug] Live reload: priv/static/assets/app.js
[debug] Live reload: priv/static/assets/app.js
[debug] Live reload: priv/static/assets/app.js
[debug] Live reload: priv/static/assets/app.js
[info] GET /es
[debug] Processing with TempmailWeb.HomeLive.index/2
  Parameters: %{"locale" => "es"}
  Pipelines: [:browser]
[debug] QUERY OK source="domains" db=0.4ms idle=1558.7ms
SELECT d0."id", d0."domain", d0."is_active", d0."is_default", d0."mailcow_id", d0."description", d0."inserted_at", d0."updated_at" FROM "domains" AS d0 WHERE (d0."is_active" = TRUE) ORDER BY d0."is_default" DESC, d0."domain" []
[90m↳ TempmailWeb.HomeLive.mount/3, at: lib/tempmail_web/live/home_live.ex:18[0m
[info] Sent 200 in 70ms
[info] GET /users/register
[debug] Processing with TempmailWeb.UserRegistrationLive.new/2
  Parameters: %{}
  Pipelines: [:browser, :redirect_if_user_is_authenticated]
[info] Sent 200 in 5ms
[info] GET /
[debug] Processing with TempmailWeb.HomeLive.index/2
  Parameters: %{}
  Pipelines: [:browser]
[debug] QUERY OK source="domains" db=0.4ms idle=1130.2ms
SELECT d0."id", d0."domain", d0."is_active", d0."is_default", d0."mailcow_id", d0."description", d0."inserted_at", d0."updated_at" FROM "domains" AS d0 WHERE (d0."is_active" = TRUE) ORDER BY d0."is_default" DESC, d0."domain" []
[90m↳ TempmailWeb.HomeLive.mount/3, at: lib/tempmail_web/live/home_live.ex:18[0m
[info] Sent 200 in 47ms
[info] CONNECTED TO Phoenix.LiveView.Socket in 0µs
  Transport: :websocket
  Serializer: Phoenix.Socket.V2.JSONSerializer
  Parameters: %{"_csrf_token" => "CSknLwYxLigjKyBFTVRwFApVfhsSdhYuHpoD6Xx_dLQ0y9GAmxMop4pw", "_live_referer" => "undefined", "_mount_attempts" => "0", "_mounts" => "0", "_track_static" => %{"0" => "http://127.0.0.1:4001/assets/app.css", "1" => "http://127.0.0.1:4001/assets/app.js"}, "vsn" => "2.0.0"}
[debug] MOUNT TempmailWeb.HomeLive
  Parameters: %{"locale" => "es"}
  Session: %{"_csrf_token" => "AYHk0iVwGgqu4m7Ug-3tbBfY"}
[debug] QUERY OK source="domains" db=0.3ms queue=0.1ms idle=1300.5ms
SELECT d0."id", d0."domain", d0."is_active", d0."is_default", d0."mailcow_id", d0."description", d0."inserted_at", d0."updated_at" FROM "domains" AS d0 WHERE (d0."is_active" = TRUE) ORDER BY d0."is_default" DESC, d0."domain" []
[90m↳ TempmailWeb.HomeLive.mount/3, at: lib/tempmail_web/live/home_live.ex:18[0m
[debug] QUERY OK source="domains" db=0.4ms idle=1301.2ms
SELECT d0."id", d0."domain", d0."is_active", d0."is_default", d0."mailcow_id", d0."description", d0."inserted_at", d0."updated_at" FROM "domains" AS d0 WHERE (d0."is_active" = TRUE) ORDER BY d0."is_default" DESC, d0."domain" []
[90m↳ Tempmail.Mail.choose_domain/1, at: lib/tempmail/mail.ex:64[0m
[debug] QUERY OK db=0.2ms queue=0.1ms idle=423.0ms
begin []
[90m↳ Tempmail.Mail.increment_stat/1, at: lib/tempmail/mail.ex:485[0m
[debug] QUERY OK source="email_stats" db=0.3ms
SELECT e0."id", e0."date", e0."generated", e0."received", e0."domain_id", e0."inserted_at" FROM "email_stats" AS e0 WHERE ((e0."date" = $1) AND (e0."domain_id" IS NULL)) LIMIT 1 [~D[2026-05-15]]
[90m↳ anonymous fn/3 in Ecto.Adapters.SQL.checkout_or_transaction/4, at: lib/ecto/adapters/sql.ex:1473[0m
[debug] QUERY OK source="email_stats" db=0.2ms
UPDATE "email_stats" SET "generated" = $1 WHERE "id" = $2 [95, "343f06a0-8f2f-439d-8066-7f6f30b032e3"]
[90m↳ anonymous fn/3 in Ecto.Adapters.SQL.checkout_or_transaction/4, at: lib/ecto/adapters/sql.ex:1473[0m
[debug] QUERY OK db=1.2ms
commit []
[90m↳ Tempmail.Mail.increment_stat/1, at: lib/tempmail/mail.ex:485[0m
[debug] Replied in 7ms
[info] CONNECTED TO Phoenix.LiveView.Socket in 0µs
  Transport: :websocket
  Serializer: Phoenix.Socket.V2.JSONSerializer
  Parameters: %{"_csrf_token" => "FxsWIV5CBAZTP3Q7AQYzAC90eBEBPSV7AIFShw6VcY5OdsIyX8Jp2rRH", "_live_referer" => "undefined", "_mount_attempts" => "0", "_mounts" => "0", "_track_static" => %{"0" => "http://localhost:4001/assets/app.css", "1" => "http://localhost:4001/assets/app.js"}, "vsn" => "2.0.0"}
[debug] MOUNT TempmailWeb.HomeLive
  Parameters: %{}
  Session: %{"_csrf_token" => "VRPr652P0fAteuzywL2a3Ow3"}
[debug] QUERY OK source="domains" db=0.4ms idle=948.5ms
SELECT d0."id", d0."domain", d0."is_active", d0."is_default", d0."mailcow_id", d0."description", d0."inserted_at", d0."updated_at" FROM "domains" AS d0 WHERE (d0."is_active" = TRUE) ORDER BY d0."is_default" DESC, d0."domain" []
[90m↳ TempmailWeb.HomeLive.mount/3, at: lib/tempmail_web/live/home_live.ex:18[0m
[debug] QUERY OK source="domains" db=0.3ms idle=944.3ms
SELECT d0."id", d0."domain", d0."is_active", d0."is_default", d0."mailcow_id", d0."description", d0."inserted_at", d0."updated_at" FROM "domains" AS d0 WHERE (d0."is_active" = TRUE) ORDER BY d0."is_default" DESC, d0."domain" []
[90m↳ Tempmail.Mail.choose_domain/1, at: lib/tempmail/mail.ex:64[0m
[debug] QUERY OK db=0.2ms idle=821.0ms
begin []
[90m↳ Tempmail.Mail.increment_stat/1, at: lib/tempmail/mail.ex:485[0m
[debug] QUERY OK source="email_stats" db=0.3ms
SELECT e0."id", e0."date", e0."generated", e0."received", e0."domain_id", e0."inserted_at" FROM "email_stats" AS e0 WHERE ((e0."date" = $1) AND (e0."domain_id" IS NULL)) LIMIT 1 [~D[2026-05-15]]
[90m↳ anonymous fn/3 in Ecto.Adapters.SQL.checkout_or_transaction/4, at: lib/ecto/adapters/sql.ex:1473[0m
[debug] QUERY OK source="email_stats" db=0.4ms
UPDATE "email_stats" SET "generated" = $1 WHERE "id" = $2 [96, "343f06a0-8f2f-439d-8066-7f6f30b032e3"]
[90m↳ anonymous fn/3 in Ecto.Adapters.SQL.checkout_or_transaction/4, at: lib/ecto/adapters/sql.ex:1473[0m
[debug] QUERY OK db=0.4ms
commit []
[90m↳ Tempmail.Mail.increment_stat/1, at: lib/tempmail/mail.ex:485[0m
[debug] Replied in 6ms
[info] CONNECTED TO Phoenix.LiveView.Socket in 0µs
  Transport: :websocket
  Serializer: Phoenix.Socket.V2.JSONSerializer
  Parameters: %{"_csrf_token" => "HxspEGJefSRqACgREDklShgPejV9IAV5IIybTkOtZfieuL_3oCHTNorJ", "_live_referer" => "undefined", "_mount_attempts" => "0", "_mounts" => "0", "_track_static" => %{"0" => "http://localhost:4001/assets/app.css", "1" => "http://localhost:4001/assets/app.js"}, "vsn" => "2.0.0"}
[debug] MOUNT TempmailWeb.UserRegistrationLive
  Parameters: %{}
  Session: %{"_csrf_token" => "VRPr652P0fAteuzywL2a3Ow3"}
[debug] Replied in 204µs
[debug] MOUNT TempmailWeb.UserLoginLive
  Parameters: %{}
  Session: %{"_csrf_token" => "VRPr652P0fAteuzywL2a3Ow3"}
[debug] Replied in 102µs
[info] GET /users/log_in
[debug] Processing with TempmailWeb.UserLoginLive.new/2
  Parameters: %{}
  Pipelines: [:browser, :redirect_if_user_is_authenticated]
[info] Sent 200 in 3ms
[info] CONNECTED TO Phoenix.LiveView.Socket in 0µs
  Transport: :websocket
  Serializer: Phoenix.Socket.V2.JSONSerializer
  Parameters: %{"_csrf_token" => "BQY6U0YBMwQsVQUAQ11uBV8aXwE0KwwbD_r8vhesk2tuw0YP87luVijB", "_live_referer" => "undefined", "_mount_attempts" => "0", "_mounts" => "0", "_track_static" => %{"0" => "http://127.0.0.1:4001/assets/app.css", "1" => "http://127.0.0.1:4001/assets/app.js"}, "vsn" => "2.0.0"}
[debug] MOUNT TempmailWeb.UserLoginLive
  Parameters: %{}
  Session: %{"_csrf_token" => "AYHk0iVwGgqu4m7Ug-3tbBfY"}
[debug] Replied in 102µs
[info] GET /users/log_in
[debug] Processing with TempmailWeb.UserLoginLive.new/2
  Parameters: %{}
  Pipelines: [:browser, :redirect_if_user_is_authenticated]
[info] Sent 200 in 2ms
[info] CONNECTED TO Phoenix.LiveView.Socket in 0µs
  Transport: :websocket
  Serializer: Phoenix.Socket.V2.JSONSerializer
  Parameters: %{"_csrf_token" => "NRcACgVlXSNmKhQbVB0AA0RhS0xLfi94cEPx3PosVLUo1hzz3-y-x1XK", "_live_referer" => "undefined", "_mount_attempts" => "0", "_mounts" => "0", "_track_static" => %{"0" => "http://localhost:4001/assets/app.css", "1" => "http://localhost:4001/assets/app.js"}, "vsn" => "2.0.0"}
[debug] MOUNT TempmailWeb.UserLoginLive
  Parameters: %{}
  Session: %{"_csrf_token" => "VRPr652P0fAteuzywL2a3Ow3"}
[debug] Replied in 102µs
[info] GET /es
[debug] Processing with TempmailWeb.HomeLive.index/2
  Parameters: %{"locale" => "es"}
  Pipelines: [:browser]
[debug] QUERY OK source="domains" db=0.3ms queue=0.1ms idle=393.5ms
SELECT d0."id", d0."domain", d0."is_active", d0."is_default", d0."mailcow_id", d0."description", d0."inserted_at", d0."updated_at" FROM "domains" AS d0 WHERE (d0."is_active" = TRUE) ORDER BY d0."is_default" DESC, d0."domain" []
[90m↳ TempmailWeb.HomeLive.mount/3, at: lib/tempmail_web/live/home_live.ex:18[0m
[info] Sent 200 in 30ms
[info] CONNECTED TO Phoenix.LiveView.Socket in 0µs
  Transport: :websocket
  Serializer: Phoenix.Socket.V2.JSONSerializer
  Parameters: %{"_csrf_token" => "BDQ6RwJ9USR2UBYADx4PPU8UVzRUJAdBRfj54HctF6WtjkuD8XeUgkpr", "_live_referer" => "undefined", "_mount_attempts" => "0", "_mounts" => "0", "_track_static" => %{"0" => "http://localhost:4001/assets/app.css", "1" => "http://localhost:4001/assets/app.js"}, "vsn" => "2.0.0"}
[debug] MOUNT TempmailWeb.HomeLive
  Parameters: %{"locale" => "es"}
  Session: %{"_csrf_token" => "VRPr652P0fAteuzywL2a3Ow3"}
[debug] QUERY OK source="domains" db=0.3ms decode=0.1ms idle=935.5ms
SELECT d0."id", d0."domain", d0."is_active", d0."is_default", d0."mailcow_id", d0."description", d0."inserted_at", d0."updated_at" FROM "domains" AS d0 WHERE (d0."is_active" = TRUE) ORDER BY d0."is_default" DESC, d0."domain" []
[90m↳ TempmailWeb.HomeLive.mount/3, at: lib/tempmail_web/live/home_live.ex:18[0m
[debug] QUERY OK source="domains" db=0.3ms idle=936.0ms
SELECT d0."id", d0."domain", d0."is_active", d0."is_default", d0."mailcow_id", d0."description", d0."inserted_at", d0."updated_at" FROM "domains" AS d0 WHERE (d0."is_active" = TRUE) ORDER BY d0."is_default" DESC, d0."domain" []
[90m↳ Tempmail.Mail.choose_domain/1, at: lib/tempmail/mail.ex:64[0m
[debug] QUERY OK db=0.3ms idle=939.7ms
begin []
[90m↳ Tempmail.Mail.increment_stat/1, at: lib/tempmail/mail.ex:485[0m
[debug] QUERY OK source="email_stats" db=0.2ms
SELECT e0."id", e0."date", e0."generated", e0."received", e0."domain_id", e0."inserted_at" FROM "email_stats" AS e0 WHERE ((e0."date" = $1) AND (e0."domain_id" IS NULL)) LIMIT 1 [~D[2026-05-15]]
[90m↳ anonymous fn/3 in Ecto.Adapters.SQL.checkout_or_transaction/4, at: lib/ecto/adapters/sql.ex:1473[0m
[debug] QUERY OK source="email_stats" db=0.3ms
UPDATE "email_stats" SET "generated" = $1 WHERE "id" = $2 [97, "343f06a0-8f2f-439d-8066-7f6f30b032e3"]
[90m↳ anonymous fn/3 in Ecto.Adapters.SQL.checkout_or_transaction/4, at: lib/ecto/adapters/sql.ex:1473[0m
[debug] QUERY OK db=0.3ms
commit []
[90m↳ Tempmail.Mail.increment_stat/1, at: lib/tempmail/mail.ex:485[0m
[debug] Replied in 5ms
[warning] navigate event to "http://localhost:4001/users/log_in" failed because you are redirecting across live_sessions. A full page reload will be performed instead
[info] GET /users/log_in
[debug] Processing with TempmailWeb.UserLoginLive.new/2
  Parameters: %{}
  Pipelines: [:browser, :redirect_if_user_is_authenticated]
[info] Sent 200 in 3ms
[info] CONNECTED TO Phoenix.LiveView.Socket in 102µs
  Transport: :websocket
  Serializer: Phoenix.Socket.V2.JSONSerializer
  Parameters: %{"_csrf_token" => "DxEJHXpzSx16BQctKA0yLTktSy5nFSJWYCYoLFyMJcFYMxHTNayOTZUe", "_live_referer" => "undefined", "_mount_attempts" => "0", "_mounts" => "0", "_track_static" => %{"0" => "http://localhost:4001/assets/app.css", "1" => "http://localhost:4001/assets/app.js"}, "vsn" => "2.0.0"}
[debug] MOUNT TempmailWeb.UserLoginLive
  Parameters: %{}
  Session: %{"_csrf_token" => "VRPr652P0fAteuzywL2a3Ow3"}
[debug] Replied in 102µs
[debug] MOUNT TempmailWeb.UserRegistrationLive
  Parameters: %{}
  Session: %{"_csrf_token" => "VRPr652P0fAteuzywL2a3Ow3"}
[debug] Replied in 102µs
[warning] navigate event to "http://localhost:4001/" failed because you are redirecting across live_sessions. A full page reload will be performed instead
[info] GET /
[debug] Processing with TempmailWeb.HomeLive.index/2
  Parameters: %{}
  Pipelines: [:browser]
[debug] QUERY OK source="domains" db=0.3ms idle=1999.0ms
SELECT d0."id", d0."domain", d0."is_active", d0."is_default", d0."mailcow_id", d0."description", d0."inserted_at", d0."updated_at" FROM "domains" AS d0 WHERE (d0."is_active" = TRUE) ORDER BY d0."is_default" DESC, d0."domain" []
[90m↳ TempmailWeb.HomeLive.mount/3, at: lib/tempmail_web/live/home_live.ex:18[0m
[info] Sent 200 in 34ms
[info] CONNECTED TO Phoenix.LiveView.Socket in 0µs
  Transport: :websocket
  Serializer: Phoenix.Socket.V2.JSONSerializer
  Parameters: %{"_csrf_token" => "NzZnJXhBUSQGCBInBx09Plo1dA5qFSRVad7WNtct6nSSbhGG-yFoYZSf", "_live_referer" => "undefined", "_mount_attempts" => "0", "_mounts" => "0", "_track_static" => %{"0" => "http://localhost:4001/assets/app.css", "1" => "http://localhost:4001/assets/app.js"}, "vsn" => "2.0.0"}
[debug] MOUNT TempmailWeb.HomeLive
  Parameters: %{}
  Session: %{"_csrf_token" => "VRPr652P0fAteuzywL2a3Ow3"}
[debug] QUERY OK source="domains" db=0.3ms idle=555.6ms
SELECT d0."id", d0."domain", d0."is_active", d0."is_default", d0."mailcow_id", d0."description", d0."inserted_at", d0."updated_at" FROM "domains" AS d0 WHERE (d0."is_active" = TRUE) ORDER BY d0."is_default" DESC, d0."domain" []
[90m↳ TempmailWeb.HomeLive.mount/3, at: lib/tempmail_web/live/home_live.ex:18[0m
[debug] QUERY OK source="domains" db=0.2ms queue=0.1ms idle=555.4ms
SELECT d0."id", d0."domain", d0."is_active", d0."is_default", d0."mailcow_id", d0."description", d0."inserted_at", d0."updated_at" FROM "domains" AS d0 WHERE (d0."is_active" = TRUE) ORDER BY d0."is_default" DESC, d0."domain" []
[90m↳ Tempmail.Mail.choose_domain/1, at: lib/tempmail/mail.ex:64[0m
[debug] QUERY OK db=0.2ms idle=556.6ms
begin []
[90m↳ Tempmail.Mail.increment_stat/1, at: lib/tempmail/mail.ex:485[0m
[debug] QUERY OK source="email_stats" db=0.2ms
SELECT e0."id", e0."date", e0."generated", e0."received", e0."domain_id", e0."inserted_at" FROM "email_stats" AS e0 WHERE ((e0."date" = $1) AND (e0."domain_id" IS NULL)) LIMIT 1 [~D[2026-05-15]]
[90m↳ anonymous fn/3 in Ecto.Adapters.SQL.checkout_or_transaction/4, at: lib/ecto/adapters/sql.ex:1473[0m
[debug] QUERY OK source="email_stats" db=0.2ms
UPDATE "email_stats" SET "generated" = $1 WHERE "id" = $2 [98, "343f06a0-8f2f-439d-8066-7f6f30b032e3"]
[90m↳ anonymous fn/3 in Ecto.Adapters.SQL.checkout_or_transaction/4, at: lib/ecto/adapters/sql.ex:1473[0m
[debug] QUERY OK db=0.3ms
commit []
[90m↳ Tempmail.Mail.increment_stat/1, at: lib/tempmail/mail.ex:485[0m
[debug] Replied in 5ms
[warning] navigate event to "http://localhost:4001/users/log_in" failed because you are redirecting across live_sessions. A full page reload will be performed instead
[info] GET /users/log_in
[debug] Processing with TempmailWeb.UserLoginLive.new/2
  Parameters: %{}
  Pipelines: [:browser, :redirect_if_user_is_authenticated]
[info] Sent 200 in 3ms
[info] CONNECTED TO Phoenix.LiveView.Socket in 0µs
  Transport: :websocket
  Serializer: Phoenix.Socket.V2.JSONSerializer
  Parameters: %{"_csrf_token" => "Ig0jGHB0ZgVSCjdNPzk_TiAbAgB8eihft_sjFATUblv9ZLE7WW0aO5_l", "_live_referer" => "undefined", "_mount_attempts" => "0", "_mounts" => "0", "_track_static" => %{"0" => "http://localhost:4001/assets/app.css", "1" => "http://localhost:4001/assets/app.js"}, "vsn" => "2.0.0"}
[debug] MOUNT TempmailWeb.UserLoginLive
  Parameters: %{}
  Session: %{"_csrf_token" => "VRPr652P0fAteuzywL2a3Ow3"}
[debug] Replied in 102µs
[debug] Live reload: lib/tempmail_web/controllers/oauth_controller.ex
[debug] Live reload: lib/tempmail_web/controllers/oauth_controller.ex
[debug] Live reload: lib/tempmail_web/controllers/oauth_controller.ex
[debug] Live reload: lib/tempmail_web/controllers/oauth_controller.ex
[debug] Live reload: lib/tempmail_web/controllers/oauth_controller.ex
[debug] Live reload: lib/tempmail_web/controllers/oauth_controller.ex
Compiling 2 files (.ex)
Generated tempmail app
[info] GET /users/log_in
[debug] Processing with TempmailWeb.UserLoginLive.new/2
  Parameters: %{}
  Pipelines: [:browser, :redirect_if_user_is_authenticated]
[info] Sent 200 in 9ms
[info] GET /
[debug] Processing with TempmailWeb.HomeLive.index/2
  Parameters: %{}
  Pipelines: [:browser]
[info] GET /users/log_in
[debug] Processing with TempmailWeb.UserLoginLive.new/2
  Parameters: %{}
  Pipelines: [:browser, :redirect_if_user_is_authenticated]
[debug] QUERY OK source="domains" db=0.4ms idle=887.7ms
SELECT d0."id", d0."domain", d0."is_active", d0."is_default", d0."mailcow_id", d0."description", d0."inserted_at", d0."updated_at" FROM "domains" AS d0 WHERE (d0."is_active" = TRUE) ORDER BY d0."is_default" DESC, d0."domain" []
[90m↳ TempmailWeb.HomeLive.mount/3, at: lib/tempmail_web/live/home_live.ex:18[0m
[info] Sent 200 in 4ms
[info] Sent 200 in 76ms
[info] CONNECTED TO Phoenix.LiveView.Socket in 0µs
  Transport: :websocket
  Serializer: Phoenix.Socket.V2.JSONSerializer
  Parameters: %{"_csrf_token" => "Fw8vOkU-BxILADo4Qy9WHxVkfS1QBgo9VVgQuWQeLgKMwBaJrINY2Dld", "_live_referer" => "undefined", "_mount_attempts" => "0", "_mounts" => "0", "_track_static" => %{"0" => "http://127.0.0.1:4001/assets/app.css", "1" => "http://127.0.0.1:4001/assets/app.js"}, "vsn" => "2.0.0"}
[debug] MOUNT TempmailWeb.UserLoginLive
  Parameters: %{}
  Session: %{"_csrf_token" => "AYHk0iVwGgqu4m7Ug-3tbBfY"}
[debug] Replied in 204µs
[info] CONNECTED TO Phoenix.LiveView.Socket in 0µs
  Transport: :websocket
  Serializer: Phoenix.Socket.V2.JSONSerializer
  Parameters: %{"_csrf_token" => "Pj0bOmZ_cyYFVxASIjE2IA8IXSgCIBQDhoKHPJAv51QfGDLYxDoI1oc0", "_live_referer" => "undefined", "_mount_attempts" => "0", "_mounts" => "0", "_track_static" => %{"0" => "http://localhost:4001/assets/app.css", "1" => "http://localhost:4001/assets/app.js"}, "vsn" => "2.0.0"}
[debug] MOUNT TempmailWeb.UserLoginLive
  Parameters: %{}
  Session: %{"_csrf_token" => "VRPr652P0fAteuzywL2a3Ow3"}
[debug] Replied in 102µs
[info] CONNECTED TO Phoenix.LiveView.Socket in 0µs
  Transport: :websocket
  Serializer: Phoenix.Socket.V2.JSONSerializer
  Parameters: %{"_csrf_token" => "BBY7QEZlVWF7UxMEAhYrFAE8azBKfFp_RDk2pPg1K5RpgcQmvpYQy3-L", "_live_referer" => "undefined", "_mount_attempts" => "0", "_mounts" => "0", "_track_static" => %{"0" => "http://localhost:4001/assets/app.css", "1" => "http://localhost:4001/assets/app.js"}, "vsn" => "2.0.0"}
[debug] MOUNT TempmailWeb.HomeLive
  Parameters: %{}
  Session: %{"_csrf_token" => "VRPr652P0fAteuzywL2a3Ow3"}
[debug] QUERY OK source="domains" db=0.3ms queue=0.1ms idle=1997.0ms
SELECT d0."id", d0."domain", d0."is_active", d0."is_default", d0."mailcow_id", d0."description", d0."inserted_at", d0."updated_at" FROM "domains" AS d0 WHERE (d0."is_active" = TRUE) ORDER BY d0."is_default" DESC, d0."domain" []
[90m↳ TempmailWeb.HomeLive.mount/3, at: lib/tempmail_web/live/home_live.ex:18[0m
[debug] QUERY OK source="domains" db=0.3ms queue=0.1ms idle=1997.5ms
SELECT d0."id", d0."domain", d0."is_active", d0."is_default", d0."mailcow_id", d0."description", d0."inserted_at", d0."updated_at" FROM "domains" AS d0 WHERE (d0."is_active" = TRUE) ORDER BY d0."is_default" DESC, d0."domain" []
[90m↳ Tempmail.Mail.choose_domain/1, at: lib/tempmail/mail.ex:64[0m
[debug] QUERY OK db=0.3ms idle=2000.9ms
begin []
[90m↳ Tempmail.Mail.increment_stat/1, at: lib/tempmail/mail.ex:485[0m
[debug] QUERY OK source="email_stats" db=0.2ms
SELECT e0."id", e0."date", e0."generated", e0."received", e0."domain_id", e0."inserted_at" FROM "email_stats" AS e0 WHERE ((e0."date" = $1) AND (e0."domain_id" IS NULL)) LIMIT 1 [~D[2026-05-15]]
[90m↳ anonymous fn/3 in Ecto.Adapters.SQL.checkout_or_transaction/4, at: lib/ecto/adapters/sql.ex:1473[0m
[debug] QUERY OK source="email_stats" db=0.4ms
UPDATE "email_stats" SET "generated" = $1 WHERE "id" = $2 [99, "343f06a0-8f2f-439d-8066-7f6f30b032e3"]
[90m↳ anonymous fn/3 in Ecto.Adapters.SQL.checkout_or_transaction/4, at: lib/ecto/adapters/sql.ex:1473[0m
[debug] QUERY OK db=0.4ms
commit []
[90m↳ Tempmail.Mail.increment_stat/1, at: lib/tempmail/mail.ex:485[0m
[debug] Replied in 5ms

Rebuilding...
[debug] Live reload: priv/static/assets/app.css
[debug] Live reload: priv/static/assets/app.css
[debug] Live reload: priv/static/assets/app.css

Done in 289ms.
[debug] Live reload: priv/static/assets/app.css
[debug] Live reload: priv/static/assets/app.css
[debug] Live reload: priv/static/assets/app.css

Rebuilding...

Done in 437ms.
[debug] Live reload: lib/tempmail_web/live/user_login_live.ex
[debug] Live reload: lib/tempmail_web/live/user_login_live.ex
[debug] Live reload: lib/tempmail_web/live/user_login_live.ex
[debug] Live reload: lib/tempmail_web/live/user_login_live.ex
[debug] Live reload: lib/tempmail_web/live/user_login_live.ex
[debug] Live reload: lib/tempmail_web/live/user_login_live.ex
Compiling 2 files (.ex)
Generated tempmail app
[info] GET /users/log_in
[debug] Processing with TempmailWeb.UserLoginLive.new/2
  Parameters: %{}
  Pipelines: [:browser, :redirect_if_user_is_authenticated]
[info] Sent 200 in 9ms
[info] GET /users/log_in
[debug] Processing with TempmailWeb.UserLoginLive.new/2
  Parameters: %{}
  Pipelines: [:browser, :redirect_if_user_is_authenticated]
[info] GET /
[debug] Processing with TempmailWeb.HomeLive.index/2
  Parameters: %{}
  Pipelines: [:browser]
[debug] QUERY OK source="domains" db=0.3ms idle=137.4ms
SELECT d0."id", d0."domain", d0."is_active", d0."is_default", d0."mailcow_id", d0."description", d0."inserted_at", d0."updated_at" FROM "domains" AS d0 WHERE (d0."is_active" = TRUE) ORDER BY d0."is_default" DESC, d0."domain" []
[90m↳ TempmailWeb.HomeLive.mount/3, at: lib/tempmail_web/live/home_live.ex:18[0m
[info] Sent 200 in 3ms
[info] Sent 200 in 43ms
[info] CONNECTED TO Phoenix.LiveView.Socket in 0µs
  Transport: :websocket
  Serializer: Phoenix.Socket.V2.JSONSerializer
  Parameters: %{"_csrf_token" => "KglwEUQwG0AVIh4bTh4aLA1JXB9aLT84kP8ztYM7REonzs-yjdok8oYa", "_live_referer" => "undefined", "_mount_attempts" => "0", "_mounts" => "0", "_track_static" => %{"0" => "http://127.0.0.1:4001/assets/app.css", "1" => "http://127.0.0.1:4001/assets/app.js"}, "vsn" => "2.0.0"}
[debug] MOUNT TempmailWeb.UserLoginLive
  Parameters: %{}
  Session: %{"_csrf_token" => "AYHk0iVwGgqu4m7Ug-3tbBfY"}
[debug] Replied in 102µs
[info] CONNECTED TO Phoenix.LiveView.Socket in 0µs
  Transport: :websocket
  Serializer: Phoenix.Socket.V2.JSONSerializer
  Parameters: %{"_csrf_token" => "YwYPMGBNdQh5MgtZATo7SCIqfS1bEABx5T_BVxGXITJ-dOA1UfOLh_wB", "_live_referer" => "undefined", "_mount_attempts" => "0", "_mounts" => "0", "_track_static" => %{"0" => "http://localhost:4001/assets/app.css", "1" => "http://localhost:4001/assets/app.js"}, "vsn" => "2.0.0"}
[debug] MOUNT TempmailWeb.UserLoginLive
  Parameters: %{}
  Session: %{"_csrf_token" => "VRPr652P0fAteuzywL2a3Ow3"}
[debug] Replied in 102µs
[info] CONNECTED TO Phoenix.LiveView.Socket in 102µs
  Transport: :websocket
  Serializer: Phoenix.Socket.V2.JSONSerializer
  Parameters: %{"_csrf_token" => "IRFoRgYDYmloFAkDDwIzSD4-Zi5cJDBswC8406P9XrHwjwI1IrTOokG_", "_live_referer" => "undefined", "_mount_attempts" => "0", "_mounts" => "0", "_track_static" => %{"0" => "http://localhost:4001/assets/app.css", "1" => "http://localhost:4001/assets/app.js"}, "vsn" => "2.0.0"}
[debug] MOUNT TempmailWeb.HomeLive
  Parameters: %{}
  Session: %{"_csrf_token" => "VRPr652P0fAteuzywL2a3Ow3"}
[debug] QUERY OK source="domains" db=0.4ms decode=0.1ms idle=1107.8ms
SELECT d0."id", d0."domain", d0."is_active", d0."is_default", d0."mailcow_id", d0."description", d0."inserted_at", d0."updated_at" FROM "domains" AS d0 WHERE (d0."is_active" = TRUE) ORDER BY d0."is_default" DESC, d0."domain" []
[90m↳ TempmailWeb.HomeLive.mount/3, at: lib/tempmail_web/live/home_live.ex:18[0m
[debug] QUERY OK source="domains" db=0.4ms idle=1108.4ms
SELECT d0."id", d0."domain", d0."is_active", d0."is_default", d0."mailcow_id", d0."description", d0."inserted_at", d0."updated_at" FROM "domains" AS d0 WHERE (d0."is_active" = TRUE) ORDER BY d0."is_default" DESC, d0."domain" []
[90m↳ Tempmail.Mail.choose_domain/1, at: lib/tempmail/mail.ex:64[0m
[debug] QUERY OK db=0.2ms idle=1112.4ms
begin []
[90m↳ Tempmail.Mail.increment_stat/1, at: lib/tempmail/mail.ex:485[0m
[debug] QUERY OK source="email_stats" db=1.4ms
SELECT e0."id", e0."date", e0."generated", e0."received", e0."domain_id", e0."inserted_at" FROM "email_stats" AS e0 WHERE ((e0."date" = $1) AND (e0."domain_id" IS NULL)) LIMIT 1 [~D[2026-05-15]]
[90m↳ anonymous fn/3 in Ecto.Adapters.SQL.checkout_or_transaction/4, at: lib/ecto/adapters/sql.ex:1473[0m
[debug] QUERY OK source="email_stats" db=0.3ms
UPDATE "email_stats" SET "generated" = $1 WHERE "id" = $2 [100, "343f06a0-8f2f-439d-8066-7f6f30b032e3"]
[90m↳ anonymous fn/3 in Ecto.Adapters.SQL.checkout_or_transaction/4, at: lib/ecto/adapters/sql.ex:1473[0m
[debug] QUERY OK db=0.3ms
commit []
[90m↳ Tempmail.Mail.increment_stat/1, at: lib/tempmail/mail.ex:485[0m
[debug] Replied in 7ms

Rebuilding...
[debug] Live reload: priv/static/assets/app.css
[debug] Live reload: priv/static/assets/app.css

[debug] Live reload: priv/static/assets/app.css
Done in 61ms.
[debug] Live reload: priv/static/assets/app.css
[debug] Live reload: priv/static/assets/app.css
[debug] Live reload: priv/static/assets/app.css
[debug] Live reload: lib/tempmail_web/live/user_login_live.ex
[debug] Live reload: lib/tempmail_web/live/user_login_live.ex
[debug] Live reload: lib/tempmail_web/live/user_login_live.ex
[debug] Live reload: lib/tempmail_web/live/user_login_live.ex
[debug] Live reload: lib/tempmail_web/live/user_login_live.ex
[debug] Live reload: lib/tempmail_web/live/user_login_live.ex
Compiling 1 file (.ex)
Generated tempmail app
[info] GET /users/log_in
[debug] Processing with TempmailWeb.UserLoginLive.new/2
  Parameters: %{}
  Pipelines: [:browser, :redirect_if_user_is_authenticated]
[info] Sent 200 in 9ms
[warning] navigate event to "http://localhost:4001/terms" failed because you are redirecting across live_sessions. A full page reload will be performed instead
[info] GET /users/log_in
[debug] Processing with TempmailWeb.UserLoginLive.new/2
  Parameters: %{}
  Pipelines: [:browser, :redirect_if_user_is_authenticated]
[info] Sent 200 in 5ms
[error] GenServer #PID<0.8534.0> terminating
** (stop) :econnaborted
Process Label: {:thousand_island, :connection, {Bandit.DelegatingHandler, {{127, 0, 0, 1}, 52284}}}
Last message: {:tcp_error, #Port<0.1723>, :econnaborted}
State: {%ThousandIsland.Socket{socket: #Port<0.1723>, transport_module: ThousandIsland.Transports.TCP, read_timeout: 60000, silent_terminate_on_error: false, span: %ThousandIsland.Telemetry{span_name: :connection, telemetry_span_context: #Reference<0.1557660048.3217031169.169606>, start_time: -5764574393105357, start_metadata: %{handler: Bandit.DelegatingHandler, remote_port: 52284, remote_address: {127, 0, 0, 1}, telemetry_span_context: #Reference<0.1557660048.3217031169.169606>, parent_telemetry_span_context: #Reference<0.1557660048.3216769052.157669>}, handler: Bandit.DelegatingHandler, span_metadata: %{handler: Bandit.DelegatingHandler, telemetry_span_context: #Reference<0.1557660048.3217031169.169606>}}}, %{opts: %{http: [], websocket: [], http_1: [], http_2: []}, plug: {Phoenix.Endpoint.SyncCodeReloadPlug, {TempmailWeb.Endpoint, []}}, handler_module: Bandit.HTTP1.Handler, http_1_enabled: true, http_2_enabled: true, requests_processed: 7}}
[info] GET /terms
[debug] Processing with TempmailWeb.StaticPageLive.terms/2
  Parameters: %{}
  Pipelines: [:browser]
[info] GET /
[debug] Processing with TempmailWeb.HomeLive.index/2
  Parameters: %{}
  Pipelines: [:browser]
[debug] QUERY OK source="domains" db=0.3ms queue=0.1ms idle=951.2ms
SELECT d0."id", d0."domain", d0."is_active", d0."is_default", d0."mailcow_id", d0."description", d0."inserted_at", d0."updated_at" FROM "domains" AS d0 WHERE (d0."is_active" = TRUE) ORDER BY d0."is_default" DESC, d0."domain" []
[90m↳ TempmailWeb.HomeLive.mount/3, at: lib/tempmail_web/live/home_live.ex:18[0m
[info] Sent 200 in 5ms
[info] Sent 200 in 95ms
[info] CONNECTED TO Phoenix.LiveView.Socket in 0µs
  Transport: :websocket
  Serializer: Phoenix.Socket.V2.JSONSerializer
  Parameters: %{"_csrf_token" => "IiEaUmc5YhwGExAUDVVCERVnURwAEi1scxR9WP4kAtaa98uDrJbhbPK5", "_live_referer" => "undefined", "_mount_attempts" => "0", "_mounts" => "0", "_track_static" => %{"0" => "http://127.0.0.1:4001/assets/app.css", "1" => "http://127.0.0.1:4001/assets/app.js"}, "vsn" => "2.0.0"}
[debug] MOUNT TempmailWeb.UserLoginLive
  Parameters: %{}
  Session: %{"_csrf_token" => "AYHk0iVwGgqu4m7Ug-3tbBfY"}
[debug] Replied in 204µs
[info] CONNECTED TO Phoenix.LiveView.Socket in 0µs
  Transport: :websocket
  Serializer: Phoenix.Socket.V2.JSONSerializer
  Parameters: %{"_csrf_token" => "ARgEClUCQSAAEQA8M0EXOwJ5azQeGxR2WJTxc7sp0wAHV4mBu5YU-TcE", "_live_referer" => "undefined", "_mount_attempts" => "0", "_mounts" => "0", "_track_static" => %{"0" => "http://localhost:4001/assets/app.css", "1" => "http://localhost:4001/assets/app.js"}, "vsn" => "2.0.0"}
[info] CONNECTED TO Phoenix.LiveView.Socket in 0µs
  Transport: :websocket
  Serializer: Phoenix.Socket.V2.JSONSerializer
  Parameters: %{"_csrf_token" => "OgU6KwNMQBFmJRAjEAIjQEMDVCtQJEB0lWjY5yrAVCQWuwY94OfJck7G", "_live_referer" => "undefined", "_mount_attempts" => "0", "_mounts" => "0", "_track_static" => %{"0" => "http://localhost:4001/assets/app.css", "1" => "http://localhost:4001/assets/app.js"}, "vsn" => "2.0.0"}
[debug] MOUNT TempmailWeb.StaticPageLive
  Parameters: %{}
  Session: %{"_csrf_token" => "VRPr652P0fAteuzywL2a3Ow3"}
[debug] Replied in 102µs
[debug] MOUNT TempmailWeb.HomeLive
  Parameters: %{}
  Session: %{"_csrf_token" => "VRPr652P0fAteuzywL2a3Ow3"}
[debug] QUERY OK source="domains" db=0.4ms idle=1990.5ms
SELECT d0."id", d0."domain", d0."is_active", d0."is_default", d0."mailcow_id", d0."description", d0."inserted_at", d0."updated_at" FROM "domains" AS d0 WHERE (d0."is_active" = TRUE) ORDER BY d0."is_default" DESC, d0."domain" []
[90m↳ TempmailWeb.HomeLive.mount/3, at: lib/tempmail_web/live/home_live.ex:18[0m
[debug] QUERY OK source="domains" db=0.3ms idle=1413.4ms
SELECT d0."id", d0."domain", d0."is_active", d0."is_default", d0."mailcow_id", d0."description", d0."inserted_at", d0."updated_at" FROM "domains" AS d0 WHERE (d0."is_active" = TRUE) ORDER BY d0."is_default" DESC, d0."domain" []
[90m↳ Tempmail.Mail.choose_domain/1, at: lib/tempmail/mail.ex:64[0m
[debug] QUERY OK db=0.3ms queue=0.1ms idle=1415.5ms
begin []
[90m↳ Tempmail.Mail.increment_stat/1, at: lib/tempmail/mail.ex:485[0m
[debug] QUERY OK source="email_stats" db=0.3ms
SELECT e0."id", e0."date", e0."generated", e0."received", e0."domain_id", e0."inserted_at" FROM "email_stats" AS e0 WHERE ((e0."date" = $1) AND (e0."domain_id" IS NULL)) LIMIT 1 [~D[2026-05-15]]
[90m↳ anonymous fn/3 in Ecto.Adapters.SQL.checkout_or_transaction/4, at: lib/ecto/adapters/sql.ex:1473[0m
[debug] QUERY OK source="email_stats" db=0.3ms
UPDATE "email_stats" SET "generated" = $1 WHERE "id" = $2 [101, "343f06a0-8f2f-439d-8066-7f6f30b032e3"]
[90m↳ anonymous fn/3 in Ecto.Adapters.SQL.checkout_or_transaction/4, at: lib/ecto/adapters/sql.ex:1473[0m
[debug] QUERY OK db=0.3ms
commit []
[90m↳ Tempmail.Mail.increment_stat/1, at: lib/tempmail/mail.ex:485[0m
[debug] Replied in 7ms
[info] GET /users/log_in
[debug] Processing with TempmailWeb.UserLoginLive.new/2
  Parameters: %{}
  Pipelines: [:browser, :redirect_if_user_is_authenticated]
[info] Sent 200 in 3ms

Rebuilding...
[info] GET /
[debug] Processing with TempmailWeb.HomeLive.index/2
  Parameters: %{}
  Pipelines: [:browser]
[debug] QUERY OK source="domains" db=0.3ms idle=728.3ms
SELECT d0."id", d0."domain", d0."is_active", d0."is_default", d0."mailcow_id", d0."description", d0."inserted_at", d0."updated_at" FROM "domains" AS d0 WHERE (d0."is_active" = TRUE) ORDER BY d0."is_default" DESC, d0."domain" []
[90m↳ TempmailWeb.HomeLive.mount/3, at: lib/tempmail_web/live/home_live.ex:18[0m

Done in 54ms.
[info] Sent 200 in 52ms
[info] CONNECTED TO Phoenix.LiveView.Socket in 0µs
  Transport: :longpoll
  Serializer: Phoenix.Socket.V2.JSONSerializer
  Parameters: %{"_csrf_token" => "NzZnJXhBUSQGCBInBx09Plo1dA5qFSRVad7WNtct6nSSbhGG-yFoYZSf", "_live_referer" => "http://localhost:4001/", "_mount_attempts" => "0", "_mounts" => "0", "_track_static" => %{"0" => "http://localhost:4001/assets/app.css", "1" => "http://localhost:4001/assets/app.js"}, "vsn" => "2.0.0"}
[info] CONNECTED TO Phoenix.LiveView.Socket in 0µs
  Transport: :longpoll
  Serializer: Phoenix.Socket.V2.JSONSerializer
  Parameters: %{"_csrf_token" => "NzZnJXhBUSQGCBInBx09Plo1dA5qFSRVad7WNtct6nSSbhGG-yFoYZSf", "_live_referer" => "http://localhost:4001/", "_mount_attempts" => "0", "_mounts" => "0", "_track_static" => %{"0" => "http://localhost:4001/assets/app.css", "1" => "http://localhost:4001/assets/app.js"}, "vsn" => "2.0.0"}
[error] GenServer #PID<0.8730.0> terminating
** (stop) :econnaborted
Process Label: {:thousand_island, :connection, {Bandit.DelegatingHandler, {{127, 0, 0, 1}, 59172}}}
Last message: {:tcp_error, #Port<0.1761>, :econnaborted}
State: {%ThousandIsland.Socket{socket: #Port<0.1761>, transport_module: ThousandIsland.Transports.TCP, read_timeout: 60000, silent_terminate_on_error: false, span: %ThousandIsland.Telemetry{span_name: :connection, telemetry_span_context: #Reference<0.1557660048.3216769031.172851>, start_time: -5764573787388095, start_metadata: %{handler: Bandit.DelegatingHandler, remote_port: 59172, remote_address: {127, 0, 0, 1}, telemetry_span_context: #Reference<0.1557660048.3216769031.172851>, parent_telemetry_span_context: #Reference<0.1557660048.3216769026.166021>}, handler: Bandit.DelegatingHandler, span_metadata: %{handler: Bandit.DelegatingHandler, telemetry_span_context: #Reference<0.1557660048.3216769031.172851>}}}, %{opts: %{http: [], websocket: [], http_1: [], http_2: []}, plug: {Phoenix.Endpoint.SyncCodeReloadPlug, {TempmailWeb.Endpoint, []}}, handler_module: Bandit.HTTP1.Handler, http_1_enabled: true, http_2_enabled: true, requests_processed: 1}}
[error] GenServer #PID<0.8336.0> terminating
** (stop) :econnaborted
Process Label: {:thousand_island, :connection, {Bandit.DelegatingHandler, {{127, 0, 0, 1}, 50949}}}
Last message: {:tcp_error, #Port<0.1683>, :econnaborted}
State: {%ThousandIsland.Socket{socket: #Port<0.1683>, transport_module: ThousandIsland.Transports.TCP, read_timeout: 60000, silent_terminate_on_error: false, span: %ThousandIsland.Telemetry{span_name: :connection, telemetry_span_context: #Reference<0.1557660048.3217031169.151744>, start_time: -5764575715978683, start_metadata: %{handler: Bandit.DelegatingHandler, remote_port: 50949, remote_address: {127, 0, 0, 1}, telemetry_span_context: #Reference<0.1557660048.3217031169.151744>, parent_telemetry_span_context: #Reference<0.1557660048.3216769053.157754>}, handler: Bandit.DelegatingHandler, span_metadata: %{handler: Bandit.DelegatingHandler, telemetry_span_context: #Reference<0.1557660048.3217031169.151744>}}}, %{opts: %{http: [], websocket: [], http_1: [], http_2: []}, plug: {Phoenix.Endpoint.SyncCodeReloadPlug, {TempmailWeb.Endpoint, []}}, handler_module: Bandit.HTTP1.Handler, http_1_enabled: true, http_2_enabled: true, requests_processed: 32}}
[info] CONNECTED TO Phoenix.LiveView.Socket in 102µs
  Transport: :websocket
  Serializer: Phoenix.Socket.V2.JSONSerializer
  Parameters: %{"_csrf_token" => "ew0VKmleSwJXE3lNMxtLET4tVBJQfERa-_EX_kyRgu89Vn1hIafsc33i", "_live_referer" => "undefined", "_mount_attempts" => "0", "_mounts" => "0", "_track_static" => %{"0" => "http://localhost:4001/assets/app.css", "1" => "http://localhost:4001/assets/app.js"}, "vsn" => "2.0.0"}
[debug] MOUNT TempmailWeb.HomeLive
  Parameters: %{}
  Session: %{"_csrf_token" => "VRPr652P0fAteuzywL2a3Ow3"}
[debug] QUERY OK source="domains" db=0.3ms idle=1279.3ms
SELECT d0."id", d0."domain", d0."is_active", d0."is_default", d0."mailcow_id", d0."description", d0."inserted_at", d0."updated_at" FROM "domains" AS d0 WHERE (d0."is_active" = TRUE) ORDER BY d0."is_default" DESC, d0."domain" []
[90m↳ TempmailWeb.HomeLive.mount/3, at: lib/tempmail_web/live/home_live.ex:18[0m
[debug] QUERY OK source="domains" db=0.3ms idle=1279.8ms
SELECT d0."id", d0."domain", d0."is_active", d0."is_default", d0."mailcow_id", d0."description", d0."inserted_at", d0."updated_at" FROM "domains" AS d0 WHERE (d0."is_active" = TRUE) ORDER BY d0."is_default" DESC, d0."domain" []
[90m↳ Tempmail.Mail.choose_domain/1, at: lib/tempmail/mail.ex:64[0m
[debug] QUERY OK db=0.2ms idle=1283.3ms
begin []
[90m↳ Tempmail.Mail.increment_stat/1, at: lib/tempmail/mail.ex:485[0m
[debug] QUERY OK source="email_stats" db=0.2ms
SELECT e0."id", e0."date", e0."generated", e0."received", e0."domain_id", e0."inserted_at" FROM "email_stats" AS e0 WHERE ((e0."date" = $1) AND (e0."domain_id" IS NULL)) LIMIT 1 [~D[2026-05-15]]
[90m↳ anonymous fn/3 in Ecto.Adapters.SQL.checkout_or_transaction/4, at: lib/ecto/adapters/sql.ex:1473[0m
[debug] QUERY OK source="email_stats" db=0.2ms
UPDATE "email_stats" SET "generated" = $1 WHERE "id" = $2 [102, "343f06a0-8f2f-439d-8066-7f6f30b032e3"]
[90m↳ anonymous fn/3 in Ecto.Adapters.SQL.checkout_or_transaction/4, at: lib/ecto/adapters/sql.ex:1473[0m
[debug] QUERY OK db=0.3ms
commit []
[90m↳ Tempmail.Mail.increment_stat/1, at: lib/tempmail/mail.ex:485[0m
[debug] Replied in 5ms
[debug] MOUNT TempmailWeb.HomeLive
  Parameters: %{}
  Session: %{"_csrf_token" => "VRPr652P0fAteuzywL2a3Ow3"}
[debug] QUERY OK source="domains" db=0.4ms idle=1875.8ms
SELECT d0."id", d0."domain", d0."is_active", d0."is_default", d0."mailcow_id", d0."description", d0."inserted_at", d0."updated_at" FROM "domains" AS d0 WHERE (d0."is_active" = TRUE) ORDER BY d0."is_default" DESC, d0."domain" []
[90m↳ TempmailWeb.HomeLive.mount/3, at: lib/tempmail_web/live/home_live.ex:18[0m
[debug] QUERY OK source="domains" db=0.3ms queue=0.1ms idle=1876.5ms
SELECT d0."id", d0."domain", d0."is_active", d0."is_default", d0."mailcow_id", d0."description", d0."inserted_at", d0."updated_at" FROM "domains" AS d0 WHERE (d0."is_active" = TRUE) ORDER BY d0."is_default" DESC, d0."domain" []
[90m↳ Tempmail.Mail.choose_domain/1, at: lib/tempmail/mail.ex:64[0m
[debug] QUERY OK db=0.2ms idle=1879.6ms
begin []
[90m↳ Tempmail.Mail.increment_stat/1, at: lib/tempmail/mail.ex:485[0m
[debug] QUERY OK source="email_stats" db=0.2ms
SELECT e0."id", e0."date", e0."generated", e0."received", e0."domain_id", e0."inserted_at" FROM "email_stats" AS e0 WHERE ((e0."date" = $1) AND (e0."domain_id" IS NULL)) LIMIT 1 [~D[2026-05-15]]
[90m↳ anonymous fn/3 in Ecto.Adapters.SQL.checkout_or_transaction/4, at: lib/ecto/adapters/sql.ex:1473[0m
[debug] QUERY OK source="email_stats" db=0.1ms
UPDATE "email_stats" SET "generated" = $1 WHERE "id" = $2 [103, "343f06a0-8f2f-439d-8066-7f6f30b032e3"]
[90m↳ anonymous fn/3 in Ecto.Adapters.SQL.checkout_or_transaction/4, at: lib/ecto/adapters/sql.ex:1473[0m
[debug] QUERY OK db=0.2ms
commit []
[90m↳ Tempmail.Mail.increment_stat/1, at: lib/tempmail/mail.ex:485[0m
[debug] Replied in 5ms
[debug] Live reload: lib/tempmail_web/controllers/oauth_controller.ex
[debug] Live reload: lib/tempmail_web/controllers/oauth_controller.ex
[debug] Live reload: lib/tempmail_web/controllers/oauth_controller.ex
[debug] Live reload: lib/tempmail_web/controllers/oauth_controller.ex
[debug] Live reload: lib/tempmail_web/controllers/oauth_controller.ex
[debug] Live reload: lib/tempmail_web/controllers/oauth_controller.ex
Compiling 1 file (.ex)
Generated tempmail app
[info] GET /
[debug] Processing with TempmailWeb.HomeLive.index/2
  Parameters: %{}
  Pipelines: [:browser]
[debug] QUERY OK source="domains" db=0.4ms idle=1720.9ms
SELECT d0."id", d0."domain", d0."is_active", d0."is_default", d0."mailcow_id", d0."description", d0."inserted_at", d0."updated_at" FROM "domains" AS d0 WHERE (d0."is_active" = TRUE) ORDER BY d0."is_default" DESC, d0."domain" []
[90m↳ TempmailWeb.HomeLive.mount/3, at: lib/tempmail_web/live/home_live.ex:18[0m
[info] Sent 200 in 92ms
[info] GET /users/log_in
[debug] Processing with TempmailWeb.UserLoginLive.new/2
  Parameters: %{}
  Pipelines: [:browser, :redirect_if_user_is_authenticated]
[info] Sent 200 in 5ms
[info] GET /
[debug] Processing with TempmailWeb.HomeLive.index/2
  Parameters: %{}
  Pipelines: [:browser]
[debug] QUERY OK source="domains" db=0.4ms idle=1051.5ms
SELECT d0."id", d0."domain", d0."is_active", d0."is_default", d0."mailcow_id", d0."description", d0."inserted_at", d0."updated_at" FROM "domains" AS d0 WHERE (d0."is_active" = TRUE) ORDER BY d0."is_default" DESC, d0."domain" []
[90m↳ TempmailWeb.HomeLive.mount/3, at: lib/tempmail_web/live/home_live.ex:18[0m
[info] Sent 200 in 82ms
[info] CONNECTED TO Phoenix.LiveView.Socket in 0µs
  Transport: :websocket
  Serializer: Phoenix.Socket.V2.JSONSerializer
  Parameters: %{"_csrf_token" => "eRJlCmlRbhtzSjk-Rj96Nhd_Xx4xJFQI8K-aY88l4-HKrRMcpRljSf2Q", "_live_referer" => "undefined", "_mount_attempts" => "0", "_mounts" => "0", "_track_static" => %{"0" => "http://127.0.0.1:4001/assets/app.css", "1" => "http://127.0.0.1:4001/assets/app.js"}, "vsn" => "2.0.0"}
[debug] MOUNT TempmailWeb.UserLoginLive
  Parameters: %{}
  Session: %{"_csrf_token" => "AYHk0iVwGgqu4m7Ug-3tbBfY"}
[debug] Replied in 102µs
[info] CONNECTED TO Phoenix.LiveView.Socket in 0µs
  Transport: :websocket
  Serializer: Phoenix.Socket.V2.JSONSerializer
  Parameters: %{"_csrf_token" => "Y2EZJFxyHztIJDMnXB0AEA0EZxZCCiJ153IVjG-kxBrS9hzizHUwqEUF", "_live_referer" => "undefined", "_mount_attempts" => "0", "_mounts" => "0", "_track_static" => %{"0" => "http://localhost:4001/assets/app.css", "1" => "http://localhost:4001/assets/app.js"}, "vsn" => "2.0.0"}
[debug] MOUNT TempmailWeb.HomeLive
  Parameters: %{}
  Session: %{"_csrf_token" => "VRPr652P0fAteuzywL2a3Ow3"}
[debug] QUERY OK source="domains" db=0.4ms idle=1515.4ms
SELECT d0."id", d0."domain", d0."is_active", d0."is_default", d0."mailcow_id", d0."description", d0."inserted_at", d0."updated_at" FROM "domains" AS d0 WHERE (d0."is_active" = TRUE) ORDER BY d0."is_default" DESC, d0."domain" []
[90m↳ TempmailWeb.HomeLive.mount/3, at: lib/tempmail_web/live/home_live.ex:18[0m
[debug] QUERY OK source="domains" db=0.3ms queue=0.1ms idle=817.2ms
SELECT d0."id", d0."domain", d0."is_active", d0."is_default", d0."mailcow_id", d0."description", d0."inserted_at", d0."updated_at" FROM "domains" AS d0 WHERE (d0."is_active" = TRUE) ORDER BY d0."is_default" DESC, d0."domain" []
[90m↳ Tempmail.Mail.choose_domain/1, at: lib/tempmail/mail.ex:64[0m
[debug] QUERY OK db=0.2ms idle=819.3ms
begin []
[90m↳ Tempmail.Mail.increment_stat/1, at: lib/tempmail/mail.ex:485[0m
[debug] QUERY OK source="email_stats" db=0.3ms
SELECT e0."id", e0."date", e0."generated", e0."received", e0."domain_id", e0."inserted_at" FROM "email_stats" AS e0 WHERE ((e0."date" = $1) AND (e0."domain_id" IS NULL)) LIMIT 1 [~D[2026-05-15]]
[90m↳ anonymous fn/3 in Ecto.Adapters.SQL.checkout_or_transaction/4, at: lib/ecto/adapters/sql.ex:1473[0m
[debug] QUERY OK source="email_stats" db=0.3ms
UPDATE "email_stats" SET "generated" = $1 WHERE "id" = $2 [104, "343f06a0-8f2f-439d-8066-7f6f30b032e3"]
[90m↳ anonymous fn/3 in Ecto.Adapters.SQL.checkout_or_transaction/4, at: lib/ecto/adapters/sql.ex:1473[0m
[debug] QUERY OK db=0.3ms
commit []
[90m↳ Tempmail.Mail.increment_stat/1, at: lib/tempmail/mail.ex:485[0m
[debug] Replied in 5ms
[info] CONNECTED TO Phoenix.LiveView.Socket in 0µs
  Transport: :websocket
  Serializer: Phoenix.Socket.V2.JSONSerializer
  Parameters: %{"_csrf_token" => "EDgmGWUHXwh7UiYRKCUNTzgOCxUBGRBmFjvkS2mXK4geMPw6OB9t2VgU", "_live_referer" => "undefined", "_mount_attempts" => "0", "_mounts" => "0", "_track_static" => %{"0" => "http://localhost:4001/assets/app.css", "1" => "http://localhost:4001/assets/app.js"}, "vsn" => "2.0.0"}

Rebuilding...

Done in 52ms.
[debug] MOUNT TempmailWeb.HomeLive
  Parameters: %{}
  Session: %{"_csrf_token" => "VRPr652P0fAteuzywL2a3Ow3"}
[debug] QUERY OK source="domains" db=0.4ms queue=0.1ms idle=1074.4ms
SELECT d0."id", d0."domain", d0."is_active", d0."is_default", d0."mailcow_id", d0."description", d0."inserted_at", d0."updated_at" FROM "domains" AS d0 WHERE (d0."is_active" = TRUE) ORDER BY d0."is_default" DESC, d0."domain" []
[90m↳ TempmailWeb.HomeLive.mount/3, at: lib/tempmail_web/live/home_live.ex:18[0m
[debug] QUERY OK source="domains" db=0.3ms idle=1031.5ms
SELECT d0."id", d0."domain", d0."is_active", d0."is_default", d0."mailcow_id", d0."description", d0."inserted_at", d0."updated_at" FROM "domains" AS d0 WHERE (d0."is_active" = TRUE) ORDER BY d0."is_default" DESC, d0."domain" []
[90m↳ Tempmail.Mail.choose_domain/1, at: lib/tempmail/mail.ex:64[0m
[debug] QUERY OK db=0.3ms idle=1035.0ms
begin []
[90m↳ Tempmail.Mail.increment_stat/1, at: lib/tempmail/mail.ex:485[0m
[debug] QUERY OK source="email_stats" db=0.3ms
SELECT e0."id", e0."date", e0."generated", e0."received", e0."domain_id", e0."inserted_at" FROM "email_stats" AS e0 WHERE ((e0."date" = $1) AND (e0."domain_id" IS NULL)) LIMIT 1 [~D[2026-05-15]]
[90m↳ anonymous fn/3 in Ecto.Adapters.SQL.checkout_or_transaction/4, at: lib/ecto/adapters/sql.ex:1473[0m
[debug] QUERY OK source="email_stats" db=0.3ms
UPDATE "email_stats" SET "generated" = $1 WHERE "id" = $2 [105, "343f06a0-8f2f-439d-8066-7f6f30b032e3"]
[90m↳ anonymous fn/3 in Ecto.Adapters.SQL.checkout_or_transaction/4, at: lib/ecto/adapters/sql.ex:1473[0m
[debug] QUERY OK db=0.4ms
commit []
[90m↳ Tempmail.Mail.increment_stat/1, at: lib/tempmail/mail.ex:485[0m
[debug] Replied in 6ms
[warning] navigate event to "http://localhost:4001/users/log_in" failed because you are redirecting across live_sessions. A full page reload will be performed instead
[info] GET /users/log_in
[debug] Processing with TempmailWeb.UserLoginLive.new/2
  Parameters: %{}
  Pipelines: [:browser, :redirect_if_user_is_authenticated]
[info] Sent 200 in 2ms
[info] CONNECTED TO Phoenix.LiveView.Socket in 0µs
  Transport: :websocket
  Serializer: Phoenix.Socket.V2.JSONSerializer
  Parameters: %{"_csrf_token" => "DwIhIl5cbSdfJA8FUAA9EAAeXCIKAR1CYPqPhi_woBNq5uGiwRnC9Njq", "_live_referer" => "undefined", "_mount_attempts" => "0", "_mounts" => "0", "_track_static" => %{"0" => "http://localhost:4001/assets/app.css", "1" => "http://localhost:4001/assets/app.js"}, "vsn" => "2.0.0"}
[debug] MOUNT TempmailWeb.UserLoginLive
  Parameters: %{}
  Session: %{"_csrf_token" => "VRPr652P0fAteuzywL2a3Ow3"}
[debug] Replied in 102µs
[info] GET /auth/google
[debug] Processing with TempmailWeb.OAuthController.request/2
  Parameters: %{"provider" => "google"}
  Pipelines: [:browser]
[info] Sent 302 in 307µs
[info] GET /users/log_in
[debug] Processing with TempmailWeb.UserLoginLive.new/2
  Parameters: %{}
  Pipelines: [:browser, :redirect_if_user_is_authenticated]
[info] Sent 200 in 3ms
[info] CONNECTED TO Phoenix.LiveView.Socket in 0µs
  Transport: :websocket
  Serializer: Phoenix.Socket.V2.JSONSerializer
  Parameters: %{"_csrf_token" => "Oh8WBQVCfCBnBDMcUD8CNC4qewpEFRV8lMFw3wNpWbrh5JxMYfIkwZbO", "_live_referer" => "undefined", "_mount_attempts" => "0", "_mounts" => "0", "_track_static" => %{"0" => "http://localhost:4001/assets/app.css", "1" => "http://localhost:4001/assets/app.js"}, "vsn" => "2.0.0"}
[debug] MOUNT TempmailWeb.UserLoginLive
  Parameters: %{}
  Session: %{"_csrf_token" => "VRPr652P0fAteuzywL2a3Ow3"}
[debug] Replied in 102µs
[debug] MOUNT TempmailWeb.UserRegistrationLive
  Parameters: %{}
  Session: %{"_csrf_token" => "VRPr652P0fAteuzywL2a3Ow3"}
[debug] Replied in 2ms
[debug] MOUNT TempmailWeb.UserLoginLive
  Parameters: %{}
  Session: %{"_csrf_token" => "VRPr652P0fAteuzywL2a3Ow3"}
[debug] Replied in 102µs
[debug] Live reload: priv/static/assets/app.css
[debug] Live reload: priv/static/assets/app.css
[debug] Live reload: priv/static/assets/app.css
[debug] Live reload: priv/static/assets/app.css
[debug] Live reload: priv/static/assets/app.css
[debug] Live reload: priv/static/assets/app.css
[debug] Live reload: priv/static/assets/app.js
[debug] Live reload: priv/static/assets/app.js
[debug] Live reload: priv/static/assets/app.js
[debug] Live reload: priv/static/assets/app.js
[debug] Live reload: priv/static/assets/app.js
[debug] Live reload: priv/static/assets/app.js
[info] GET /users/log_in
[debug] Processing with TempmailWeb.UserLoginLive.new/2
  Parameters: %{}
  Pipelines: [:browser, :redirect_if_user_is_authenticated]
[info] Sent 200 in 5ms
[info] GET /users/log_in
[debug] Processing with TempmailWeb.UserLoginLive.new/2
  Parameters: %{}
  Pipelines: [:browser, :redirect_if_user_is_authenticated]
[info] Sent 200 in 3ms
[info] CONNECTED TO Phoenix.LiveView.Socket in 102µs
  Transport: :websocket
  Serializer: Phoenix.Socket.V2.JSONSerializer
  Parameters: %{"_csrf_token" => "BQZ6H3NbF0QDDjAXeRlFGCBCfBlRCTIYD_2tC2A3DiAbMtrMGoOm3KTA", "_live_referer" => "undefined", "_mount_attempts" => "0", "_mounts" => "0", "_track_static" => %{"0" => "http://127.0.0.1:4001/assets/app.css", "1" => "http://127.0.0.1:4001/assets/app.js"}, "vsn" => "2.0.0"}
[debug] MOUNT TempmailWeb.UserLoginLive
  Parameters: %{}
  Session: %{"_csrf_token" => "AYHk0iVwGgqu4m7Ug-3tbBfY"}
[debug] Replied in 102µs
[info] CONNECTED TO Phoenix.LiveView.Socket in 0µs
  Transport: :websocket
  Serializer: Phoenix.Socket.V2.JSONSerializer
  Parameters: %{"_csrf_token" => "AQcFRV9jbTpnNBsiFUw0HA9_YApHOkVKWUU7iV_jWRZVp9Nex3Rktu2y", "_live_referer" => "undefined", "_mount_attempts" => "0", "_mounts" => "0", "_track_static" => %{"0" => "http://localhost:4001/assets/app.css", "1" => "http://localhost:4001/assets/app.js"}, "vsn" => "2.0.0"}
[debug] MOUNT TempmailWeb.UserLoginLive
  Parameters: %{}
  Session: %{"_csrf_token" => "VRPr652P0fAteuzywL2a3Ow3"}
[debug] Replied in 102µs
[info] GET /
[debug] Processing with TempmailWeb.HomeLive.index/2
  Parameters: %{}
  Pipelines: [:browser]
[debug] QUERY OK source="domains" db=0.3ms idle=600.8ms
SELECT d0."id", d0."domain", d0."is_active", d0."is_default", d0."mailcow_id", d0."description", d0."inserted_at", d0."updated_at" FROM "domains" AS d0 WHERE (d0."is_active" = TRUE) ORDER BY d0."is_default" DESC, d0."domain" []
[90m↳ TempmailWeb.HomeLive.mount/3, at: lib/tempmail_web/live/home_live.ex:18[0m
[info] Sent 200 in 38ms
[info] CONNECTED TO Phoenix.LiveView.Socket in 102µs
  Transport: :websocket
  Serializer: Phoenix.Socket.V2.JSONSerializer
  Parameters: %{"_csrf_token" => "bwMxNHxeVx9SUTUkEkAuSyUYXVdkKz9h9QaFJkeOb7tPw5T2RTo6WdHR", "_live_referer" => "undefined", "_mount_attempts" => "0", "_mounts" => "0", "_track_static" => %{"0" => "http://localhost:4001/assets/app.css", "1" => "http://localhost:4001/assets/app.js"}, "vsn" => "2.0.0"}
[debug] MOUNT TempmailWeb.HomeLive
  Parameters: %{}
  Session: %{"_csrf_token" => "VRPr652P0fAteuzywL2a3Ow3"}
[debug] QUERY OK source="domains" db=0.4ms idle=1111.2ms
SELECT d0."id", d0."domain", d0."is_active", d0."is_default", d0."mailcow_id", d0."description", d0."inserted_at", d0."updated_at" FROM "domains" AS d0 WHERE (d0."is_active" = TRUE) ORDER BY d0."is_default" DESC, d0."domain" []
[90m↳ TempmailWeb.HomeLive.mount/3, at: lib/tempmail_web/live/home_live.ex:18[0m
[debug] QUERY OK source="domains" db=0.3ms queue=0.1ms idle=1007.9ms
SELECT d0."id", d0."domain", d0."is_active", d0."is_default", d0."mailcow_id", d0."description", d0."inserted_at", d0."updated_at" FROM "domains" AS d0 WHERE (d0."is_active" = TRUE) ORDER BY d0."is_default" DESC, d0."domain" []
[90m↳ Tempmail.Mail.choose_domain/1, at: lib/tempmail/mail.ex:64[0m
[debug] QUERY OK db=0.3ms idle=1010.8ms
begin []
[90m↳ Tempmail.Mail.increment_stat/1, at: lib/tempmail/mail.ex:485[0m
[debug] QUERY OK source="email_stats" db=0.3ms decode=0.1ms
SELECT e0."id", e0."date", e0."generated", e0."received", e0."domain_id", e0."inserted_at" FROM "email_stats" AS e0 WHERE ((e0."date" = $1) AND (e0."domain_id" IS NULL)) LIMIT 1 [~D[2026-05-15]]
[90m↳ anonymous fn/3 in Ecto.Adapters.SQL.checkout_or_transaction/4, at: lib/ecto/adapters/sql.ex:1473[0m
[debug] QUERY OK source="email_stats" db=0.3ms
UPDATE "email_stats" SET "generated" = $1 WHERE "id" = $2 [106, "343f06a0-8f2f-439d-8066-7f6f30b032e3"]
[90m↳ anonymous fn/3 in Ecto.Adapters.SQL.checkout_or_transaction/4, at: lib/ecto/adapters/sql.ex:1473[0m
[debug] QUERY OK db=0.3ms
commit []
[90m↳ Tempmail.Mail.increment_stat/1, at: lib/tempmail/mail.ex:485[0m
[debug] Replied in 5ms
[info] GET /auth/google
[debug] Processing with TempmailWeb.OAuthController.request/2
  Parameters: %{"provider" => "google"}
  Pipelines: [:browser]
[info] Sent 302 in 307µs
[info] GET /users/log_in
[debug] Processing with TempmailWeb.UserLoginLive.new/2
  Parameters: %{}
  Pipelines: [:browser, :redirect_if_user_is_authenticated]
[info] Sent 200 in 2ms
[info] CONNECTED TO Phoenix.LiveView.Socket in 0µs
  Transport: :websocket
  Serializer: Phoenix.Socket.V2.JSONSerializer
  Parameters: %{"_csrf_token" => "NQYCPGYBSAJUDCoAHAc-LxgnARdZfyF6cTRNP4zRdjktyrDVok3vj0VI", "_live_referer" => "undefined", "_mount_attempts" => "0", "_mounts" => "0", "_track_static" => %{"0" => "http://localhost:4001/assets/app.css", "1" => "http://localhost:4001/assets/app.js"}, "vsn" => "2.0.0"}
[debug] MOUNT TempmailWeb.UserLoginLive
  Parameters: %{}
  Session: %{"_csrf_token" => "VRPr652P0fAteuzywL2a3Ow3"}
[debug] Replied in 102µs
[info] GET /users/log_in
[debug] Processing with TempmailWeb.UserLoginLive.new/2
  Parameters: %{}
  Pipelines: [:browser, :redirect_if_user_is_authenticated]
[info] Sent 200 in 3ms
[info] CONNECTED TO Phoenix.LiveView.Socket in 0µs
  Transport: :websocket
  Serializer: Phoenix.Socket.V2.JSONSerializer
  Parameters: %{"_csrf_token" => "Oyt6I0EjOiIEFhAPfh0BJFZadTsILgEMzr2HqJlUCqazJp6q1wFOjlgU", "_live_referer" => "undefined", "_mount_attempts" => "0", "_mounts" => "0", "_track_static" => %{"0" => "http://127.0.0.1:4001/assets/app.css", "1" => "http://127.0.0.1:4001/assets/app.js"}, "vsn" => "2.0.0"}
[debug] MOUNT TempmailWeb.UserLoginLive
  Parameters: %{}
  Session: %{"_csrf_token" => "AYHk0iVwGgqu4m7Ug-3tbBfY"}
[debug] Replied in 102µs
[info] GET /users/log_in
[debug] Processing with TempmailWeb.UserLoginLive.new/2
  Parameters: %{}
  Pipelines: [:browser, :redirect_if_user_is_authenticated]
[info] Sent 200 in 4ms
[info] CONNECTED TO Phoenix.LiveView.Socket in 0µs
  Transport: :websocket
  Serializer: Phoenix.Socket.V2.JSONSerializer
  Parameters: %{"_csrf_token" => "Gyc8GntUQAZnNXYtUhgUO0QEXQhgCUUAMulhMarVWS7Y7mnB3HoiSF23", "_live_referer" => "undefined", "_mount_attempts" => "0", "_mounts" => "0", "_track_static" => %{"0" => "http://localhost:4001/assets/app.css", "1" => "http://localhost:4001/assets/app.js"}, "vsn" => "2.0.0"}
[debug] MOUNT TempmailWeb.UserLoginLive
  Parameters: %{}
  Session: %{"_csrf_token" => "VRPr652P0fAteuzywL2a3Ow3"}
[debug] Replied in 102µs
[error] ** (Bandit.TransportError) Unrecoverable error: timeout
[error] ** (Bandit.TransportError) Unrecoverable error: timeout
